index,name,group,tvgId,streamUrl,status,savedPath,sourceUrl,imageFormat,width,height,bytes,candidatesTried,reason
1,Moldova 1 HD MD,Moldova,,http://c137c781.rossteleccom.net/iptv/WLSHARFG8FUEKR/19451/index.m3u8,saved,output/channel-logos-moldovenesti-full-v2/logos/0001-moldova-1-hd-md.png,http://iptvx.one/picons/cinema1-md.png,png,200,200,16813,6,
2,Moldova 2 HD MD,Moldova,,http://c137c781.rossteleccom.net/iptv/WLSHARFG8FUEKR/19439/index.m3u8,saved,output/channel-logos-moldovenesti-full-v2/logos/0002-moldova-2-hd-md.png,http://iptvx.one/picons/moldova-2.png,png,200,200,12051,2,
3,Jurnal TV HD MD,Moldova,,http://c137c781.rossteleccom.net/iptv/WLSHARFG8FUEKR/19443/index.m3u8,saved,output/channel-logos-moldovenesti-full-v2/logos/0003-jurnal-tv-hd-md.png,http://iptvx.one/picons/noroc-tv-md.png,png,200,200,17674,8,
4,TV8 HD MD,Moldova,,http://c137c781.rossteleccom.net/iptv/WLSHARFG8FUEKR/19449/index.m3u8,saved,output/channel-logos-moldovenesti-full-v2/logos/0004-tv8-hd-md.png,http://iptvx.one/picons/tv8-tr.png,png,200,200,34483,7,
5,Pro TV Chisinau HD MD,Moldova,,http://c137c781.rossteleccom.net/iptv/WLSHARFG8FUEKR/19452/index.m3u8,saved,output/channel-logos-moldovenesti-full-v2/logos/0005-pro-tv-chisinau-hd-md.png,http://iptvx.one/picons/pro-tv-md.png,png,200,200,11624,4,
6,Realitatea Live HD MD,Moldova,,http://c137c781.rossteleccom.net/iptv/WLSHARFG8FUEKR/31894/index.m3u8,saved,output/channel-logos-moldovenesti-full-v2/logos/0006-realitatea-live-hd-md.png,http://epg.one/img/9783.png,png,165,165,10137,1,
7,Global 24 HD MD,Moldova,,http://c137c781.rossteleccom.net/iptv/WLSHARFG8FUEKR/19450/index.m3u8,saved,output/channel-logos-moldovenesti-full-v2/logos/0007-global-24-hd-md.png,http://epg.one/img/7823.png,png,165,165,10108,1,
8,N4 MD,Moldova,2789,http://c137c781.rossteleccom.net/iptv/WLSHARFG8FUEKR/2460/index.m3u8,saved,output/channel-logos-moldovenesti-full-v2/logos/0008-n4-md.png,http://iptvx.one/picons/n4.png,png,200,200,13682,4,
9,Moldova TV MD,Moldova,9773,http://c137c781.rossteleccom.net/iptv/WLSHARFG8FUEKR/2453/index.m3u8,saved,output/channel-logos-moldovenesti-full-v2/logos/0009-moldova-tv-md.png,http://iptvx.one/picons/noroc-tv-md.png,png,200,200,17674,8,
10,GRT MD,Moldova,9777,http://c137c781.rossteleccom.net/iptv/WLSHARFG8FUEKR/2448/index.m3u8,saved,output/channel-logos-moldovenesti-full-v2/logos/0010-grt-md.png,http://epg.one/img/9777.png,png,165,165,21560,3,
11,TVR Moldova MD,Moldova,7824,http://c137c781.rossteleccom.net/iptv/WLSHARFG8FUEKR/2464/index.m3u8,saved,output/channel-logos-moldovenesti-full-v2/logos/0011-tvr-moldova-md.png,http://epg.one/img/7824.png,png,165,165,10884,3,
12,Regional TV MD,Moldova,11494,http://c137c781.rossteleccom.net/iptv/WLSHARFG8FUEKR/31900/index.m3u8,saved,output/channel-logos-moldovenesti-full-v2/logos/0012-regional-tv-md.png,http://iptvx.one/picons/noroc-tv-md.png,png,200,200,17674,8,
13,Studio-L MD,Moldova,11497,http://c137c781.rossteleccom.net/iptv/WLSHARFG8FUEKR/31903/index.m3u8,saved,output/channel-logos-moldovenesti-full-v2/logos/0013-studio-l-md.png,http://epg.one/img/11497.png,png,165,165,11037,3,
14,1TV,Moldova,1TV.cz,http://c137c781.rossteleccom.net/iptv/WLSHARFG8FUEKR/2466/index.m3u8,saved,output/channel-logos-moldovenesti-full-v2/logos/0014-1tv.png,http://www.sms.cz/kategorie/televize/bmp/loga/velka/1TV.png,png,54,71,2581,3,
15,Vocea Basarabiei HD MD,Moldova,,http://c137c781.rossteleccom.net/iptv/WLSHARFG8FUEKR/19444/index.m3u8,saved,output/channel-logos-moldovenesti-full-v2/logos/0015-vocea-basarabiei-hd-md.png,http://epg.one/img/9774.png,png,165,165,17914,1,
16,TVR 1 MD,Moldova,,http://c137c781.rossteleccom.net/iptv/WLSHARFG8FUEKR/5026/index.m3u8,saved,output/channel-logos-moldovenesti-full-v2/logos/0016-tvr-1-md.png,http://iptvx.one/picons/cinema1-md.png,png,200,200,16813,8,
17,Cinema 1 HD MD,Moldova,491412,http://c137c781.rossteleccom.net/iptv/WLSHARFG8FUEKR/19445/index.m3u8,saved,output/channel-logos-moldovenesti-full-v2/logos/0017-cinema-1-hd-md.png,http://epg.pw/media/images/epg/2026/01/06/20260106025333601179_54.png,png,200,200,16813,8,
18,7TV MD,Moldova,9772,http://c137c781.rossteleccom.net/iptv/WLSHARFG8FUEKR/2455/index.m3u8,saved,output/channel-logos-moldovenesti-full-v2/logos/0018-7tv-md.png,http://iptvx.one/picons/7tv.png,png,200,200,60940,4,
19,TV Nord HD MD,Moldova,88054,http://c137c781.rossteleccom.net/iptv/WLSHARFG8FUEKR/2459/index.m3u8,saved,output/channel-logos-moldovenesti-full-v2/logos/0019-tv-nord-hd-md.png,http://epg.one/img/88054.png,png,165,165,12124,3,
20,Busuioc TV MD,Moldova,9779,http://c137c781.rossteleccom.net/iptv/WLSHARFG8FUEKR/2461/index.m3u8,saved,output/channel-logos-moldovenesti-full-v2/logos/0020-busuioc-tv-md.png,http://iptvx.one/picons/noroc-tv-md.png,png,200,200,17674,8,
21,Euronews Romania MD,Moldova,9780,http://c137c781.rossteleccom.net/iptv/WLSHARFG8FUEKR/2462/index.m3u8,saved,output/channel-logos-moldovenesti-full-v2/logos/0021-euronews-romania-md.png,http://epg.one/img/9780.png,png,165,165,20391,3,
22,Noroc TV MD,Moldova,,http://c137c781.rossteleccom.net/iptv/WLSHARFG8FUEKR/2473/index.m3u8,saved,output/channel-logos-moldovenesti-full-v2/logos/0022-noroc-tv-md.png,http://iptvx.one/picons/noroc-tv-md.png,png,200,200,17674,8,
23,TVC 21 MD,Moldova,2849,http://c137c781.rossteleccom.net/iptv/WLSHARFG8FUEKR/2458/index.m3u8,saved,output/channel-logos-moldovenesti-full-v2/logos/0023-tvc-21-md.png,http://iptvx.one/picons/tvc-21.png,png,200,200,17059,4,
24,Exclusiv TV MD,Moldova,416557,http://c137c781.rossteleccom.net/iptv/WLSHARFG8FUEKR/2463/index.m3u8,saved,output/channel-logos-moldovenesti-full-v2/logos/0024-exclusiv-tv-md.png,http://iptvx.one/picons/noroc-tv-md.png,png,200,200,17674,8,
25,Disney Channel MD,Moldova,,http://c137c781.rossteleccom.net/iptv/WLSHARFG8FUEKR/2468/index.m3u8,saved,output/channel-logos-moldovenesti-full-v2/logos/0025-disney-channel-md.png,http://iptvx.one/picons/disney-c.png,png,200,200,16125,8,
26,Gurinel TV MD,Moldova,,http://c137c781.rossteleccom.net/iptv/WLSHARFG8FUEKR/2469/index.m3u8,saved,output/channel-logos-moldovenesti-full-v2/logos/0026-gurinel-tv-md.png,http://iptvx.one/picons/noroc-tv-md.png,png,200,200,17674,8,
27,Zona M MD,Moldova,2855,http://c137c781.rossteleccom.net/iptv/WLSHARFG8FUEKR/2470/index.m3u8,saved,output/channel-logos-moldovenesti-full-v2/logos/0027-zona-m-md.png,http://epg.one/img/2855.png,png,165,165,26884,3,
28,Tezaur HD MD,Moldova,,http://c137c781.rossteleccom.net/iptv/WLSHARFG8FUEKR/19440/index.m3u8,saved,output/channel-logos-moldovenesti-full-v2/logos/0028-tezaur-hd-md.png,http://epg.one/img/7821.png,png,165,165,9771,1,
29,One TV HD MD,Moldova,,http://c137c781.rossteleccom.net/iptv/WLSHARFG8FUEKR/19446/index.m3u8,saved,output/channel-logos-moldovenesti-full-v2/logos/0029-one-tv-hd-md.png,http://iptvx.one/picons/noroc-tv-md.png,png,200,200,17674,8,
30,Agro TV HD MD,Moldova,,http://c137c781.rossteleccom.net/iptv/WLSHARFG8FUEKR/19448/index.m3u8,saved,output/channel-logos-moldovenesti-full-v2/logos/0030-agro-tv-hd-md.png,http://iptvx.one/picons/noroc-tv-md.png,png,200,200,17674,8,
31,Premiera TV MD,Moldova,11491,http://c137c781.rossteleccom.net/iptv/WLSHARFG8FUEKR/31895/index.m3u8,saved,output/channel-logos-moldovenesti-full-v2/logos/0031-premiera-tv-md.png,http://iptvx.one/picons/noroc-tv-md.png,png,200,200,17674,8,
32,Popas TV MD,Moldova,11493,http://c137c781.rossteleccom.net/iptv/WLSHARFG8FUEKR/31899/index.m3u8,saved,output/channel-logos-moldovenesti-full-v2/logos/0032-popas-tv-md.png,http://iptvx.one/picons/noroc-tv-md.png,png,200,200,17674,8,
33,Sor TV MD,Moldova,11495,http://c137c781.rossteleccom.net/iptv/WLSHARFG8FUEKR/31901/index.m3u8,saved,output/channel-logos-moldovenesti-full-v2/logos/0033-sor-tv-md.png,http://iptvx.one/picons/noroc-tv-md.png,png,200,200,17674,8,
34,Star TV HD MD,Moldova,,http://c137c781.rossteleccom.net/iptv/WLSHARFG8FUEKR/31902/index.m3u8,saved,output/channel-logos-moldovenesti-full-v2/logos/0034-star-tv-hd-md.png,http://iptvx.one/picons/star-tv-hd-tr.png,png,200,200,35862,8,
35,Setanta Moldova FHD,Moldova,,http://c137c781.rossteleccom.net/iptv/WLSHARFG8FUEKR/20074/index.m3u8,saved,output/channel-logos-moldovenesti-full-v2/logos/0035-setanta-moldova-fhd.png,http://epg.one/img/7244.png,png,165,165,10175,1,
36,We Sport TV HD MD,Moldova,,http://c137c781.rossteleccom.net/iptv/WLSHARFG8FUEKR/31904/index.m3u8,saved,output/channel-logos-moldovenesti-full-v2/logos/0036-we-sport-tv-hd-md.png,http://iptvx.one/picons/sport3-slo.png,png,200,200,8134,8,
37,Pro TV RO,Romania,3739,http://c137c781.rossteleccom.net/iptv/WLSHARFG8FUEKR/6997/index.m3u8,saved,output/channel-logos-moldovenesti-full-v2/logos/0037-pro-tv-ro.png,http://iptvx.one/picons/pro-tv-md.png,png,200,200,11624,8,
38,Pro TV International RO,Romania,,http://c137c781.rossteleccom.net/iptv/WLSHARFG8FUEKR/7055/index.m3u8,saved,output/channel-logos-moldovenesti-full-v2/logos/0038-pro-tv-international-ro.png,http://iptvx.one/picons/pro-tv-md.png,png,200,200,11624,5,
39,Antena 1 HD RO,Romania,3744,http://c137c781.rossteleccom.net/iptv/WLSHARFG8FUEKR/7002/index.m3u8,saved,output/channel-logos-moldovenesti-full-v2/logos/0039-antena-1-hd-ro.png,http://iptvx.one/picons/antena1hd-ro.png,png,200,200,16329,8,
40,Kanal D HD RO,Romania,3726,http://c137c781.rossteleccom.net/iptv/WLSHARFG8FUEKR/6984/index.m3u8,saved,output/channel-logos-moldovenesti-full-v2/logos/0040-kanal-d-hd-ro.png,http://iptvx.one/picons/kanal-d-hd.png,png,200,200,31032,6,
41,Romania TV RO,Romania,3701,http://c137c781.rossteleccom.net/iptv/WLSHARFG8FUEKR/6959/index.m3u8,saved,output/channel-logos-moldovenesti-full-v2/logos/0041-romania-tv-ro.png,http://iptvx.one/picons/kiss-tv-ro.png,png,200,200,17082,8,
42,Antena 3 CNN HD RO,Romania,,http://c137c781.rossteleccom.net/iptv/WLSHARFG8FUEKR/7003/index.m3u8,saved,output/channel-logos-moldovenesti-full-v2/logos/0042-antena-3-cnn-hd-ro.png,http://epg.one/img/3745.png,png,165,165,9546,2,
43,Realitatea Plus RO,Romania,3700,http://c137c781.rossteleccom.net/iptv/WLSHARFG8FUEKR/6958/index.m3u8,saved,output/channel-logos-moldovenesti-full-v2/logos/0043-realitatea-plus-ro.png,http://epg.one/img/3689.png,png,165,165,26047,4,
44,Happy Channel HD RO,Romania,3777,http://c137c781.rossteleccom.net/iptv/WLSHARFG8FUEKR/7035/index.m3u8,saved,output/channel-logos-moldovenesti-full-v2/logos/0044-happy-channel-hd-ro.png,http://iptvx.one/picons/music-channel-ro.png,png,200,200,10745,8,
45,Antena Stars HD RO,Romania,3746,http://c137c781.rossteleccom.net/iptv/WLSHARFG8FUEKR/7004/index.m3u8,saved,output/channel-logos-moldovenesti-full-v2/logos/0045-antena-stars-hd-ro.png,http://epg.one/img/3746.png,png,165,165,9233,3,
46,DIGI Sport 1 HD RO,Romania,2907,http://c137c781.rossteleccom.net/iptv/WLSHARFG8FUEKR/2523/index.m3u8,saved,output/channel-logos-moldovenesti-full-v2/logos/0046-digi-sport-1-hd-ro.png,http://iptvx.one/picons/digisport1.png,png,200,200,10688,8,
47,DIGI 24 HD RO,Romania,,http://c137c781.rossteleccom.net/iptv/WLSHARFG8FUEKR/7009/index.m3u8,saved,output/channel-logos-moldovenesti-full-v2/logos/0047-digi-24-hd-ro.png,http://epg.one/img/3751.png,png,165,165,6703,1,
48,Film Cafe RO,Romania,3695,http://c137c781.rossteleccom.net/iptv/WLSHARFG8FUEKR/6953/index.m3u8,saved,output/channel-logos-moldovenesti-full-v2/logos/0048-film-cafe-ro.png,http://epg.one/img/3695.png,png,165,165,23208,3,
49,Pro Cinema RO,Romania,3693,http://c137c781.rossteleccom.net/iptv/WLSHARFG8FUEKR/6951/index.m3u8,saved,output/channel-logos-moldovenesti-full-v2/logos/0049-pro-cinema-ro.png,http://epg.one/img/3693.png,png,165,165,23350,3,
50,AMC RO,Romania,3691,http://c137c781.rossteleccom.net/iptv/WLSHARFG8FUEKR/6949/index.m3u8,saved,output/channel-logos-moldovenesti-full-v2/logos/0050-amc-ro.png,http://iptvx.one/picons/amc.png,png,200,200,20439,6,
51,TVR 1 HD RO,Romania,3740,http://c137c781.rossteleccom.net/iptv/WLSHARFG8FUEKR/6998/index.m3u8,saved,output/channel-logos-moldovenesti-full-v2/logos/0051-tvr-1-hd-ro.png,http://iptvx.one/picons/antena1hd-ro.png,png,200,200,16329,8,
52,Prima TV RO,Romania,3737,http://c137c781.rossteleccom.net/iptv/WLSHARFG8FUEKR/6995/index.m3u8,saved,output/channel-logos-moldovenesti-full-v2/logos/0052-prima-tv-ro.png,http://iptvx.one/picons/kiss-tv-ro.png,png,200,200,17082,8,
53,AXN White RO,Romania,3692,http://c137c781.rossteleccom.net/iptv/WLSHARFG8FUEKR/6950/index.m3u8,saved,output/channel-logos-moldovenesti-full-v2/logos/0053-axn-white-ro.png,http://iptvx.one/picons/axn-white-pl.png,png,200,200,9078,4,
54,AXN Black RO,Romania,3694,http://c137c781.rossteleccom.net/iptv/WLSHARFG8FUEKR/6952/index.m3u8,saved,output/channel-logos-moldovenesti-full-v2/logos/0054-axn-black-ro.png,http://iptvx.one/picons/axn-black-pl.png,png,200,200,8685,5,
55,AXN HD RO,Romania,,http://c137c781.rossteleccom.net/iptv/WLSHARFG8FUEKR/7008/index.m3u8,saved,output/channel-logos-moldovenesti-full-v2/logos/0055-axn-hd-ro.png,http://iptvx.one/picons/axn-pl.png,png,200,200,6306,4,
56,AXN Spin RO,Romania,,http://c137c781.rossteleccom.net/iptv/WLSHARFG8FUEKR/7012/index.m3u8,saved,output/channel-logos-moldovenesti-full-v2/logos/0056-axn-spin-ro.png,http://iptvx.one/picons/axn-spin-pl.png,png,200,200,8015,2,
57,National TV RO,Romania,3725,http://c137c781.rossteleccom.net/iptv/WLSHARFG8FUEKR/6983/index.m3u8,saved,output/channel-logos-moldovenesti-full-v2/logos/0057-national-tv-ro.png,http://iptvx.one/picons/national-tv.png,png,200,200,10535,8,
58,Diva RO,Romania,3758,http://c137c781.rossteleccom.net/iptv/WLSHARFG8FUEKR/7016/index.m3u8,saved,output/channel-logos-moldovenesti-full-v2/logos/0058-diva-ro.png,http://epg.one/img/3758.png,png,165,165,10473,3,
59,TVR 2 RO,Romania,3684,http://c137c781.rossteleccom.net/iptv/WLSHARFG8FUEKR/6942/index.m3u8,saved,output/channel-logos-moldovenesti-full-v2/logos/0059-tvr-2-ro.png,http://iptvx.one/picons/tvr2.png,png,200,200,12818,8,
60,Etno RO,Romania,3769,http://c137c781.rossteleccom.net/iptv/WLSHARFG8FUEKR/7027/index.m3u8,saved,output/channel-logos-moldovenesti-full-v2/logos/0060-etno-ro.png,http://epg.one/img/3769.png,png,165,165,10006,3,
61,TVR 3 RO,Romania,3685,http://c137c781.rossteleccom.net/iptv/WLSHARFG8FUEKR/6943/index.m3u8,saved,output/channel-logos-moldovenesti-full-v2/logos/0061-tvr-3-ro.png,http://iptvx.one/picons/digisport3.png,png,200,200,10652,8,
62,E! HD RO,Romania,,http://c137c781.rossteleccom.net/iptv/WLSHARFG8FUEKR/6093/index.m3u8,saved,output/channel-logos-moldovenesti-full-v2/logos/0062-e-hd-ro.png,http://static.g-cdn.app/streams/e-il.png,png,220,132,3043,2,
63,Cinethronix RO,Romania,5703,http://c137c781.rossteleccom.net/iptv/WLSHARFG8FUEKR/15251/index.m3u8,saved,output/channel-logos-moldovenesti-full-v2/logos/0063-cinethronix-ro.png,http://epg.one/img/5703.png,png,165,165,9525,3,
64,DIGI Sport 2 HD RO,Romania,2906,http://c137c781.rossteleccom.net/iptv/WLSHARFG8FUEKR/2522/index.m3u8,saved,output/channel-logos-moldovenesti-full-v2/logos/0064-digi-sport-2-hd-ro.png,http://iptvx.one/picons/digisport1.png,png,200,200,10688,8,
65,DIGI Sport 3 HD RO,Romania,2908,http://c137c781.rossteleccom.net/iptv/WLSHARFG8FUEKR/2524/index.m3u8,saved,output/channel-logos-moldovenesti-full-v2/logos/0065-digi-sport-3-hd-ro.png,http://iptvx.one/picons/digisport1.png,png,200,200,10688,8,
66,DIGI Sport 4 HD RO,Romania,2922,http://c137c781.rossteleccom.net/iptv/WLSHARFG8FUEKR/2538/index.m3u8,saved,output/channel-logos-moldovenesti-full-v2/logos/0066-digi-sport-4-hd-ro.png,http://iptvx.one/picons/digisport1.png,png,200,200,10688,8,
67,TV1000 RO,Romania,,http://c137c781.rossteleccom.net/iptv/WLSHARFG8FUEKR/6944/index.m3u8,saved,output/channel-logos-moldovenesti-full-v2/logos/0067-tv1000-ro.png,http://iptvx.one/picons/tv1000.png,png,200,200,7853,4,
68,Acasă Gold RO,Romania,7833,http://c137c781.rossteleccom.net/iptv/WLSHARFG8FUEKR/6945/index.m3u8,saved,output/channel-logos-moldovenesti-full-v2/logos/0068-acasa-gold-ro.png,http://epg.one/img/7833.png,png,165,165,11065,3,
69,Alfa Omega TV RO,Romania,,http://c137c781.rossteleccom.net/iptv/WLSHARFG8FUEKR/6946/index.m3u8,saved,output/channel-logos-moldovenesti-full-v2/logos/0069-alfa-omega-tv-ro.png,http://iptvx.one/picons/kiss-tv-ro.png,png,200,200,17082,8,
70,National 24 Plus RO,Romania,3689,http://c137c781.rossteleccom.net/iptv/WLSHARFG8FUEKR/6947/index.m3u8,saved,output/channel-logos-moldovenesti-full-v2/logos/0070-national-24-plus-ro.png,http://epg.one/img/3689.png,png,165,165,26047,4,
71,FilmBox RO,Romania,,http://c137c781.rossteleccom.net/iptv/WLSHARFG8FUEKR/6948/index.m3u8,saved,output/channel-logos-moldovenesti-full-v2/logos/0071-filmbox-ro.png,http://iptvx.one/picons/filmbox-ru.png,png,200,200,25042,2,
72,Travel Mix HD RO,Romania,,http://c137c781.rossteleccom.net/iptv/WLSHARFG8FUEKR/6954/index.m3u8,saved,output/channel-logos-moldovenesti-full-v2/logos/0072-travel-mix-hd-ro.png,http://epg.one/img/3696.png,png,165,165,38093,1,
73,TV Paprika RO,Romania,3697,http://c137c781.rossteleccom.net/iptv/WLSHARFG8FUEKR/6955/index.m3u8,saved,output/channel-logos-moldovenesti-full-v2/logos/0073-tv-paprika-ro.png,http://epg.one/img/3697.png,png,165,165,10138,3,
74,Investigation Discovery RO,Romania,3699,http://c137c781.rossteleccom.net/iptv/WLSHARFG8FUEKR/6957/index.m3u8,saved,output/channel-logos-moldovenesti-full-v2/logos/0074-investigation-discovery-ro.png,http://iptvx.one/picons/idxtra.png,png,200,200,19605,8,
75,Minimax RO,Romania,3702,http://c137c781.rossteleccom.net/iptv/WLSHARFG8FUEKR/6960/index.m3u8,saved,output/channel-logos-moldovenesti-full-v2/logos/0075-minimax-ro.png,http://epg.one/img/3702.png,png,165,165,30915,3,
76,JimJam RO,Romania,3703,http://c137c781.rossteleccom.net/iptv/WLSHARFG8FUEKR/6961/index.m3u8,saved,output/channel-logos-moldovenesti-full-v2/logos/0076-jimjam-ro.png,http://iptvx.one/picons/jimjam-pl.png,png,200,200,33157,5,
77,Kiss TV RO,Romania,3704,http://c137c781.rossteleccom.net/iptv/WLSHARFG8FUEKR/6962/index.m3u8,saved,output/channel-logos-moldovenesti-full-v2/logos/0077-kiss-tv-ro.png,http://iptvx.one/picons/kiss-tv-ro.png,png,200,200,17082,8,
78,Music Channel RO,Romania,Music.Channel.(ro).cz,http://c137c781.rossteleccom.net/iptv/WLSHARFG8FUEKR/6963/index.m3u8,saved,output/channel-logos-moldovenesti-full-v2/logos/0078-music-channel-ro.png,http://iptvx.one/picons/bg-music-channel.png,png,200,200,13421,8,
79,Disney Channel RO,Romania,3707,http://c137c781.rossteleccom.net/iptv/WLSHARFG8FUEKR/6965/index.m3u8,saved,output/channel-logos-moldovenesti-full-v2/logos/0079-disney-channel-ro.png,http://iptvx.one/picons/disney-c.png,png,200,200,16125,8,
80,Cartoon Network RO,Romania,3708,http://c137c781.rossteleccom.net/iptv/WLSHARFG8FUEKR/6966/index.m3u8,saved,output/channel-logos-moldovenesti-full-v2/logos/0080-cartoon-network-ro.png,http://iptvx.one/picons/cartoon-network.png,png,200,200,11252,8,
81,Disney Jr. RO,Romania,,http://c137c781.rossteleccom.net/iptv/WLSHARFG8FUEKR/6967/index.m3u8,saved,output/channel-logos-moldovenesti-full-v2/logos/0081-disney-jr-ro.png,http://iptvx.one/picons/disney-jr.png,png,200,200,13947,7,
82,Discovery Channel RO,Romania,,http://c137c781.rossteleccom.net/iptv/WLSHARFG8FUEKR/6968/index.m3u8,saved,output/channel-logos-moldovenesti-full-v2/logos/0082-discovery-channel-ro.png,http://iptvx.one/picons/discovery-channel.png,png,200,200,36903,8,
83,TLC RO,Romania,,http://c137c781.rossteleccom.net/iptv/WLSHARFG8FUEKR/6969/index.m3u8,saved,output/channel-logos-moldovenesti-full-v2/logos/0083-tlc-ro.png,http://iptvx.one/picons/tlc.png,png,200,200,9039,8,
84,TeenNick RO,Romania,,http://c137c781.rossteleccom.net/iptv/WLSHARFG8FUEKR/6971/index.m3u8,saved,output/channel-logos-moldovenesti-full-v2/logos/0084-teennick-ro.png,http://epg.one/img/5095.png,png,165,165,8661,1,
85,Nickelodeon RO,Romania,3714,http://c137c781.rossteleccom.net/iptv/WLSHARFG8FUEKR/6972/index.m3u8,saved,output/channel-logos-moldovenesti-full-v2/logos/0085-nickelodeon-ro.png,http://iptvx.one/picons/nickelodeon-ru.png,png,200,200,14538,8,
86,Cartoonito RO,Romania,,http://c137c781.rossteleccom.net/iptv/WLSHARFG8FUEKR/6974/index.m3u8,saved,output/channel-logos-moldovenesti-full-v2/logos/0086-cartoonito-ro.png,http://static.g-cdn.app/streams/cartoonito-hd.png,png,220,132,10500,2,
87,Mooz RO! RO,Romania,88049,http://c137c781.rossteleccom.net/iptv/WLSHARFG8FUEKR/6977/index.m3u8,saved,output/channel-logos-moldovenesti-full-v2/logos/0087-mooz-ro-ro.png,http://iptvx.one/picons/mooz-ro.png,png,200,200,9912,4,
88,Favorit TV RO,Romania,3721,http://c137c781.rossteleccom.net/iptv/WLSHARFG8FUEKR/6979/index.m3u8,saved,output/channel-logos-moldovenesti-full-v2/logos/0088-favorit-tv-ro.png,http://iptvx.one/picons/kiss-tv-ro.png,png,200,200,17082,8,
89,Viasat History RO,Romania,3722,http://c137c781.rossteleccom.net/iptv/WLSHARFG8FUEKR/6980/index.m3u8,saved,output/channel-logos-moldovenesti-full-v2/logos/0089-viasat-history-ro.png,http://iptvx.one/picons/polsat-viasat-history.png,png,200,200,12316,8,
90,Viasat Explore RO,Romania,3723,http://c137c781.rossteleccom.net/iptv/WLSHARFG8FUEKR/6981/index.m3u8,saved,output/channel-logos-moldovenesti-full-v2/logos/0090-viasat-explore-ro.png,http://iptvx.one/picons/polsat-viasat-explore.png,png,200,200,12365,8,
91,CineMax 2 RO,Romania,3724,http://c137c781.rossteleccom.net/iptv/WLSHARFG8FUEKR/6982/index.m3u8,saved,output/channel-logos-moldovenesti-full-v2/logos/0091-cinemax-2-ro.png,http://iptvx.one/picons/cinemax2.png,png,200,200,25471,8,
92,CineMax HD RO,Romania,3727,http://c137c781.rossteleccom.net/iptv/WLSHARFG8FUEKR/6985/index.m3u8,saved,output/channel-logos-moldovenesti-full-v2/logos/0092-cinemax-hd-ro.png,http://iptvx.one/picons/cinemax.png,png,200,200,11813,4,
93,HBO HD RO,Romania,3728,http://c137c781.rossteleccom.net/iptv/WLSHARFG8FUEKR/6986/index.m3u8,saved,output/channel-logos-moldovenesti-full-v2/logos/0093-hbo-hd-ro.png,http://iptvx.one/picons/hbo-hd.png,png,200,200,19247,5,
94,HBO 3 HD RO,Romania,3729,http://c137c781.rossteleccom.net/iptv/WLSHARFG8FUEKR/6987/index.m3u8,saved,output/channel-logos-moldovenesti-full-v2/logos/0094-hbo-3-hd-ro.png,http://iptvx.one/picons/digisport3.png,png,200,200,10652,8,
95,Acasă TV HD RO,Romania,7835,http://c137c781.rossteleccom.net/iptv/WLSHARFG8FUEKR/6988/index.m3u8,saved,output/channel-logos-moldovenesti-full-v2/logos/0095-acasa-tv-hd-ro.png,http://iptvx.one/picons/kiss-tv-ro.png,png,200,200,17082,8,
96,Animal Planet HD RO,Romania,3731,http://c137c781.rossteleccom.net/iptv/WLSHARFG8FUEKR/6989/index.m3u8,saved,output/channel-logos-moldovenesti-full-v2/logos/0096-animal-planet-hd-ro.png,http://iptvx.one/picons/animal-planet-eu.png,png,200,200,13231,8,
97,Pro Arena HD RO,Romania,7836,http://c137c781.rossteleccom.net/iptv/WLSHARFG8FUEKR/6990/index.m3u8,saved,output/channel-logos-moldovenesti-full-v2/logos/0097-pro-arena-hd-ro.png,http://iptvx.one/picons/pro-arena.png,png,200,200,7557,4,
98,National Geographic HD RO,Romania,,http://c137c781.rossteleccom.net/iptv/WLSHARFG8FUEKR/6991/index.m3u8,saved,output/channel-logos-moldovenesti-full-v2/logos/0098-national-geographic-hd-ro.png,http://iptvx.one/picons/national-geographic.png,png,200,200,30817,8,
99,Eurosport 1 HD RO,Romania,3734,http://c137c781.rossteleccom.net/iptv/WLSHARFG8FUEKR/6992/index.m3u8,saved,output/channel-logos-moldovenesti-full-v2/logos/0099-eurosport-1-hd-ro.png,http://iptvx.one/picons/eurosport1.png,png,200,200,9294,8,
100,Bucuresti 1 TV RO,Romania,3736,http://c137c781.rossteleccom.net/iptv/WLSHARFG8FUEKR/6994/index.m3u8,saved,output/channel-logos-moldovenesti-full-v2/logos/0100-bucuresti-1-tv-ro.png,http://epg.one/img/3794.png,png,165,165,31748,8,
101,FilmBox Extra HD RO,Romania,3738,http://c137c781.rossteleccom.net/iptv/WLSHARFG8FUEKR/6996/index.m3u8,saved,output/channel-logos-moldovenesti-full-v2/logos/0101-filmbox-extra-hd-ro.png,http://iptvx.one/picons/sport-extra-ro.png,png,200,200,13295,6,
102,Film Now HD RO,Romania,3741,http://c137c781.rossteleccom.net/iptv/WLSHARFG8FUEKR/6999/index.m3u8,saved,output/channel-logos-moldovenesti-full-v2/logos/0102-film-now-hd-ro.png,http://epg.one/img/3741.png,png,165,165,24654,3,
103,TVR International HD RO,Romania,,http://c137c781.rossteleccom.net/iptv/WLSHARFG8FUEKR/7000/index.m3u8,saved,output/channel-logos-moldovenesti-full-v2/logos/0103-tvr-international-hd-ro.png,http://epg.one/img/3797.png,png,165,165,11957,2,
104,HBO 2 HD RO,Romania,3747,http://c137c781.rossteleccom.net/iptv/WLSHARFG8FUEKR/7005/index.m3u8,saved,output/channel-logos-moldovenesti-full-v2/logos/0104-hbo-2-hd-ro.png,http://iptvx.one/picons/tvr2.png,png,200,200,12818,8,
105,History HD RO,Romania,3748,http://c137c781.rossteleccom.net/iptv/WLSHARFG8FUEKR/7006/index.m3u8,saved,output/channel-logos-moldovenesti-full-v2/logos/0105-history-hd-ro.png,http://iptvx.one/picons/history-pl.png,png,200,200,14626,8,
106,National Geographic Wild HD RO,Romania,,http://c137c781.rossteleccom.net/iptv/WLSHARFG8FUEKR/7010/index.m3u8,saved,output/channel-logos-moldovenesti-full-v2/logos/0106-national-geographic-wild-hd-ro.png,http://iptvx.one/picons/nat-geo-wild-pl.png,png,200,200,24660,8,
107,Mezzo RO,Romania,,http://c137c781.rossteleccom.net/iptv/WLSHARFG8FUEKR/7011/index.m3u8,saved,output/channel-logos-moldovenesti-full-v2/logos/0107-mezzo-ro.png,http://iptvx.one/picons/mezzo-live-hd.png,png,200,200,8869,4,
108,Taraf TV RO,Romania,,http://c137c781.rossteleccom.net/iptv/WLSHARFG8FUEKR/7022/index.m3u8,saved,output/channel-logos-moldovenesti-full-v2/logos/0108-taraf-tv-ro.png,http://iptvx.one/picons/kiss-tv-ro.png,png,200,200,17082,8,
109,Agro TV RO,Romania,3765,http://c137c781.rossteleccom.net/iptv/WLSHARFG8FUEKR/7023/index.m3u8,saved,output/channel-logos-moldovenesti-full-v2/logos/0109-agro-tv-ro.png,http://iptvx.one/picons/agro-tv-md.png,png,200,200,16999,8,
110,Hora TV RO,Romania,3766,http://c137c781.rossteleccom.net/iptv/WLSHARFG8FUEKR/7024/index.m3u8,saved,output/channel-logos-moldovenesti-full-v2/logos/0110-hora-tv-ro.png,http://iptvx.one/picons/kiss-tv-ro.png,png,200,200,17082,8,
111,Comedy Central RO,Romania,3767,http://c137c781.rossteleccom.net/iptv/WLSHARFG8FUEKR/7025/index.m3u8,saved,output/channel-logos-moldovenesti-full-v2/logos/0111-comedy-central-ro.png,http://iptvx.one/picons/comedy-central-pl.png,png,200,200,28217,8,
112,Mooz Hits RO,Romania,88057,http://c137c781.rossteleccom.net/iptv/WLSHARFG8FUEKR/7026/index.m3u8,saved,output/channel-logos-moldovenesti-full-v2/logos/0112-mooz-hits-ro.png,http://iptvx.one/picons/mooz-hits-ro.png,png,200,200,9682,4,
113,MTV RO,Romania,3773,http://c137c781.rossteleccom.net/iptv/WLSHARFG8FUEKR/7031/index.m3u8,saved,output/channel-logos-moldovenesti-full-v2/logos/0113-mtv-ro.png,http://iptvx.one/picons/mtv-live-us.png,png,200,200,8972,8,
114,BBC Earth HD RO,Romania,,http://c137c781.rossteleccom.net/iptv/WLSHARFG8FUEKR/7032/index.m3u8,saved,output/channel-logos-moldovenesti-full-v2/logos/0114-bbc-earth-hd-ro.png,http://iptvx.one/picons/bbc-earth.png,png,200,200,5945,4,
115,Warner TV RO,Romania,,http://c137c781.rossteleccom.net/iptv/WLSHARFG8FUEKR/7033/index.m3u8,saved,output/channel-logos-moldovenesti-full-v2/logos/0115-warner-tv-ro.png,http://iptvx.one/picons/warner-pl.png,png,200,200,18002,8,
116,ZU TV HD RO,Romania,488246,http://c137c781.rossteleccom.net/iptv/WLSHARFG8FUEKR/7034/index.m3u8,saved,output/channel-logos-moldovenesti-full-v2/logos/0116-zu-tv-hd-ro.png,http://epg.pw/media/images/epg/2025/12/24/20251224022725582157_33.png,png,200,200,25173,8,
117,UTV HD RO,Romania,6717,http://c137c781.rossteleccom.net/iptv/WLSHARFG8FUEKR/7036/index.m3u8,saved,output/channel-logos-moldovenesti-full-v2/logos/0117-utv-hd-ro.png,http://epg.pw/media/images/epg/2024/06/08/20240608023325695432_40.png,png,200,200,28984,8,
118,Viasat Nature HD RO,Romania,3779,http://c137c781.rossteleccom.net/iptv/WLSHARFG8FUEKR/7037/index.m3u8,saved,output/channel-logos-moldovenesti-full-v2/logos/0118-viasat-nature-hd-ro.png,http://iptvx.one/picons/polsat-viasat-nature.png,png,200,200,12700,8,
119,DIGI Animal World HD RO,Romania,,http://c137c781.rossteleccom.net/iptv/WLSHARFG8FUEKR/7038/index.m3u8,saved,output/channel-logos-moldovenesti-full-v2/logos/0119-digi-animal-world-hd-ro.png,http://iptvx.one/picons/digiworld.png,png,200,200,10825,3,
120,DIGI Life HD RO,Romania,3781,http://c137c781.rossteleccom.net/iptv/WLSHARFG8FUEKR/7039/index.m3u8,saved,output/channel-logos-moldovenesti-full-v2/logos/0120-digi-life-hd-ro.png,http://epg.one/img/3781.png,png,165,165,22520,3,
121,DIGI World HD RO,Romania,6375,http://c137c781.rossteleccom.net/iptv/WLSHARFG8FUEKR/7040/index.m3u8,saved,output/channel-logos-moldovenesti-full-v2/logos/0121-digi-world-hd-ro.png,http://epg.pw/media/images/epg/2024/06/08/20240608024009519522_67.png,png,200,200,10825,6,
122,Nick Jr. RO,Romania,,http://c137c781.rossteleccom.net/iptv/WLSHARFG8FUEKR/7042/index.m3u8,saved,output/channel-logos-moldovenesti-full-v2/logos/0122-nick-jr-ro.png,http://iptvx.one/picons/nick-jr.png,png,200,200,25195,8,
123,FilmBox Premium HD RO,Romania,,http://c137c781.rossteleccom.net/iptv/WLSHARFG8FUEKR/7043/index.m3u8,saved,output/channel-logos-moldovenesti-full-v2/logos/0123-filmbox-premium-hd-ro.png,http://iptvx.one/picons/filmbox-premium-pl.png,png,200,200,38304,2,
124,FilmBox Family HD RO,Romania,,http://c137c781.rossteleccom.net/iptv/WLSHARFG8FUEKR/7044/index.m3u8,saved,output/channel-logos-moldovenesti-full-v2/logos/0124-filmbox-family-hd-ro.png,http://iptvx.one/picons/filmbox-family-pl.png,png,200,200,9628,2,
125,Food Network RO,Romania,3788,http://c137c781.rossteleccom.net/iptv/WLSHARFG8FUEKR/7046/index.m3u8,saved,output/channel-logos-moldovenesti-full-v2/logos/0125-food-network-ro.png,http://iptvx.one/picons/food-network.png,png,200,200,19181,8,
126,Trinitas TV RO,Romania,,http://c137c781.rossteleccom.net/iptv/WLSHARFG8FUEKR/7047/index.m3u8,saved,output/channel-logos-moldovenesti-full-v2/logos/0126-trinitas-tv-ro.png,http://iptvx.one/picons/kiss-tv-ro.png,png,200,200,17082,8,
127,DocuBox HD RO,Romania,,http://c137c781.rossteleccom.net/iptv/WLSHARFG8FUEKR/7049/index.m3u8,saved,output/channel-logos-moldovenesti-full-v2/logos/0127-docubox-hd-ro.png,http://iptvx.one/picons/docubox-hd.png,png,200,200,15381,3,
128,Fashion TV RO,Romania,3793,http://c137c781.rossteleccom.net/iptv/WLSHARFG8FUEKR/7051/index.m3u8,saved,output/channel-logos-moldovenesti-full-v2/logos/0128-fashion-tv-ro.png,http://iptvx.one/picons/ftv4k.png,png,200,200,12957,8,
129,Credo TV RO,Romania,3794,http://c137c781.rossteleccom.net/iptv/WLSHARFG8FUEKR/7052/index.m3u8,saved,output/channel-logos-moldovenesti-full-v2/logos/0129-credo-tv-ro.png,http://iptvx.one/picons/kiss-tv-ro.png,png,200,200,17082,8,
130,CBS Reality RO,Romania,3795,http://c137c781.rossteleccom.net/iptv/WLSHARFG8FUEKR/7053/index.m3u8,saved,output/channel-logos-moldovenesti-full-v2/logos/0130-cbs-reality-ro.png,http://epg.one/img/3795.png,png,165,165,27299,3,
131,Bollywood RO,Romania,,http://c137c781.rossteleccom.net/iptv/WLSHARFG8FUEKR/7054/index.m3u8,saved,output/channel-logos-moldovenesti-full-v2/logos/0131-bollywood-ro.png,http://iptvx.one/picons/bollywood-hd.png,png,200,200,9265,3,
132,Epic Drama RO,Romania,3799,http://c137c781.rossteleccom.net/iptv/WLSHARFG8FUEKR/7057/index.m3u8,saved,output/channel-logos-moldovenesti-full-v2/logos/0132-epic-drama-ro.png,http://iptvx.one/picons/epik-drama.png,png,200,200,28049,6,
133,Prima Sport 1 HD RO,Romania,7840,http://c137c781.rossteleccom.net/iptv/WLSHARFG8FUEKR/7059/index.m3u8,saved,output/channel-logos-moldovenesti-full-v2/logos/0133-prima-sport-1-hd-ro.png,http://iptvx.one/picons/prima-sport-3.png,png,200,200,10605,8,
134,Prima Sport 2 HD RO,Romania,7841,http://c137c781.rossteleccom.net/iptv/WLSHARFG8FUEKR/7060/index.m3u8,saved,output/channel-logos-moldovenesti-full-v2/logos/0134-prima-sport-2-hd-ro.png,http://iptvx.one/picons/prima-sport-3.png,png,200,200,10605,8,
135,Россия 24,Stiri,rossija24,http://c137c781.rossteleccom.net/iptv/WLSHARFG8FUEKR/507/index.m3u8,saved,output/channel-logos-moldovenesti-full-v2/logos/0135-россия-24.png,http://iptvx.one/picons/rossia-24.png,png,200,200,6917,8,
136,Мир 24 HD,Stiri,mir-24-hd,http://c137c781.rossteleccom.net/iptv/WLSHARFG8FUEKR/2107/index.m3u8,saved,output/channel-logos-moldovenesti-full-v2/logos/0136-мир-24-hd.png,http://iptvx.one/picons/mir24.png,png,200,200,30208,6,
137,NHK World HD JP,Stiri,,http://c137c781.rossteleccom.net/iptv/WLSHARFG8FUEKR/729/index.m3u8,saved,output/channel-logos-moldovenesti-full-v2/logos/0137-nhk-world-hd-jp.png,http://iptvx.one/picons/nhk-world.png,png,200,200,21977,2,
138,CGTN,Stiri,CGTN.HD.my,http://c137c781.rossteleccom.net/iptv/WLSHARFG8FUEKR/830/index.m3u8,saved,output/channel-logos-moldovenesti-full-v2/logos/0138-cgtn.png,http://iptvx.one/picons/cgtn.png,png,200,200,7901,4,
139,100% News UA,Stiri,,http://c137c781.rossteleccom.net/iptv/WLSHARFG8FUEKR/16041/index.m3u8,saved,output/channel-logos-moldovenesti-full-v2/logos/0139-100-news-ua.png,http://epg.one/img/103.png,png,165,165,17886,1,
140,BBC One HD UK,Stiri,,http://c137c781.rossteleccom.net/iptv/WLSHARFG8FUEKR/19176/index.m3u8,saved,output/channel-logos-moldovenesti-full-v2/logos/0140-bbc-one-hd-uk.png,http://static.g-cdn.app/streams/bbc1-uk-hd.png,png,220,132,5603,2,
141,BBC Two HD UK,Stiri,,http://c137c781.rossteleccom.net/iptv/WLSHARFG8FUEKR/19177/index.m3u8,saved,output/channel-logos-moldovenesti-full-v2/logos/0141-bbc-two-hd-uk.png,http://static.g-cdn.app/streams/bbc2-uk-hd.png,png,220,132,16680,2,
142,BBC Alba UK,Stiri,,http://c137c781.rossteleccom.net/iptv/WLSHARFG8FUEKR/19179/index.m3u8,saved,output/channel-logos-moldovenesti-full-v2/logos/0142-bbc-alba-uk.png,http://epg.one/img/6594.png,png,165,165,21169,1,
143,НТВ Сериал,Filme,ntv-serial,http://c137c781.rossteleccom.net/iptv/WLSHARFG8FUEKR/744/index.m3u8,saved,output/channel-logos-moldovenesti-full-v2/logos/0143-нтв-сериал.png,https://iptvx.one/picons/ntv-serial.png,png,200,200,8816,5,
144,Мир Сериала,Filme,mir-seriala,http://c137c781.rossteleccom.net/iptv/WLSHARFG8FUEKR/856/index.m3u8,saved,output/channel-logos-moldovenesti-full-v2/logos/0144-мир-сериала.png,https://iptvx.one/picons/mir-seriala.png,png,200,200,40664,5,
145,Триколор Мир без границ,Filme,,http://c137c781.rossteleccom.net/iptv/WLSHARFG8FUEKR/18130/index.m3u8,saved,output/channel-logos-moldovenesti-full-v2/logos/0145-триколор-мир-без-границ.png,http://iptvx.one/picons/zal-05-tricolor.png,png,200,200,19880,3,
146,Yosso TV 4K HDR,Filme,8931,http://c137c781.rossteleccom.net/iptv/WLSHARFG8FUEKR/31620/index.m3u8,saved,output/channel-logos-moldovenesti-full-v2/logos/0146-yosso-tv-4k-hdr.png,http://iptvx.one/picons/c-holiday.png,png,200,200,26718,8,
147,Magic Russian HD,Filme,8754,http://c137c781.rossteleccom.net/iptv/WLSHARFG8FUEKR/31630/index.m3u8,saved,output/channel-logos-moldovenesti-full-v2/logos/0147-magic-russian-hd.png,http://iptvx.one/picons/magic-russian.png,png,200,200,25074,4,
148,BOX Apocalypse HD,Filme,490976,http://c137c781.rossteleccom.net/iptv/WLSHARFG8FUEKR/31655/index.m3u8,saved,output/channel-logos-moldovenesti-full-v2/logos/0148-box-apocalypse-hd.png,http://epg.pw/media/images/epg/2026/01/04/20260104020808959308_16.png,png,200,200,11339,5,
149,BOX Remast+ 4K,Filme,7492,http://c137c781.rossteleccom.net/iptv/WLSHARFG8FUEKR/31656/index.m3u8,saved,output/channel-logos-moldovenesti-full-v2/logos/0149-box-remast-4k.png,http://iptvx.one/picons/box-remast-4k.png,png,200,200,13073,6,
150,VeleS 60fps,Filme,458899,http://c137c781.rossteleccom.net/iptv/WLSHARFG8FUEKR/31637/index.m3u8,saved,output/channel-logos-moldovenesti-full-v2/logos/0150-veles-60fps.png,http://epg.pw/media/images/epg/2025/09/23/20250923024611017076_95.png,png,200,200,8536,5,
151,VeleS Premiere,Filme,8763,http://c137c781.rossteleccom.net/iptv/WLSHARFG8FUEKR/31641/index.m3u8,saved,output/channel-logos-moldovenesti-full-v2/logos/0151-veles-premiere.png,http://iptvx.one/picons/veles-prem.png,png,200,200,9027,4,
152,VeleS Movie Hits,Filme,8766,http://c137c781.rossteleccom.net/iptv/WLSHARFG8FUEKR/31644/index.m3u8,saved,output/channel-logos-moldovenesti-full-v2/logos/0152-veles-movie-hits.png,http://iptvx.one/picons/veles-mh.png,png,200,200,9322,4,
153,BOX Serial 4K,Filme,6703,http://c137c781.rossteleccom.net/iptv/WLSHARFG8FUEKR/31657/index.m3u8,saved,output/channel-logos-moldovenesti-full-v2/logos/0153-box-serial-4k.png,http://iptvx.one/picons/box-serial.png,png,200,200,13841,7,
154,Viasat Kino World HD,Filme,tv1000-world-kino-hd,http://c137c781.rossteleccom.net/iptv/WLSHARFG8FUEKR/31448/index.m3u8,saved,output/channel-logos-moldovenesti-full-v2/logos/0154-viasat-kino-world-hd.png,http://iptvx.one/picons/vip-comedy-cee.png,png,200,200,9327,8,
155,BCU Premium Kinozakaz+ 4K HDR,Filme,,http://c137c781.rossteleccom.net/iptv/WLSHARFG8FUEKR/31547/index.m3u8,saved,output/channel-logos-moldovenesti-full-v2/logos/0155-bcu-premium-kinozakaz-4k-hdr.png,http://iptvx.one/picons/bcu-premium-kinozakaz-plus-4k-hdr.png,png,200,200,13771,8,
156,BCU Premium Premiere+ 4K HDR,Filme,,http://c137c781.rossteleccom.net/iptv/WLSHARFG8FUEKR/31549/index.m3u8,saved,output/channel-logos-moldovenesti-full-v2/logos/0156-bcu-premium-premiere-4k-hdr.png,http://iptvx.one/picons/bcu-premium-antistress-4k-hdr.png,png,200,200,13740,8,
157,FX HD,Filme,fox-hd,http://c137c781.rossteleccom.net/iptv/WLSHARFG8FUEKR/19216/index.m3u8,saved,output/channel-logos-moldovenesti-full-v2/logos/0157-fx-hd.png,http://iptvx.one/picons/fx-tr.png,png,200,200,4743,6,
158,Romance HD,Filme,romance-hd,http://c137c781.rossteleccom.net/iptv/WLSHARFG8FUEKR/2037/index.m3u8,saved,output/channel-logos-moldovenesti-full-v2/logos/0158-romance-hd.png,http://iptvx.one/picons/romance.png,png,200,200,27947,6,
159,Suspense HD,Filme,suspense-hd,http://c137c781.rossteleccom.net/iptv/WLSHARFG8FUEKR/2049/index.m3u8,saved,output/channel-logos-moldovenesti-full-v2/logos/0159-suspense-hd.png,http://iptvx.one/picons/suspense.png,png,200,200,33319,5,
160,Sumiko HD,Filme,9181,http://c137c781.rossteleccom.net/iptv/WLSHARFG8FUEKR/2163/index.m3u8,saved,output/channel-logos-moldovenesti-full-v2/logos/0160-sumiko-hd.png,http://iptvx.one/picons/sumiko.png,png,200,200,8983,4,
161,KinoLiving,Filme,kinoliving-hd,http://c137c781.rossteleccom.net/iptv/WLSHARFG8FUEKR/16018/index.m3u8,saved,output/channel-logos-moldovenesti-full-v2/logos/0161-kinoliving.png,http://iptvx.one/picons/kinoliving.png,png,200,200,14370,5,
162,Viasat Serial HD,Filme,viasat-serial-hd,http://c137c781.rossteleccom.net/iptv/WLSHARFG8FUEKR/17056/index.m3u8,saved,output/channel-logos-moldovenesti-full-v2/logos/0162-viasat-serial-hd.png,http://iptvx.one/picons/viasat-serial.png,png,200,200,9208,5,
163,.black HD,Filme,black-hd,http://c137c781.rossteleccom.net/iptv/WLSHARFG8FUEKR/20019/index.m3u8,saved,output/channel-logos-moldovenesti-full-v2/logos/0163-black-hd.png,http://static.g-cdn.app/streams/black-hd.png,png,220,132,7617,4,
164,.sci-fi HD,Filme,sci-fi-hd,http://c137c781.rossteleccom.net/iptv/WLSHARFG8FUEKR/20020/index.m3u8,saved,output/channel-logos-moldovenesti-full-v2/logos/0164-sci-fi-hd.png,http://iptvx.one/picons/scifi-pl.png,png,200,200,10223,8,
165,Scream HD,Filme,scream-hd,http://c137c781.rossteleccom.net/iptv/WLSHARFG8FUEKR/20021/index.m3u8,saved,output/channel-logos-moldovenesti-full-v2/logos/0165-scream-hd.png,http://iptvx.one/picons/scream.png,png,200,200,19287,6,
166,Shot TV HD,Filme,egoist-tv-hd,http://c137c781.rossteleccom.net/iptv/WLSHARFG8FUEKR/20022/index.m3u8,saved,output/channel-logos-moldovenesti-full-v2/logos/0166-shot-tv-hd.png,http://iptvx.one/picons/shot-tv.png,png,200,200,11980,6,
167,4ever Drama HD UA,Filme,,http://c137c781.rossteleccom.net/iptv/WLSHARFG8FUEKR/17051/index.m3u8,saved,output/channel-logos-moldovenesti-full-v2/logos/0167-4ever-drama-hd-ua.png,http://iptvx.one/picons/4ever-drama.png,png,200,200,42819,4,
168,NOW Series HD,Filme,9074,http://c137c781.rossteleccom.net/iptv/WLSHARFG8FUEKR/15102/index.m3u8,saved,output/channel-logos-moldovenesti-full-v2/logos/0168-now-series-hd.png,http://iptvx.one/picons/now-series.png,png,200,200,16336,4,
169,FilmZone Plus HD EE,Filme,,http://c137c781.rossteleccom.net/iptv/WLSHARFG8FUEKR/20025/index.m3u8,saved,output/channel-logos-moldovenesti-full-v2/logos/0169-filmzone-plus-hd-ee.png,http://iptvx.one/picons/filmzone-plus.png,png,200,200,17036,7,
170,VF New Year,Filme,5981,http://c137c781.rossteleccom.net/iptv/WLSHARFG8FUEKR/15522/index.m3u8,saved,output/channel-logos-moldovenesti-full-v2/logos/0170-vf-new-year.png,http://iptvx.one/picons/team-new-year.png,png,200,200,40018,7,
171,VF Disney Movie,Filme,7278,http://c137c781.rossteleccom.net/iptv/WLSHARFG8FUEKR/15010/index.m3u8,saved,output/channel-logos-moldovenesti-full-v2/logos/0171-vf-disney-movie.png,http://iptvx.one/picons/vf-disney-movie.png,png,200,200,16087,6,
172,Timeless Dizi Channel,Filme,timeless-dizi-channel-hd,http://c137c781.rossteleccom.net/iptv/WLSHARFG8FUEKR/14006/index.m3u8,saved,output/channel-logos-moldovenesti-full-v2/logos/0172-timeless-dizi-channel.png,http://iptvx.one/picons/timeless-dizi.png,png,200,200,10097,5,
173,TVR,Filme,,http://c137c781.rossteleccom.net/iptv/WLSHARFG8FUEKR/14022/index.m3u8,missing,,,,,,,0,no_candidate_logo_url
174,FX Life HD,Filme,fox-life-hd,http://c137c781.rossteleccom.net/iptv/WLSHARFG8FUEKR/14003/index.m3u8,saved,output/channel-logos-moldovenesti-full-v2/logos/0174-fx-life-hd.png,http://iptvx.one/picons/foxlife.png,png,200,200,6387,6,
175,MM Family Guy HD,Filme,,http://c137c781.rossteleccom.net/iptv/WLSHARFG8FUEKR/19414/index.m3u8,saved,output/channel-logos-moldovenesti-full-v2/logos/0175-mm-family-guy-hd.png,http://epg.one/img/6843.png,png,165,165,29380,1,
176,MM OldSchool HD,Filme,6842,http://c137c781.rossteleccom.net/iptv/WLSHARFG8FUEKR/19413/index.m3u8,saved,output/channel-logos-moldovenesti-full-v2/logos/0176-mm-oldschool-hd.png,http://iptvx.one/picons/minimax-oldschool.png,png,200,200,16097,4,
177,FAN HD,Filme,fan-hd,http://c137c781.rossteleccom.net/iptv/WLSHARFG8FUEKR/16021/index.m3u8,saved,output/channel-logos-moldovenesti-full-v2/logos/0177-fan-hd.png,http://iptvx.one/picons/fanhd.png,png,200,200,7785,4,
178,Amedia Hit HD,Filme,amedia-hit-hd,http://c137c781.rossteleccom.net/iptv/WLSHARFG8FUEKR/6010/index.m3u8,saved,output/channel-logos-moldovenesti-full-v2/logos/0178-amedia-hit-hd.png,http://iptvx.one/picons/amedia-hit.png,png,200,200,4102,7,
179,Ultra HD Cinema 4K,Filme,ultra-hd-cinema-4k,http://c137c781.rossteleccom.net/iptv/WLSHARFG8FUEKR/4000/index.m3u8,saved,output/channel-logos-moldovenesti-full-v2/logos/0179-ultra-hd-cinema-4k.png,http://iptvx.one/picons/ultra-hd-cinema.png,png,200,200,9881,5,
180,Viju+ Serial HD,Filme,vip-serial-hd,http://c137c781.rossteleccom.net/iptv/WLSHARFG8FUEKR/2443/index.m3u8,saved,output/channel-logos-moldovenesti-full-v2/logos/0180-viju-serial-hd.png,http://iptvx.one/picons/vip-serial.png,png,200,200,7891,6,
181,Amedia Premium HD,Filme,amedia-premium-hd,http://c137c781.rossteleccom.net/iptv/WLSHARFG8FUEKR/229/index.m3u8,saved,output/channel-logos-moldovenesti-full-v2/logos/0181-amedia-premium-hd.png,http://iptvx.one/picons/amedia-premium.png,png,200,200,6183,7,
182,Hollywood HD,Filme,mgm-hd,http://c137c781.rossteleccom.net/iptv/WLSHARFG8FUEKR/209/index.m3u8,saved,output/channel-logos-moldovenesti-full-v2/logos/0182-hollywood-hd.png,http://iptvx.one/picons/hollywood-hd.png,png,200,200,27578,5,
183,Bollywood HD,Filme,bollywood,http://c137c781.rossteleccom.net/iptv/WLSHARFG8FUEKR/239/index.m3u8,saved,output/channel-logos-moldovenesti-full-v2/logos/0183-bollywood-hd.png,http://iptvx.one/picons/bollywood-hd.png,png,200,200,9265,5,
184,Viju+ Premiere HD,Filme,vip-premiere-hd,http://c137c781.rossteleccom.net/iptv/WLSHARFG8FUEKR/202/index.m3u8,saved,output/channel-logos-moldovenesti-full-v2/logos/0184-viju-premiere-hd.png,http://iptvx.one/picons/vip-premiere.png,png,200,200,9876,6,
185,Viju+ Comedy HD,Filme,vip-comedy-hd,http://c137c781.rossteleccom.net/iptv/WLSHARFG8FUEKR/200/index.m3u8,saved,output/channel-logos-moldovenesti-full-v2/logos/0185-viju-comedy-hd.png,http://iptvx.one/picons/vip-comedy.png,png,200,200,7908,6,
186,Viju+ Megahit HD,Filme,vip-megahit-hd,http://c137c781.rossteleccom.net/iptv/WLSHARFG8FUEKR/201/index.m3u8,saved,output/channel-logos-moldovenesti-full-v2/logos/0186-viju-megahit-hd.png,http://iptvx.one/picons/vip-megahit.png,png,200,200,10006,6,
187,Epic Drama HD,Filme,7371,http://c137c781.rossteleccom.net/iptv/WLSHARFG8FUEKR/1048/index.m3u8,saved,output/channel-logos-moldovenesti-full-v2/logos/0187-epic-drama-hd.png,http://epg.pw/media/images/epg/2024/06/08/20240608033637132718_14.png,png,200,200,28049,7,
188,Amedia 2 HD,Filme,,http://c137c781.rossteleccom.net/iptv/WLSHARFG8FUEKR/2046/index.m3u8,saved,output/channel-logos-moldovenesti-full-v2/logos/0188-amedia-2-hd.png,http://iptvx.one/picons/amedia2.png,png,200,200,9645,4,
189,Amedia 1,Filme,,http://c137c781.rossteleccom.net/iptv/WLSHARFG8FUEKR/554/index.m3u8,saved,output/channel-logos-moldovenesti-full-v2/logos/0189-amedia-1.png,http://iptvx.one/picons/amedia1.png,png,200,200,8625,2,
190,FilmBox,Filme,Filmbox.ro,http://c137c781.rossteleccom.net/iptv/WLSHARFG8FUEKR/1071/index.m3u8,saved,output/channel-logos-moldovenesti-full-v2/logos/0190-filmbox.svg,http://program-tv.ro/images/filmbox.svg,svg,132,99,2363,5,
191,.red HD,Filme,set-hd,http://c137c781.rossteleccom.net/iptv/WLSHARFG8FUEKR/2062/index.m3u8,saved,output/channel-logos-moldovenesti-full-v2/logos/0191-red-hd.png,http://static.g-cdn.app/streams/set-hd.png,png,220,132,6709,4,
192,Viju TV1000 Action HD,Filme,tv1000-action-hd,http://c137c781.rossteleccom.net/iptv/WLSHARFG8FUEKR/6386/index.m3u8,saved,output/channel-logos-moldovenesti-full-v2/logos/0192-viju-tv1000-action-hd.png,http://iptvx.one/picons/viju-tv1000-novella.png,png,200,200,11844,8,
193,Viju TV1000 HD,Filme,tv1000-hd,http://c137c781.rossteleccom.net/iptv/WLSHARFG8FUEKR/6387/index.m3u8,saved,output/channel-logos-moldovenesti-full-v2/logos/0193-viju-tv1000-hd.png,http://iptvx.one/picons/viju-tv1000-novella.png,png,200,200,11844,8,
194,Trash HD,Filme,trash-hd,http://c137c781.rossteleccom.net/iptv/WLSHARFG8FUEKR/6396/index.m3u8,saved,output/channel-logos-moldovenesti-full-v2/logos/0194-trash-hd.png,http://iptvx.one/picons/trashtv.png,png,200,200,12151,5,
195,KinoJam 1 HD,Filme,kinojam1-hd,http://c137c781.rossteleccom.net/iptv/WLSHARFG8FUEKR/7260/index.m3u8,saved,output/channel-logos-moldovenesti-full-v2/logos/0195-kinojam-1-hd.png,http://iptvx.one/picons/kinojam1.png,png,200,200,4827,5,
196,KinoJam 2 HD,Filme,kinojam2-hd,http://c137c781.rossteleccom.net/iptv/WLSHARFG8FUEKR/7261/index.m3u8,saved,output/channel-logos-moldovenesti-full-v2/logos/0196-kinojam-2-hd.png,http://iptvx.one/picons/kinojam2.png,png,200,200,12903,5,
197,VF Adventure,Filme,4591,http://c137c781.rossteleccom.net/iptv/WLSHARFG8FUEKR/10000/index.m3u8,saved,output/channel-logos-moldovenesti-full-v2/logos/0197-vf-adventure.png,http://iptvx.one/picons/vf-adventure.png,png,200,200,24319,4,
198,VF Anime,Filme,4592,http://c137c781.rossteleccom.net/iptv/WLSHARFG8FUEKR/10001/index.m3u8,saved,output/channel-logos-moldovenesti-full-v2/logos/0198-vf-anime.png,http://iptvx.one/picons/vf-anime.png,png,200,200,27220,4,
199,VF Cartoon,Filme,4593,http://c137c781.rossteleccom.net/iptv/WLSHARFG8FUEKR/10002/index.m3u8,saved,output/channel-logos-moldovenesti-full-v2/logos/0199-vf-cartoon.png,http://iptvx.one/picons/vf-cartoon.png,png,200,200,30959,6,
200,VF Comedy,Filme,4594,http://c137c781.rossteleccom.net/iptv/WLSHARFG8FUEKR/10003/index.m3u8,saved,output/channel-logos-moldovenesti-full-v2/logos/0200-vf-comedy.png,http://iptvx.one/picons/vf-comedy.png,png,200,200,25069,6,
201,VF Family,Filme,4595,http://c137c781.rossteleccom.net/iptv/WLSHARFG8FUEKR/10004/index.m3u8,saved,output/channel-logos-moldovenesti-full-v2/logos/0201-vf-family.png,http://iptvx.one/picons/vf-family.png,png,200,200,26368,4,
202,VF Fantasy,Filme,4596,http://c137c781.rossteleccom.net/iptv/WLSHARFG8FUEKR/10005/index.m3u8,saved,output/channel-logos-moldovenesti-full-v2/logos/0202-vf-fantasy.png,http://iptvx.one/picons/vf-fantasy.png,png,200,200,19888,4,
203,VF Melodrama,Filme,4597,http://c137c781.rossteleccom.net/iptv/WLSHARFG8FUEKR/10006/index.m3u8,saved,output/channel-logos-moldovenesti-full-v2/logos/0203-vf-melodrama.png,http://iptvx.one/picons/vf-melodrama.png,png,200,200,22952,4,
204,VF Mystic,Filme,4598,http://c137c781.rossteleccom.net/iptv/WLSHARFG8FUEKR/10007/index.m3u8,saved,output/channel-logos-moldovenesti-full-v2/logos/0204-vf-mystic.png,http://iptvx.one/picons/vf-mystic.png,png,200,200,33288,4,
205,VF VHS MIX,Filme,,http://c137c781.rossteleccom.net/iptv/WLSHARFG8FUEKR/10009/index.m3u8,saved,output/channel-logos-moldovenesti-full-v2/logos/0205-vf-vhs-mix.png,http://iptvx.one/picons/vf-vhs.png,png,200,200,25633,5,
206,VF Premiere,Filme,4645,http://c137c781.rossteleccom.net/iptv/WLSHARFG8FUEKR/10052/index.m3u8,saved,output/channel-logos-moldovenesti-full-v2/logos/0206-vf-premiere.png,http://iptvx.one/picons/vf-premiere.png,png,200,200,20183,4,
207,VF Classic,Filme,4647,http://c137c781.rossteleccom.net/iptv/WLSHARFG8FUEKR/10054/index.m3u8,saved,output/channel-logos-moldovenesti-full-v2/logos/0207-vf-classic.png,http://iptvx.one/picons/vf-classic.png,png,200,200,23217,4,
208,VF Marvel,Filme,4663,http://c137c781.rossteleccom.net/iptv/WLSHARFG8FUEKR/10081/index.m3u8,saved,output/channel-logos-moldovenesti-full-v2/logos/0208-vf-marvel.png,http://iptvx.one/picons/vf-marvel.png,png,200,200,21135,4,
209,FlixSnip HD,Filme,355961,http://c137c781.rossteleccom.net/iptv/WLSHARFG8FUEKR/10060/index.m3u8,saved,output/channel-logos-moldovenesti-full-v2/logos/0209-flixsnip-hd.png,http://epg.pw/media/images/epg/2024/06/08/20240608025452912476_66.png,png,200,200,9181,4,
210,CineMan,Filme,cineman-am-hd,http://c137c781.rossteleccom.net/iptv/WLSHARFG8FUEKR/11004/index.m3u8,saved,output/channel-logos-moldovenesti-full-v2/logos/0210-cineman.png,http://iptvx.one/picons/cineman.png,png,200,200,17845,5,
211,CineMan Top,Filme,4683,http://c137c781.rossteleccom.net/iptv/WLSHARFG8FUEKR/11005/index.m3u8,saved,output/channel-logos-moldovenesti-full-v2/logos/0211-cineman-top.png,http://iptvx.one/picons/cineman-top.png,png,200,200,20824,4,
212,CineMan Action,Filme,4684,http://c137c781.rossteleccom.net/iptv/WLSHARFG8FUEKR/11006/index.m3u8,saved,output/channel-logos-moldovenesti-full-v2/logos/0212-cineman-action.png,http://iptvx.one/picons/cineman-action.png,png,200,200,24434,4,
213,CineMan Thriller,Filme,4685,http://c137c781.rossteleccom.net/iptv/WLSHARFG8FUEKR/11007/index.m3u8,saved,output/channel-logos-moldovenesti-full-v2/logos/0213-cineman-thriller.png,http://iptvx.one/picons/cineman-thriller.png,png,200,200,22632,4,
214,CineMan Marvel,Filme,4687,http://c137c781.rossteleccom.net/iptv/WLSHARFG8FUEKR/11009/index.m3u8,saved,output/channel-logos-moldovenesti-full-v2/logos/0214-cineman-marvel.png,http://iptvx.one/picons/cineman-marvel.png,png,200,200,25623,4,
215,CineMan VHS,Filme,4690,http://c137c781.rossteleccom.net/iptv/WLSHARFG8FUEKR/11012/index.m3u8,saved,output/channel-logos-moldovenesti-full-v2/logos/0215-cineman-vhs.png,http://iptvx.one/picons/cineman-vhs.png,png,200,200,22749,4,
216,CineMan MiniSeries,Filme,6788,http://c137c781.rossteleccom.net/iptv/WLSHARFG8FUEKR/19437/index.m3u8,saved,output/channel-logos-moldovenesti-full-v2/logos/0216-cineman-miniseries.png,http://epg.pw/media/images/epg/2024/06/08/20240608030329144065_31.png,png,200,200,28795,5,
217,BCU Premiere 1 HD,Filme,,http://c137c781.rossteleccom.net/iptv/WLSHARFG8FUEKR/11015/index.m3u8,saved,output/channel-logos-moldovenesti-full-v2/logos/0217-bcu-premiere-1-hd.png,http://iptvx.one/picons/bcu-premiere-4k.png,png,200,200,36959,8,
218,BCU Premiere 2 HD,Filme,,http://c137c781.rossteleccom.net/iptv/WLSHARFG8FUEKR/11016/index.m3u8,saved,output/channel-logos-moldovenesti-full-v2/logos/0218-bcu-premiere-2-hd.png,http://iptvx.one/picons/bcu-premiere-4k.png,png,200,200,36959,8,
219,BCU Premiere 3 HD,Filme,,http://c137c781.rossteleccom.net/iptv/WLSHARFG8FUEKR/11017/index.m3u8,saved,output/channel-logos-moldovenesti-full-v2/logos/0219-bcu-premiere-3-hd.png,http://iptvx.one/picons/bcu-premiere-4k.png,png,200,200,36959,8,
220,BCU Action HD,Filme,4748,http://c137c781.rossteleccom.net/iptv/WLSHARFG8FUEKR/11027/index.m3u8,saved,output/channel-logos-moldovenesti-full-v2/logos/0220-bcu-action-hd.png,http://iptvx.one/picons/bcu-action.png,png,200,200,7935,4,
221,BCU Catastrophe HD,Filme,4749,http://c137c781.rossteleccom.net/iptv/WLSHARFG8FUEKR/11028/index.m3u8,saved,output/channel-logos-moldovenesti-full-v2/logos/0221-bcu-catastrophe-hd.png,http://iptvx.one/picons/bcu-catastrophe.png,png,200,200,44738,4,
222,BCU Cinema HDR,Filme,4751,http://c137c781.rossteleccom.net/iptv/WLSHARFG8FUEKR/11029/index.m3u8,saved,output/channel-logos-moldovenesti-full-v2/logos/0222-bcu-cinema-hdr.png,http://iptvx.one/picons/bcu-cinemaplus.png,png,200,200,32361,6,
223,BCU Cinema+ HD,Filme,4751,http://c137c781.rossteleccom.net/iptv/WLSHARFG8FUEKR/11030/index.m3u8,saved,output/channel-logos-moldovenesti-full-v2/logos/0223-bcu-cinema-hd.png,http://iptvx.one/picons/bcu-cinemaplus.png,png,200,200,32361,6,
224,BCU Comedy HDR,Filme,8963,http://c137c781.rossteleccom.net/iptv/WLSHARFG8FUEKR/11031/index.m3u8,saved,output/channel-logos-moldovenesti-full-v2/logos/0224-bcu-comedy-hdr.png,http://iptvx.one/picons/bcu-comedy.png,png,200,200,8029,5,
225,BCU Fantastic HD,Filme,4753,http://c137c781.rossteleccom.net/iptv/WLSHARFG8FUEKR/11032/index.m3u8,saved,output/channel-logos-moldovenesti-full-v2/logos/0225-bcu-fantastic-hd.png,http://iptvx.one/picons/bcu-fantastic.png,png,200,200,7406,4,
226,BCU FilMystic HD,Filme,4754,http://c137c781.rossteleccom.net/iptv/WLSHARFG8FUEKR/11033/index.m3u8,saved,output/channel-logos-moldovenesti-full-v2/logos/0226-bcu-filmystic-hd.png,http://iptvx.one/picons/bcu-filmystic.png,png,200,200,7861,4,
227,BCU History HD,Filme,4755,http://c137c781.rossteleccom.net/iptv/WLSHARFG8FUEKR/11034/index.m3u8,saved,output/channel-logos-moldovenesti-full-v2/logos/0227-bcu-history-hd.png,http://iptvx.one/picons/bcu-history.png,png,200,200,43545,4,
228,BCU Kinorating HD,Filme,4758,http://c137c781.rossteleccom.net/iptv/WLSHARFG8FUEKR/11037/index.m3u8,saved,output/channel-logos-moldovenesti-full-v2/logos/0228-bcu-kinorating-hd.png,http://iptvx.one/picons/bcu-kinorating.png,png,200,200,45255,4,
229,BCU Marvel HDR,Filme,8964,http://c137c781.rossteleccom.net/iptv/WLSHARFG8FUEKR/11038/index.m3u8,saved,output/channel-logos-moldovenesti-full-v2/logos/0229-bcu-marvel-hdr.png,http://iptvx.one/picons/bcu-marvel.png,png,200,200,28288,6,
230,BCU Premiere HD,Filme,4760,http://c137c781.rossteleccom.net/iptv/WLSHARFG8FUEKR/11039/index.m3u8,saved,output/channel-logos-moldovenesti-full-v2/logos/0230-bcu-premiere-hd.png,http://iptvx.one/picons/bcu-premiere-4k.png,png,200,200,36959,8,
231,BCU Romantic HD,Filme,7715,http://c137c781.rossteleccom.net/iptv/WLSHARFG8FUEKR/11040/index.m3u8,saved,output/channel-logos-moldovenesti-full-v2/logos/0231-bcu-romantic-hd.png,http://epg.pw/media/images/epg/2024/06/08/20240608035536984151_18.png,png,200,200,48525,5,
232,BCU Russian HD,Filme,4762,http://c137c781.rossteleccom.net/iptv/WLSHARFG8FUEKR/11041/index.m3u8,saved,output/channel-logos-moldovenesti-full-v2/logos/0232-bcu-russian-hd.png,http://iptvx.one/picons/bcu-russian.png,png,200,200,45247,4,
233,BCU VHS HD,Filme,4763,http://c137c781.rossteleccom.net/iptv/WLSHARFG8FUEKR/11042/index.m3u8,saved,output/channel-logos-moldovenesti-full-v2/logos/0233-bcu-vhs-hd.png,http://iptvx.one/picons/bcu-vhs-hd.png,png,200,200,39250,4,
234,BCU Media HD,Filme,,http://c137c781.rossteleccom.net/iptv/WLSHARFG8FUEKR/11043/index.m3u8,saved,output/channel-logos-moldovenesti-full-v2/logos/0234-bcu-media-hd.png,http://iptvx.one/picons/bcu-kinozakaz.png,png,200,200,45850,6,
235,BCU Stars HD,Filme,4765,http://c137c781.rossteleccom.net/iptv/WLSHARFG8FUEKR/11044/index.m3u8,saved,output/channel-logos-moldovenesti-full-v2/logos/0235-bcu-stars-hd.png,http://iptvx.one/picons/bcu-stars.png,png,200,200,29536,4,
236,BCU Ultra 4K,Filme,4766,http://c137c781.rossteleccom.net/iptv/WLSHARFG8FUEKR/11045/index.m3u8,saved,output/channel-logos-moldovenesti-full-v2/logos/0236-bcu-ultra-4k.png,http://iptvx.one/picons/bcu-ultra4k.png,png,200,200,27372,4,
237,BCU RuSerial HD,Filme,495101,http://c137c781.rossteleccom.net/iptv/WLSHARFG8FUEKR/11046/index.m3u8,saved,output/channel-logos-moldovenesti-full-v2/logos/0237-bcu-ruserial-hd.png,http://epg.pw/media/images/epg/2026/01/21/20260121023124919141_46.png,png,200,200,29809,5,
238,BCU Criminal HD,Filme,4769,http://c137c781.rossteleccom.net/iptv/WLSHARFG8FUEKR/11048/index.m3u8,saved,output/channel-logos-moldovenesti-full-v2/logos/0238-bcu-criminal-hd.png,http://iptvx.one/picons/bcu-criminal.png,png,200,200,31545,4,
239,BCU Premiere Ultra 4K,Filme,5561,http://c137c781.rossteleccom.net/iptv/WLSHARFG8FUEKR/15023/index.m3u8,saved,output/channel-logos-moldovenesti-full-v2/logos/0239-bcu-premiere-ultra-4k.png,http://iptvx.one/picons/bcu-premiere-4k.png,png,200,200,36959,8,
240,BCU Media HD OLD,Filme,,http://c137c781.rossteleccom.net/iptv/WLSHARFG8FUEKR/15024/index.m3u8,saved,output/channel-logos-moldovenesti-full-v2/logos/0240-bcu-media-hd-old.png,http://iptvx.one/picons/bcu-kinozakaz.png,png,200,200,45850,6,
241,BCU Marvel HD,Filme,8964,http://c137c781.rossteleccom.net/iptv/WLSHARFG8FUEKR/15025/index.m3u8,saved,output/channel-logos-moldovenesti-full-v2/logos/0241-bcu-marvel-hd.png,http://iptvx.one/picons/bcu-marvel.png,png,200,200,28288,6,
242,BCU Comedy HD,Filme,8963,http://c137c781.rossteleccom.net/iptv/WLSHARFG8FUEKR/15026/index.m3u8,saved,output/channel-logos-moldovenesti-full-v2/logos/0242-bcu-comedy-hd.png,http://iptvx.one/picons/bcu-comedy.png,png,200,200,8029,5,
243,BCU Reality HD,Filme,6131,http://c137c781.rossteleccom.net/iptv/WLSHARFG8FUEKR/16082/index.m3u8,saved,output/channel-logos-moldovenesti-full-v2/logos/0243-bcu-reality-hd.png,http://iptvx.one/picons/bcu-reality.png,png,200,200,24981,5,
244,BCU Reality OLD,Filme,6067,http://c137c781.rossteleccom.net/iptv/WLSHARFG8FUEKR/16083/index.m3u8,saved,output/channel-logos-moldovenesti-full-v2/logos/0244-bcu-reality-old.png,http://iptvx.one/picons/bcu-reality.png,png,200,200,24981,5,
245,BCU Survival HD,Filme,6175,http://c137c781.rossteleccom.net/iptv/WLSHARFG8FUEKR/17019/index.m3u8,saved,output/channel-logos-moldovenesti-full-v2/logos/0245-bcu-survival-hd.png,http://iptvx.one/picons/bcu-survival.png,png,200,200,28543,5,
246,BCU Survival OLD,Filme,6164,http://c137c781.rossteleccom.net/iptv/WLSHARFG8FUEKR/17020/index.m3u8,saved,output/channel-logos-moldovenesti-full-v2/logos/0246-bcu-survival-old.png,http://iptvx.one/picons/bcu-survival.png,png,200,200,28543,5,
247,BCU Cosmo HD,Filme,6176,http://c137c781.rossteleccom.net/iptv/WLSHARFG8FUEKR/17021/index.m3u8,saved,output/channel-logos-moldovenesti-full-v2/logos/0247-bcu-cosmo-hd.png,http://iptvx.one/picons/bcu-cosmo.png,png,200,200,40619,5,
248,BCU TruMotion HD,Filme,6198,http://c137c781.rossteleccom.net/iptv/WLSHARFG8FUEKR/17054/index.m3u8,saved,output/channel-logos-moldovenesti-full-v2/logos/0248-bcu-trumotion-hd.png,http://iptvx.one/picons/bcu-trumotion.png,png,200,200,24793,4,
249,BCU Romantic OLD,Filme,,http://c137c781.rossteleccom.net/iptv/WLSHARFG8FUEKR/18052/index.m3u8,saved,output/channel-logos-moldovenesti-full-v2/logos/0249-bcu-romantic-old.png,http://iptvx.one/picons/bcu-romantic.png,png,200,200,48525,2,
250,StrahTV Sky2000 HD,Filme,,http://c137c781.rossteleccom.net/iptv/WLSHARFG8FUEKR/11054/index.m3u8,saved,output/channel-logos-moldovenesti-full-v2/logos/0250-strahtv-sky2000-hd.png,http://epg.one/img/4787.png,png,165,165,25170,8,
251,StrahTV The X-Files,Filme,,http://c137c781.rossteleccom.net/iptv/WLSHARFG8FUEKR/11055/index.m3u8,saved,output/channel-logos-moldovenesti-full-v2/logos/0251-strahtv-the-x-files.png,http://iptvx.one/picons/vf-xfiles.png,png,200,200,21893,8,
252,StrahTV VHS HD,Filme,,http://c137c781.rossteleccom.net/iptv/WLSHARFG8FUEKR/11059/index.m3u8,saved,output/channel-logos-moldovenesti-full-v2/logos/0252-strahtv-vhs-hd.png,http://epg.one/img/4787.png,png,165,165,25170,8,
253,PG Premiere HD,Filme,,http://c137c781.rossteleccom.net/iptv/WLSHARFG8FUEKR/11094/index.m3u8,saved,output/channel-logos-moldovenesti-full-v2/logos/0253-pg-premiere-hd.png,http://epg.one/img/4719.png,png,165,165,25279,1,
254,PG Premium HD,Filme,,http://c137c781.rossteleccom.net/iptv/WLSHARFG8FUEKR/11095/index.m3u8,saved,output/channel-logos-moldovenesti-full-v2/logos/0254-pg-premium-hd.png,http://epg.one/img/4720.png,png,165,165,24268,1,
255,PG Victory HD,Filme,,http://c137c781.rossteleccom.net/iptv/WLSHARFG8FUEKR/11097/index.m3u8,saved,output/channel-logos-moldovenesti-full-v2/logos/0255-pg-victory-hd.png,http://epg.one/img/4722.png,png,165,165,25165,1,
256,PG Paradox HD,Filme,,http://c137c781.rossteleccom.net/iptv/WLSHARFG8FUEKR/11098/index.m3u8,saved,output/channel-logos-moldovenesti-full-v2/logos/0256-pg-paradox-hd.png,http://epg.one/img/4723.png,png,165,165,26235,1,
257,PG Thriller HD,Filme,,http://c137c781.rossteleccom.net/iptv/WLSHARFG8FUEKR/11099/index.m3u8,saved,output/channel-logos-moldovenesti-full-v2/logos/0257-pg-thriller-hd.png,http://epg.one/img/4724.png,png,165,165,24917,1,
258,PG Paradise HD,Filme,,http://c137c781.rossteleccom.net/iptv/WLSHARFG8FUEKR/11100/index.m3u8,saved,output/channel-logos-moldovenesti-full-v2/logos/0258-pg-paradise-hd.png,http://epg.one/img/4725.png,png,165,165,26706,1,
259,PG Serial HD,Filme,,http://c137c781.rossteleccom.net/iptv/WLSHARFG8FUEKR/11101/index.m3u8,saved,output/channel-logos-moldovenesti-full-v2/logos/0259-pg-serial-hd.png,http://epg.one/img/4726.png,png,165,165,23570,1,
260,PG USSR HD,Filme,,http://c137c781.rossteleccom.net/iptv/WLSHARFG8FUEKR/11102/index.m3u8,saved,output/channel-logos-moldovenesti-full-v2/logos/0260-pg-ussr-hd.png,http://epg.one/img/4727.png,png,165,165,26080,1,
261,PG VHS HD,Filme,,http://c137c781.rossteleccom.net/iptv/WLSHARFG8FUEKR/15000/index.m3u8,saved,output/channel-logos-moldovenesti-full-v2/logos/0261-pg-vhs-hd.png,http://epg.one/img/5462.png,png,165,165,23695,1,
262,VB VHS Classic,Filme,,http://c137c781.rossteleccom.net/iptv/WLSHARFG8FUEKR/19429/index.m3u8,saved,output/channel-logos-moldovenesti-full-v2/logos/0262-vb-vhs-classic.png,http://epg.one/img/7151.png,png,165,165,31183,1,
263,VF TOP Series,Filme,4789,http://c137c781.rossteleccom.net/iptv/WLSHARFG8FUEKR/11116/index.m3u8,saved,output/channel-logos-moldovenesti-full-v2/logos/0263-vf-top-series.png,http://iptvx.one/picons/vf-top-series.png,png,200,200,22024,5,
264,VF Art house,Filme,4791,http://c137c781.rossteleccom.net/iptv/WLSHARFG8FUEKR/11119/index.m3u8,saved,output/channel-logos-moldovenesti-full-v2/logos/0264-vf-art-house.png,http://iptvx.one/picons/vf-arthouse.png,png,200,200,26033,5,
265,VF Detective,Filme,4792,http://c137c781.rossteleccom.net/iptv/WLSHARFG8FUEKR/11120/index.m3u8,saved,output/channel-logos-moldovenesti-full-v2/logos/0265-vf-detective.png,http://iptvx.one/picons/vf-detective.png,png,200,200,24355,4,
266,VF Fantastic,Filme,4793,http://c137c781.rossteleccom.net/iptv/WLSHARFG8FUEKR/11121/index.m3u8,saved,output/channel-logos-moldovenesti-full-v2/logos/0266-vf-fantastic.png,http://iptvx.one/picons/vf-fantastic.png,png,200,200,29717,4,
267,TOP 80 S HD,Filme,,http://c137c781.rossteleccom.net/iptv/WLSHARFG8FUEKR/13002/index.m3u8,saved,output/channel-logos-moldovenesti-full-v2/logos/0267-top-80-s-hd.png,http://iptvx.one/picons/now80s.png,png,200,200,60955,2,
268,TOP BUDO HD,Filme,5115,http://c137c781.rossteleccom.net/iptv/WLSHARFG8FUEKR/13003/index.m3u8,saved,output/channel-logos-moldovenesti-full-v2/logos/0268-top-budo-hd.png,http://epg.one/img/5115.png,png,165,165,9644,3,
269,TOP Cinema HD,Filme,5116,http://c137c781.rossteleccom.net/iptv/WLSHARFG8FUEKR/13004/index.m3u8,saved,output/channel-logos-moldovenesti-full-v2/logos/0269-top-cinema-hd.png,http://epg.one/img/5116.png,png,165,165,9141,3,
270,TOP USSR HD,Filme,5117,http://c137c781.rossteleccom.net/iptv/WLSHARFG8FUEKR/13005/index.m3u8,saved,output/channel-logos-moldovenesti-full-v2/logos/0270-top-ussr-hd.png,http://epg.one/img/5117.png,png,165,165,9607,3,
271,TOP MIX HD,Filme,,http://c137c781.rossteleccom.net/iptv/WLSHARFG8FUEKR/13006/index.m3u8,saved,output/channel-logos-moldovenesti-full-v2/logos/0271-top-mix-hd.png,http://epg.one/img/5118.png,png,165,165,9831,1,
272,MM 007 HD,Filme,72897,http://c137c781.rossteleccom.net/iptv/WLSHARFG8FUEKR/13009/index.m3u8,saved,output/channel-logos-moldovenesti-full-v2/logos/0272-mm-007-hd.png,http://epg.pw/media/images/epg/2024/06/08/20240608033403047451_41.png,png,200,200,13281,5,
273,MM Love HD,Filme,482876,http://c137c781.rossteleccom.net/iptv/WLSHARFG8FUEKR/13010/index.m3u8,saved,output/channel-logos-moldovenesti-full-v2/logos/0273-mm-love-hd.png,http://epg.pw/media/images/epg/2025/11/30/20251130022912704712_74.png,png,200,200,14960,5,
274,MM NewFilm 1 HD,Filme,482482,http://c137c781.rossteleccom.net/iptv/WLSHARFG8FUEKR/13011/index.m3u8,saved,output/channel-logos-moldovenesti-full-v2/logos/0274-mm-newfilm-1-hd.png,http://iptvx.one/picons/minimax-newfilmru.png,png,200,200,16497,8,
275,MM NewFilm 2 HD,Filme,72903,http://c137c781.rossteleccom.net/iptv/WLSHARFG8FUEKR/13012/index.m3u8,saved,output/channel-logos-moldovenesti-full-v2/logos/0275-mm-newfilm-2-hd.png,http://iptvx.one/picons/minimax-newfilmru.png,png,200,200,16497,8,
276,MM NewFilm 3 HD,Filme,482679,http://c137c781.rossteleccom.net/iptv/WLSHARFG8FUEKR/13013/index.m3u8,saved,output/channel-logos-moldovenesti-full-v2/logos/0276-mm-newfilm-3-hd.png,http://iptvx.one/picons/minimax-newfilmru.png,png,200,200,16497,8,
277,MM NewFilm RU HD,Filme,72806,http://c137c781.rossteleccom.net/iptv/WLSHARFG8FUEKR/13014/index.m3u8,saved,output/channel-logos-moldovenesti-full-v2/logos/0277-mm-newfilm-ru-hd.png,http://epg.pw/media/images/epg/2024/06/08/20240608021613379525_68.png,png,200,200,16497,8,
278,MM Rock HD,Filme,,http://c137c781.rossteleccom.net/iptv/WLSHARFG8FUEKR/13015/index.m3u8,saved,output/channel-logos-moldovenesti-full-v2/logos/0278-mm-rock-hd.png,http://epg.one/img/5128.png,png,165,165,26406,1,
279,MM Tom and Jerry HD,Filme,72906,http://c137c781.rossteleccom.net/iptv/WLSHARFG8FUEKR/13016/index.m3u8,saved,output/channel-logos-moldovenesti-full-v2/logos/0279-mm-tom-and-jerry-hd.png,http://epg.pw/media/images/epg/2024/06/08/20240608033746116874_36.png,png,200,200,16707,5,
280,MM UFO HD,Filme,483192,http://c137c781.rossteleccom.net/iptv/WLSHARFG8FUEKR/13017/index.m3u8,saved,output/channel-logos-moldovenesti-full-v2/logos/0280-mm-ufo-hd.png,http://epg.pw/media/images/epg/2025/12/02/20251202021922571532_81.png,png,200,200,12603,5,
281,MM USSR 1941-1945 HD,Filme,483215,http://c137c781.rossteleccom.net/iptv/WLSHARFG8FUEKR/13018/index.m3u8,saved,output/channel-logos-moldovenesti-full-v2/logos/0281-mm-ussr-1941-1945-hd.png,http://iptvx.one/picons/minimax-mult.png,png,200,200,16646,8,
282,MM World Hits HD,Filme,,http://c137c781.rossteleccom.net/iptv/WLSHARFG8FUEKR/13023/index.m3u8,saved,output/channel-logos-moldovenesti-full-v2/logos/0282-mm-world-hits-hd.png,http://epg.one/img/5136.png,png,165,165,25240,1,
283,MM Honey HD,Filme,483196,http://c137c781.rossteleccom.net/iptv/WLSHARFG8FUEKR/13026/index.m3u8,saved,output/channel-logos-moldovenesti-full-v2/logos/0283-mm-honey-hd.png,http://epg.pw/media/images/epg/2025/12/02/20251202022442920695_44.png,png,200,200,14806,5,
284,MM Lesson HD,Filme,481587,http://c137c781.rossteleccom.net/iptv/WLSHARFG8FUEKR/13042/index.m3u8,saved,output/channel-logos-moldovenesti-full-v2/logos/0284-mm-lesson-hd.png,http://epg.pw/media/images/epg/2025/11/25/20251125023609910660_54.png,png,200,200,17481,5,
285,MM Smile HD,Filme,72878,http://c137c781.rossteleccom.net/iptv/WLSHARFG8FUEKR/13043/index.m3u8,saved,output/channel-logos-moldovenesti-full-v2/logos/0285-mm-smile-hd.png,http://epg.pw/media/images/epg/2024/06/08/20240608031730043950_20.png,png,200,200,16354,5,
286,MM Flip UHD,Filme,72859,http://c137c781.rossteleccom.net/iptv/WLSHARFG8FUEKR/13057/index.m3u8,saved,output/channel-logos-moldovenesti-full-v2/logos/0286-mm-flip-uhd.png,http://epg.pw/media/images/epg/2024/06/08/20240608025429218529_61.png,png,200,200,13736,5,
287,MM Walt Disney HD,Filme,483178,http://c137c781.rossteleccom.net/iptv/WLSHARFG8FUEKR/13064/index.m3u8,saved,output/channel-logos-moldovenesti-full-v2/logos/0287-mm-walt-disney-hd.png,http://epg.pw/media/images/epg/2025/12/02/20251202021117184923_36.png,png,200,200,17057,7,
288,MM Live Planet HD,Filme,483205,http://c137c781.rossteleccom.net/iptv/WLSHARFG8FUEKR/13095/index.m3u8,saved,output/channel-logos-moldovenesti-full-v2/logos/0288-mm-live-planet-hd.png,http://epg.pw/media/images/epg/2025/12/02/20251202023430175750_71.png,png,200,200,21561,5,
289,MM Celebrity HD,Filme,481929,http://c137c781.rossteleccom.net/iptv/WLSHARFG8FUEKR/16084/index.m3u8,saved,output/channel-logos-moldovenesti-full-v2/logos/0289-mm-celebrity-hd.png,http://epg.pw/media/images/epg/2025/11/27/20251127022723178965_79.png,png,200,200,15875,5,
290,MM Classic HD,Filme,482650,http://c137c781.rossteleccom.net/iptv/WLSHARFG8FUEKR/16085/index.m3u8,saved,output/channel-logos-moldovenesti-full-v2/logos/0290-mm-classic-hd.png,http://epg.pw/media/images/epg/2025/11/29/20251129020956569152_17.png,png,200,200,17782,5,
291,VF Series,Filme,5198,http://c137c781.rossteleccom.net/iptv/WLSHARFG8FUEKR/13085/index.m3u8,saved,output/channel-logos-moldovenesti-full-v2/logos/0291-vf-series.png,http://iptvx.one/picons/vf-series.png,png,200,200,18983,4,
292,VF Thriller,Filme,6755,http://c137c781.rossteleccom.net/iptv/WLSHARFG8FUEKR/13089/index.m3u8,saved,output/channel-logos-moldovenesti-full-v2/logos/0292-vf-thriller.png,http://epg.pw/media/images/epg/2024/06/08/20240608030121450234_74.png,png,200,200,22147,5,
293,VF Comics,Filme,5205,http://c137c781.rossteleccom.net/iptv/WLSHARFG8FUEKR/13092/index.m3u8,saved,output/channel-logos-moldovenesti-full-v2/logos/0293-vf-comics.png,http://iptvx.one/picons/vf-comics.png,png,200,200,28746,4,
294,VF The X-Files,Filme,6146,http://c137c781.rossteleccom.net/iptv/WLSHARFG8FUEKR/17002/index.m3u8,saved,output/channel-logos-moldovenesti-full-v2/logos/0294-vf-the-x-files.png,http://iptvx.one/picons/vf-xfiles.png,png,200,200,21893,5,
295,VF Comedy Woman,Filme,6284,http://c137c781.rossteleccom.net/iptv/WLSHARFG8FUEKR/18101/index.m3u8,saved,output/channel-logos-moldovenesti-full-v2/logos/0295-vf-comedy-woman.png,http://iptvx.one/picons/vf-comedy.png,png,200,200,25069,6,
296,VF Netflix,Filme,6823,http://c137c781.rossteleccom.net/iptv/WLSHARFG8FUEKR/19427/index.m3u8,saved,output/channel-logos-moldovenesti-full-v2/logos/0296-vf-netflix.png,http://iptvx.one/picons/vf-netflx.png,png,200,200,16442,4,
297,VF HBO,Filme,6824,http://c137c781.rossteleccom.net/iptv/WLSHARFG8FUEKR/19428/index.m3u8,saved,output/channel-logos-moldovenesti-full-v2/logos/0297-vf-hbo.png,http://iptvx.one/picons/vf-hbo.png,png,200,200,16112,4,
298,Z!Channel HD,Filme,,http://c137c781.rossteleccom.net/iptv/WLSHARFG8FUEKR/14134/index.m3u8,saved,output/channel-logos-moldovenesti-full-v2/logos/0298-z-channel-hd.png,http://iptvx.one/picons/z-channel.png,png,200,200,13284,2,
299,Z!Comedy HD,Filme,,http://c137c781.rossteleccom.net/iptv/WLSHARFG8FUEKR/14135/index.m3u8,saved,output/channel-logos-moldovenesti-full-v2/logos/0299-z-comedy-hd.png,http://iptvx.one/picons/z-comedy.png,png,200,200,16830,2,
300,Z!Crime HD,Filme,514544,http://c137c781.rossteleccom.net/iptv/WLSHARFG8FUEKR/14136/index.m3u8,saved,output/channel-logos-moldovenesti-full-v2/logos/0300-z-crime-hd.png,http://epg.pw/media/images/epg/2026/02/24/20260224022101998883_91.png,png,200,200,33251,5,
301,Z!Horror HD,Filme,,http://c137c781.rossteleccom.net/iptv/WLSHARFG8FUEKR/14137/index.m3u8,saved,output/channel-logos-moldovenesti-full-v2/logos/0301-z-horror-hd.png,http://iptvx.one/picons/z-horror.png,png,200,200,40087,2,
302,Z!Serial HD,Filme,,http://c137c781.rossteleccom.net/iptv/WLSHARFG8FUEKR/15140/index.m3u8,saved,output/channel-logos-moldovenesti-full-v2/logos/0302-z-serial-hd.png,http://iptvx.one/picons/z-serial.png,png,200,200,10857,2,
303,Z!Sitcom HD,Filme,,http://c137c781.rossteleccom.net/iptv/WLSHARFG8FUEKR/15141/index.m3u8,saved,output/channel-logos-moldovenesti-full-v2/logos/0303-z-sitcom-hd.png,http://iptvx.one/picons/z-sitcom.png,png,200,200,23983,2,
304,Z!Smile HD,Filme,,http://c137c781.rossteleccom.net/iptv/WLSHARFG8FUEKR/15142/index.m3u8,saved,output/channel-logos-moldovenesti-full-v2/logos/0304-z-smile-hd.png,http://iptvx.one/picons/z-smile.png,png,200,200,27160,2,
305,Yosso TV Grand,Filme,6787,http://c137c781.rossteleccom.net/iptv/WLSHARFG8FUEKR/14171/index.m3u8,saved,output/channel-logos-moldovenesti-full-v2/logos/0305-yosso-tv-grand.png,http://iptvx.one/picons/c-cartoon.png,png,200,200,21333,8,
306,Yosso TV VHS,Filme,6628,http://c137c781.rossteleccom.net/iptv/WLSHARFG8FUEKR/14172/index.m3u8,saved,output/channel-logos-moldovenesti-full-v2/logos/0306-yosso-tv-vhs.png,http://iptvx.one/picons/c-cartoon.png,png,200,200,21333,8,
307,Yosso TV Best,Filme,257373,http://c137c781.rossteleccom.net/iptv/WLSHARFG8FUEKR/14236/index.m3u8,saved,output/channel-logos-moldovenesti-full-v2/logos/0307-yosso-tv-best.png,http://epg.pw/media/images/epg/2024/06/08/20240608023012049957_12.png,png,200,200,23556,8,
308,Yosso TV Adrenaline,Filme,6373,http://c137c781.rossteleccom.net/iptv/WLSHARFG8FUEKR/15105/index.m3u8,saved,output/channel-logos-moldovenesti-full-v2/logos/0308-yosso-tv-adrenaline.png,http://epg.pw/media/images/epg/2024/06/08/20240608024003372186_34.png,png,200,200,22796,8,
309,Yosso TV Thriller,Filme,6353,http://c137c781.rossteleccom.net/iptv/WLSHARFG8FUEKR/15168/index.m3u8,saved,output/channel-logos-moldovenesti-full-v2/logos/0309-yosso-tv-thriller.png,http://epg.pw/media/images/epg/2024/06/08/20240608023853787025_83.png,png,200,200,22991,8,
310,Yosso TV Oblivion,Filme,6491,http://c137c781.rossteleccom.net/iptv/WLSHARFG8FUEKR/15509/index.m3u8,saved,output/channel-logos-moldovenesti-full-v2/logos/0310-yosso-tv-oblivion.png,http://epg.pw/media/images/epg/2024/06/08/20240608024645521642_90.png,png,200,200,21469,8,
311,Yosso TV Adventure,Filme,7524,http://c137c781.rossteleccom.net/iptv/WLSHARFG8FUEKR/15510/index.m3u8,saved,output/channel-logos-moldovenesti-full-v2/logos/0311-yosso-tv-adventure.png,http://epg.pw/media/images/epg/2024/06/08/20240608034550542488_75.png,png,200,200,24111,8,
312,Yosso TV 4K,Filme,8931,http://c137c781.rossteleccom.net/iptv/WLSHARFG8FUEKR/16153/index.m3u8,saved,output/channel-logos-moldovenesti-full-v2/logos/0312-yosso-tv-4k.png,http://iptvx.one/picons/c-holiday.png,png,200,200,26718,8,
313,Yosso TV Netflix,Filme,6285,http://c137c781.rossteleccom.net/iptv/WLSHARFG8FUEKR/20163/index.m3u8,saved,output/channel-logos-moldovenesti-full-v2/logos/0313-yosso-tv-netflix.png,http://iptvx.one/picons/c-cartoon.png,png,200,200,21333,8,
314,Yosso TV Disney,Filme,7248,http://c137c781.rossteleccom.net/iptv/WLSHARFG8FUEKR/20164/index.m3u8,saved,output/channel-logos-moldovenesti-full-v2/logos/0314-yosso-tv-disney.png,http://epg.pw/media/images/epg/2024/06/08/20240608032941919677_30.png,png,200,200,23269,8,
315,Yosso TV Best 60fps,Filme,7224,http://c137c781.rossteleccom.net/iptv/WLSHARFG8FUEKR/20165/index.m3u8,saved,output/channel-logos-moldovenesti-full-v2/logos/0315-yosso-tv-best-60fps.png,http://iptvx.one/picons/c-cartoon.png,png,200,200,21333,8,
316,Citrus Comedy,Filme,,http://c137c781.rossteleccom.net/iptv/WLSHARFG8FUEKR/16151/index.m3u8,saved,output/channel-logos-moldovenesti-full-v2/logos/0316-citrus-comedy.png,http://epg.one/img/6136.png,png,165,165,30366,1,
317,Citrus Inquest,Filme,,http://c137c781.rossteleccom.net/iptv/WLSHARFG8FUEKR/16152/index.m3u8,saved,output/channel-logos-moldovenesti-full-v2/logos/0317-citrus-inquest.png,http://epg.one/img/6137.png,png,165,165,30485,1,
318,Citrus History,Filme,,http://c137c781.rossteleccom.net/iptv/WLSHARFG8FUEKR/18139/index.m3u8,saved,output/channel-logos-moldovenesti-full-v2/logos/0318-citrus-history.png,http://epg.one/img/6392.png,png,165,165,29728,1,
319,Liberty DC FHD,Filme,445902,http://c137c781.rossteleccom.net/iptv/WLSHARFG8FUEKR/15087/index.m3u8,saved,output/channel-logos-moldovenesti-full-v2/logos/0319-liberty-dc-fhd.png,http://epg.pw/media/images/epg/2025/07/19/20250719022232583607_17.png,png,200,200,9509,5,
320,MS Prisons HD,Filme,483228,http://c137c781.rossteleccom.net/iptv/WLSHARFG8FUEKR/15137/index.m3u8,saved,output/channel-logos-moldovenesti-full-v2/logos/0320-ms-prisons-hd.png,http://epg.pw/media/images/epg/2025/12/02/20251202025242308479_24.png,png,200,200,15682,5,
321,MS Toons HD,Filme,483226,http://c137c781.rossteleccom.net/iptv/WLSHARFG8FUEKR/15138/index.m3u8,saved,output/channel-logos-moldovenesti-full-v2/logos/0321-ms-toons-hd.png,http://epg.pw/media/images/epg/2025/12/02/20251202025054322209_19.png,png,200,200,14190,5,
322,MS Magic 4K,Filme,72900,http://c137c781.rossteleccom.net/iptv/WLSHARFG8FUEKR/16143/index.m3u8,saved,output/channel-logos-moldovenesti-full-v2/logos/0322-ms-magic-4k.png,http://epg.pw/media/images/epg/2024/06/08/20240608033448944372_90.png,png,200,200,15703,5,
323,MS Young Blood HD,Filme,72864,http://c137c781.rossteleccom.net/iptv/WLSHARFG8FUEKR/16147/index.m3u8,saved,output/channel-logos-moldovenesti-full-v2/logos/0323-ms-young-blood-hd.png,http://epg.pw/media/images/epg/2024/06/08/20240608025830950749_83.png,png,200,200,17556,5,
324,MS Animated HD,Filme,483211,http://c137c781.rossteleccom.net/iptv/WLSHARFG8FUEKR/17024/index.m3u8,saved,output/channel-logos-moldovenesti-full-v2/logos/0324-ms-animated-hd.png,http://epg.pw/media/images/epg/2025/12/02/20251202023949655804_85.png,png,200,200,17533,5,
325,Citrus Cartoon,Filme,,http://c137c781.rossteleccom.net/iptv/WLSHARFG8FUEKR/16050/index.m3u8,saved,output/channel-logos-moldovenesti-full-v2/logos/0325-citrus-cartoon.png,http://epg.one/img/6006.png,png,165,165,30834,1,
326,Citrus Marvel,Filme,,http://c137c781.rossteleccom.net/iptv/WLSHARFG8FUEKR/16051/index.m3u8,saved,output/channel-logos-moldovenesti-full-v2/logos/0326-citrus-marvel.png,http://epg.one/img/6007.png,png,165,165,29694,1,
327,Fresh Cinema,Filme,94051,http://c137c781.rossteleccom.net/iptv/WLSHARFG8FUEKR/19287/index.m3u8,saved,output/channel-logos-moldovenesti-full-v2/logos/0327-fresh-cinema.png,http://epg.pw/media/images/epg/2024/06/08/20240608033710212794_97.png,png,200,200,16443,5,
328,Fresh Kids,Filme,94014,http://c137c781.rossteleccom.net/iptv/WLSHARFG8FUEKR/19288/index.m3u8,saved,output/channel-logos-moldovenesti-full-v2/logos/0328-fresh-kids.png,http://epg.pw/media/images/epg/2024/06/08/20240608024639600608_79.png,png,200,200,15457,5,
329,Fresh Comedy,Filme,6711,http://c137c781.rossteleccom.net/iptv/WLSHARFG8FUEKR/19289/index.m3u8,saved,output/channel-logos-moldovenesti-full-v2/logos/0329-fresh-comedy.png,http://iptvx.one/picons/fresh-comedy.png,png,200,200,14885,4,
330,Fresh Premiere,Filme,6712,http://c137c781.rossteleccom.net/iptv/WLSHARFG8FUEKR/19290/index.m3u8,saved,output/channel-logos-moldovenesti-full-v2/logos/0330-fresh-premiere.png,http://iptvx.one/picons/fresh-premiere.png,png,200,200,14985,4,
331,Fresh Family,Filme,6713,http://c137c781.rossteleccom.net/iptv/WLSHARFG8FUEKR/19291/index.m3u8,saved,output/channel-logos-moldovenesti-full-v2/logos/0331-fresh-family.png,http://iptvx.one/picons/fresh-family.png,png,200,200,13336,4,
332,Fresh Rating,Filme,6714,http://c137c781.rossteleccom.net/iptv/WLSHARFG8FUEKR/19292/index.m3u8,saved,output/channel-logos-moldovenesti-full-v2/logos/0332-fresh-rating.png,http://iptvx.one/picons/fresh-rating.png,png,200,200,13253,4,
333,Fresh VHS,Filme,6715,http://c137c781.rossteleccom.net/iptv/WLSHARFG8FUEKR/19293/index.m3u8,saved,output/channel-logos-moldovenesti-full-v2/logos/0333-fresh-vhs.png,http://iptvx.one/picons/fresh-vhs.png,png,200,200,13636,4,
334,Fresh Fantastic,Filme,6716,http://c137c781.rossteleccom.net/iptv/WLSHARFG8FUEKR/19294/index.m3u8,saved,output/channel-logos-moldovenesti-full-v2/logos/0334-fresh-fantastic.png,http://iptvx.one/picons/fresh-fantastic.png,png,200,200,13749,4,
335,Fresh Series,Filme,6717,http://c137c781.rossteleccom.net/iptv/WLSHARFG8FUEKR/19295/index.m3u8,saved,output/channel-logos-moldovenesti-full-v2/logos/0335-fresh-series.png,http://iptvx.one/picons/fresh-series.png,png,200,200,10149,4,
336,Fresh Horror,Filme,6718,http://c137c781.rossteleccom.net/iptv/WLSHARFG8FUEKR/19296/index.m3u8,saved,output/channel-logos-moldovenesti-full-v2/logos/0336-fresh-horror.png,http://iptvx.one/picons/fresh-horror.png,png,200,200,11224,4,
337,Fresh Adventure,Filme,6719,http://c137c781.rossteleccom.net/iptv/WLSHARFG8FUEKR/19297/index.m3u8,saved,output/channel-logos-moldovenesti-full-v2/logos/0337-fresh-adventure.png,http://iptvx.one/picons/fresh-adventure.png,png,200,200,16322,4,
338,Fresh Romantic,Filme,6720,http://c137c781.rossteleccom.net/iptv/WLSHARFG8FUEKR/19298/index.m3u8,saved,output/channel-logos-moldovenesti-full-v2/logos/0338-fresh-romantic.png,http://iptvx.one/picons/fresh-romantic.png,png,200,200,16050,4,
339,Fresh Russian,Filme,6721,http://c137c781.rossteleccom.net/iptv/WLSHARFG8FUEKR/19299/index.m3u8,saved,output/channel-logos-moldovenesti-full-v2/logos/0339-fresh-russian.png,http://iptvx.one/picons/fresh-russian.png,png,200,200,14110,6,
340,Fresh Thriller,Filme,6722,http://c137c781.rossteleccom.net/iptv/WLSHARFG8FUEKR/19300/index.m3u8,saved,output/channel-logos-moldovenesti-full-v2/logos/0340-fresh-thriller.png,http://iptvx.one/picons/fresh-thriller.png,png,200,200,12136,4,
341,Fresh Soviet,Filme,6723,http://c137c781.rossteleccom.net/iptv/WLSHARFG8FUEKR/19301/index.m3u8,saved,output/channel-logos-moldovenesti-full-v2/logos/0341-fresh-soviet.png,http://iptvx.one/picons/fresh-soviet.png,png,200,200,13796,4,
342,Eye Media HD,Filme,6207,http://c137c781.rossteleccom.net/iptv/WLSHARFG8FUEKR/17064/index.m3u8,saved,output/channel-logos-moldovenesti-full-v2/logos/0342-eye-media-hd.png,http://iptvx.one/picons/eye-media.png,png,200,200,19153,4,
343,Eye Oscar HD,Filme,6208,http://c137c781.rossteleccom.net/iptv/WLSHARFG8FUEKR/17065/index.m3u8,saved,output/channel-logos-moldovenesti-full-v2/logos/0343-eye-oscar-hd.png,http://iptvx.one/picons/eye-oscar.png,png,200,200,19521,4,
344,Eye Frozen HD,Filme,6209,http://c137c781.rossteleccom.net/iptv/WLSHARFG8FUEKR/17066/index.m3u8,saved,output/channel-logos-moldovenesti-full-v2/logos/0344-eye-frozen-hd.png,http://iptvx.one/picons/eye-frozen.png,png,200,200,19964,4,
345,Eye Criminal HD,Filme,493388,http://c137c781.rossteleccom.net/iptv/WLSHARFG8FUEKR/17067/index.m3u8,saved,output/channel-logos-moldovenesti-full-v2/logos/0345-eye-criminal-hd.png,http://epg.pw/media/images/epg/2026/01/15/20260115022904749448_54.png,png,200,200,20290,5,
346,Eye Modern HD,Filme,6211,http://c137c781.rossteleccom.net/iptv/WLSHARFG8FUEKR/17068/index.m3u8,saved,output/channel-logos-moldovenesti-full-v2/logos/0346-eye-modern-hd.png,http://iptvx.one/picons/eye-modern.png,png,200,200,19472,4,
347,START Air HD,Filme,start-air-hd,http://c137c781.rossteleccom.net/iptv/WLSHARFG8FUEKR/18036/index.m3u8,saved,output/channel-logos-moldovenesti-full-v2/logos/0347-start-air-hd.png,http://iptvx.one/picons/start-air.png,png,200,200,7993,6,
348,Magic Karate HD,Filme,6248,http://c137c781.rossteleccom.net/iptv/WLSHARFG8FUEKR/18061/index.m3u8,saved,output/channel-logos-moldovenesti-full-v2/logos/0348-magic-karate-hd.png,http://iptvx.one/picons/magic-karate.png,png,200,200,21116,4,
349,Magic VHS HD,Filme,6249,http://c137c781.rossteleccom.net/iptv/WLSHARFG8FUEKR/18062/index.m3u8,saved,output/channel-logos-moldovenesti-full-v2/logos/0349-magic-vhs-hd.png,http://iptvx.one/picons/magic-vhs.png,png,200,200,23189,4,
350,Magic Comedy HD,Filme,6250,http://c137c781.rossteleccom.net/iptv/WLSHARFG8FUEKR/18063/index.m3u8,saved,output/channel-logos-moldovenesti-full-v2/logos/0350-magic-comedy-hd.png,http://iptvx.one/picons/magic-comedy.png,png,200,200,21099,4,
351,Magic Thriller HD,Filme,6252,http://c137c781.rossteleccom.net/iptv/WLSHARFG8FUEKR/18065/index.m3u8,saved,output/channel-logos-moldovenesti-full-v2/logos/0351-magic-thriller-hd.png,http://iptvx.one/picons/magic-thriller.png,png,200,200,19122,4,
352,Magic Action HD,Filme,6253,http://c137c781.rossteleccom.net/iptv/WLSHARFG8FUEKR/18066/index.m3u8,saved,output/channel-logos-moldovenesti-full-v2/logos/0352-magic-action-hd.png,http://iptvx.one/picons/magic-action.png,png,200,200,20812,4,
353,Magic Galaxy HD,Filme,6254,http://c137c781.rossteleccom.net/iptv/WLSHARFG8FUEKR/18067/index.m3u8,saved,output/channel-logos-moldovenesti-full-v2/logos/0353-magic-galaxy-hd.png,http://iptvx.one/picons/magic-galaxy.png,png,200,200,21108,4,
354,Magic Horror HD,Filme,6255,http://c137c781.rossteleccom.net/iptv/WLSHARFG8FUEKR/18068/index.m3u8,saved,output/channel-logos-moldovenesti-full-v2/logos/0354-magic-horror-hd.png,http://iptvx.one/picons/magic-horror.png,png,200,200,18708,4,
355,Magic Family HD,Filme,6337,http://c137c781.rossteleccom.net/iptv/WLSHARFG8FUEKR/18170/index.m3u8,saved,output/channel-logos-moldovenesti-full-v2/logos/0355-magic-family-hd.png,http://iptvx.one/picons/magic-family.png,png,200,200,22184,4,
356,Magic Love HD,Filme,6338,http://c137c781.rossteleccom.net/iptv/WLSHARFG8FUEKR/18171/index.m3u8,saved,output/channel-logos-moldovenesti-full-v2/logos/0356-magic-love-hd.png,http://iptvx.one/picons/magic-love.png,png,200,200,20872,4,
357,Cinema HD,Filme,cinema-hd,http://c137c781.rossteleccom.net/iptv/WLSHARFG8FUEKR/19233/index.m3u8,saved,output/channel-logos-moldovenesti-full-v2/logos/0357-cinema-hd.png,http://iptvx.one/picons/cinema-ru.png,png,200,200,31132,6,
358,BOX Franchise HD,Filme,6696,http://c137c781.rossteleccom.net/iptv/WLSHARFG8FUEKR/19274/index.m3u8,saved,output/channel-logos-moldovenesti-full-v2/logos/0358-box-franchise-hd.png,http://iptvx.one/picons/box-franchise.png,png,200,200,12795,5,
359,BOX Hybrid HD,Filme,6697,http://c137c781.rossteleccom.net/iptv/WLSHARFG8FUEKR/19275/index.m3u8,saved,output/channel-logos-moldovenesti-full-v2/logos/0359-box-hybrid-hd.png,http://iptvx.one/picons/box-hybrid.png,png,200,200,12852,4,
360,BOX Anime HD,Filme,6698,http://c137c781.rossteleccom.net/iptv/WLSHARFG8FUEKR/19276/index.m3u8,saved,output/channel-logos-moldovenesti-full-v2/logos/0360-box-anime-hd.png,http://iptvx.one/picons/box-anime.png,png,200,200,13209,4,
361,BOX Gangster HD,Filme,6699,http://c137c781.rossteleccom.net/iptv/WLSHARFG8FUEKR/19277/index.m3u8,saved,output/channel-logos-moldovenesti-full-v2/logos/0361-box-gangster-hd.png,http://iptvx.one/picons/box-gangster.png,png,200,200,12987,4,
362,BOX Oscar HD,Filme,6700,http://c137c781.rossteleccom.net/iptv/WLSHARFG8FUEKR/19278/index.m3u8,saved,output/channel-logos-moldovenesti-full-v2/logos/0362-box-oscar-hd.png,http://iptvx.one/picons/box-oscar.png,png,200,200,14009,4,
363,BOX Memory HD,Filme,6701,http://c137c781.rossteleccom.net/iptv/WLSHARFG8FUEKR/19279/index.m3u8,saved,output/channel-logos-moldovenesti-full-v2/logos/0363-box-memory-hd.png,http://iptvx.one/picons/box-memory.png,png,200,200,13465,4,
364,BOX M.Serial HD,Filme,6702,http://c137c781.rossteleccom.net/iptv/WLSHARFG8FUEKR/19280/index.m3u8,saved,output/channel-logos-moldovenesti-full-v2/logos/0364-box-m-serial-hd.png,http://iptvx.one/picons/box-m-serial.png,png,200,200,13053,4,
365,BOX Game HD,Filme,6704,http://c137c781.rossteleccom.net/iptv/WLSHARFG8FUEKR/19284/index.m3u8,saved,output/channel-logos-moldovenesti-full-v2/logos/0365-box-game-hd.png,http://iptvx.one/picons/box-game.png,png,200,200,13276,4,
366,BOX Spy HD,Filme,6705,http://c137c781.rossteleccom.net/iptv/WLSHARFG8FUEKR/19285/index.m3u8,saved,output/channel-logos-moldovenesti-full-v2/logos/0366-box-spy-hd.png,http://iptvx.one/picons/box-spy.png,png,200,200,15090,4,
367,BOX Travel HD,Filme,7147,http://c137c781.rossteleccom.net/iptv/WLSHARFG8FUEKR/19418/index.m3u8,saved,output/channel-logos-moldovenesti-full-v2/logos/0367-box-travel-hd.png,http://epg.pw/media/images/epg/2024/06/08/20240608032331364124_13.png,png,200,200,13596,6,
368,BOX Western HD,Filme,7336,http://c137c781.rossteleccom.net/iptv/WLSHARFG8FUEKR/19419/index.m3u8,saved,output/channel-logos-moldovenesti-full-v2/logos/0368-box-western-hd.png,http://epg.pw/media/images/epg/2024/06/08/20240608033440434823_42.png,png,200,200,12505,5,
369,BOX Zombie HD,Filme,5807,http://c137c781.rossteleccom.net/iptv/WLSHARFG8FUEKR/19420/index.m3u8,saved,output/channel-logos-moldovenesti-full-v2/logos/0369-box-zombie-hd.png,http://epg.pw/media/images/epg/2024/06/08/20240608020804793021_87.png,png,200,200,12814,5,
370,BOX Cyber HD,Filme,452296,http://c137c781.rossteleccom.net/iptv/WLSHARFG8FUEKR/19421/index.m3u8,saved,output/channel-logos-moldovenesti-full-v2/logos/0370-box-cyber-hd.png,http://epg.pw/media/images/epg/2025/08/22/20250822023424998934_54.png,png,200,200,13688,5,
371,PG Insomnia HD,Filme,,http://c137c781.rossteleccom.net/iptv/WLSHARFG8FUEKR/19398/index.m3u8,saved,output/channel-logos-moldovenesti-full-v2/logos/0371-pg-insomnia-hd.png,http://epg.one/img/6836.png,png,165,165,12500,1,
372,MYTV,Filme,104,http://c137c781.rossteleccom.net/iptv/WLSHARFG8FUEKR/19407/index.m3u8,saved,output/channel-logos-moldovenesti-full-v2/logos/0372-mytv.png,http://epg.one/img/110.png,png,165,165,9595,8,
373,MYTV 2,Filme,105,http://c137c781.rossteleccom.net/iptv/WLSHARFG8FUEKR/19408/index.m3u8,saved,output/channel-logos-moldovenesti-full-v2/logos/0373-mytv-2.png,http://iptvx.one/picons/mtv-2-us.png,png,200,200,15509,8,
374,MYTV 3,Filme,106,http://c137c781.rossteleccom.net/iptv/WLSHARFG8FUEKR/19411/index.m3u8,saved,output/channel-logos-moldovenesti-full-v2/logos/0374-mytv-3.png,http://iptvx.one/picons/sport3-slo.png,png,200,200,8134,8,
375,MYTV HIT,Filme,,http://c137c781.rossteleccom.net/iptv/WLSHARFG8FUEKR/19410/index.m3u8,saved,output/channel-logos-moldovenesti-full-v2/logos/0375-mytv-hit.png,http://static.g-cdn.app/streams/ntv-hit.png,png,220,132,3225,8,
376,Citrus Live HD,Filme,6447,http://c137c781.rossteleccom.net/iptv/WLSHARFG8FUEKR/19436/index.m3u8,saved,output/channel-logos-moldovenesti-full-v2/logos/0376-citrus-live-hd.png,http://epg.pw/media/images/epg/2024/06/08/20240608024410810830_28.png,png,200,200,21313,5,
377,Magic Adventure HD,Filme,7487,http://c137c781.rossteleccom.net/iptv/WLSHARFG8FUEKR/20141/index.m3u8,saved,output/channel-logos-moldovenesti-full-v2/logos/0377-magic-adventure-hd.png,http://iptvx.one/picons/magic-adventure.png,png,200,200,19374,4,
378,BOX Ghost HD,Filme,7488,http://c137c781.rossteleccom.net/iptv/WLSHARFG8FUEKR/20154/index.m3u8,saved,output/channel-logos-moldovenesti-full-v2/logos/0378-box-ghost-hd.png,http://iptvx.one/picons/box-ghost.png,png,200,200,13345,4,
379,BOX Stories HD,Filme,7489,http://c137c781.rossteleccom.net/iptv/WLSHARFG8FUEKR/20155/index.m3u8,saved,output/channel-logos-moldovenesti-full-v2/logos/0379-box-stories-hd.png,http://iptvx.one/picons/box-stories.png,png,200,200,13398,4,
380,BOX Fantasy HD,Filme,7490,http://c137c781.rossteleccom.net/iptv/WLSHARFG8FUEKR/20156/index.m3u8,saved,output/channel-logos-moldovenesti-full-v2/logos/0380-box-fantasy-hd.png,http://iptvx.one/picons/box-fantasy.png,png,200,200,14123,4,
381,BOX Premiere 4K,Filme,7491,http://c137c781.rossteleccom.net/iptv/WLSHARFG8FUEKR/20157/index.m3u8,saved,output/channel-logos-moldovenesti-full-v2/logos/0381-box-premiere-4k.png,http://iptvx.one/picons/bcu-premium-premiere-plus-4k-hdr.png,png,200,200,12867,6,
382,BOX Remast 4K,Filme,7492,http://c137c781.rossteleccom.net/iptv/WLSHARFG8FUEKR/20158/index.m3u8,saved,output/channel-logos-moldovenesti-full-v2/logos/0382-box-remast-4k.png,http://iptvx.one/picons/box-remast-4k.png,png,200,200,13073,6,
383,BOX Mayday HD,Filme,7493,http://c137c781.rossteleccom.net/iptv/WLSHARFG8FUEKR/20159/index.m3u8,saved,output/channel-logos-moldovenesti-full-v2/logos/0383-box-mayday-hd.png,http://iptvx.one/picons/box-myday.png,png,200,200,11814,4,
384,DetectiveJam HD,Filme,7901,http://c137c781.rossteleccom.net/iptv/WLSHARFG8FUEKR/20209/index.m3u8,saved,output/channel-logos-moldovenesti-full-v2/logos/0384-detectivejam-hd.png,http://iptvx.one/picons/detectivejam.png,png,200,200,5694,4,
385,FamilyJam HD,Filme,7902,http://c137c781.rossteleccom.net/iptv/WLSHARFG8FUEKR/20210/index.m3u8,saved,output/channel-logos-moldovenesti-full-v2/logos/0385-familyjam-hd.png,http://iptvx.one/picons/familyjam.png,png,200,200,7696,4,
386,Eye Family HD,Filme,7908,http://c137c781.rossteleccom.net/iptv/WLSHARFG8FUEKR/20216/index.m3u8,saved,output/channel-logos-moldovenesti-full-v2/logos/0386-eye-family-hd.png,http://iptvx.one/picons/eye-family.png,png,200,200,18453,4,
387,Eye History HD,Filme,7909,http://c137c781.rossteleccom.net/iptv/WLSHARFG8FUEKR/20217/index.m3u8,saved,output/channel-logos-moldovenesti-full-v2/logos/0387-eye-history-hd.png,http://iptvx.one/picons/eye-history.png,png,200,200,16857,4,
388,Eye Western HD,Filme,7910,http://c137c781.rossteleccom.net/iptv/WLSHARFG8FUEKR/20218/index.m3u8,saved,output/channel-logos-moldovenesti-full-v2/logos/0388-eye-western-hd.png,http://iptvx.one/picons/eye-western.png,png,200,200,19316,4,
389,Eye Drive HD,Filme,7911,http://c137c781.rossteleccom.net/iptv/WLSHARFG8FUEKR/20219/index.m3u8,saved,output/channel-logos-moldovenesti-full-v2/logos/0389-eye-drive-hd.png,http://iptvx.one/picons/eye-drive.png,png,200,200,20472,4,
390,Eye Cyber HD,Filme,7942,http://c137c781.rossteleccom.net/iptv/WLSHARFG8FUEKR/20220/index.m3u8,saved,output/channel-logos-moldovenesti-full-v2/logos/0390-eye-cyber-hd.png,http://iptvx.one/picons/eye-cyber.png,png,200,200,18399,4,
391,Z!Military HD,Filme,,http://c137c781.rossteleccom.net/iptv/WLSHARFG8FUEKR/31696/index.m3u8,saved,output/channel-logos-moldovenesti-full-v2/logos/0391-z-military-hd.png,http://iptvx.one/picons/z-military.png,png,200,200,13682,2,
392,Z!Biography HD,Filme,,http://c137c781.rossteleccom.net/iptv/WLSHARFG8FUEKR/31697/index.m3u8,saved,output/channel-logos-moldovenesti-full-v2/logos/0392-z-biography-hd.png,http://iptvx.one/picons/z-biography.png,png,200,200,14440,2,
393,Z!Adventure HD,Filme,,http://c137c781.rossteleccom.net/iptv/WLSHARFG8FUEKR/31698/index.m3u8,saved,output/channel-logos-moldovenesti-full-v2/logos/0393-z-adventure-hd.png,http://iptvx.one/picons/z-adventure.png,png,200,200,20978,2,
394,Z!Drama HD,Filme,,http://c137c781.rossteleccom.net/iptv/WLSHARFG8FUEKR/31700/index.m3u8,saved,output/channel-logos-moldovenesti-full-v2/logos/0394-z-drama-hd.png,http://iptvx.one/picons/z-drama.png,png,200,200,15319,2,
395,Z!Detective HD,Filme,,http://c137c781.rossteleccom.net/iptv/WLSHARFG8FUEKR/31699/index.m3u8,saved,output/channel-logos-moldovenesti-full-v2/logos/0395-z-detective-hd.png,http://iptvx.one/picons/z-detective.png,png,200,200,9784,2,
396,Z!Fantastic HD,Filme,,http://c137c781.rossteleccom.net/iptv/WLSHARFG8FUEKR/31702/index.m3u8,saved,output/channel-logos-moldovenesti-full-v2/logos/0396-z-fantastic-hd.png,http://iptvx.one/picons/z-fantastic.png,png,200,200,29607,2,
397,Z!Family HD,Filme,,http://c137c781.rossteleccom.net/iptv/WLSHARFG8FUEKR/31701/index.m3u8,saved,output/channel-logos-moldovenesti-full-v2/logos/0397-z-family-hd.png,http://iptvx.one/picons/z-family.png,png,200,200,24416,2,
398,Z!Russian HD,Filme,,http://c137c781.rossteleccom.net/iptv/WLSHARFG8FUEKR/31704/index.m3u8,saved,output/channel-logos-moldovenesti-full-v2/logos/0398-z-russian-hd.png,http://iptvx.one/picons/z-russian.png,png,200,200,47557,2,
399,Z!Fun HD,Filme,,http://c137c781.rossteleccom.net/iptv/WLSHARFG8FUEKR/31706/index.m3u8,saved,output/channel-logos-moldovenesti-full-v2/logos/0399-z-fun-hd.png,http://iptvx.one/picons/z-fun.png,png,200,200,30125,2,
400,Z!Science HD,Filme,,http://c137c781.rossteleccom.net/iptv/WLSHARFG8FUEKR/31705/index.m3u8,saved,output/channel-logos-moldovenesti-full-v2/logos/0400-z-science-hd.png,http://iptvx.one/picons/z-science.png,png,200,200,22035,2,
401,Z!Fantasy HD,Filme,,http://c137c781.rossteleccom.net/iptv/WLSHARFG8FUEKR/31703/index.m3u8,saved,output/channel-logos-moldovenesti-full-v2/logos/0401-z-fantasy-hd.png,http://iptvx.one/picons/z-fantasy.png,png,200,200,26014,2,
402,Z!Thriller HD,Filme,,http://c137c781.rossteleccom.net/iptv/WLSHARFG8FUEKR/31693/index.m3u8,saved,output/channel-logos-moldovenesti-full-v2/logos/0402-z-thriller-hd.png,http://iptvx.one/picons/z-thriller.png,png,200,200,17038,2,
403,Мир Баскетбола HD,Sport,5808,http://c137c781.rossteleccom.net/iptv/WLSHARFG8FUEKR/20004/index.m3u8,saved,output/channel-logos-moldovenesti-full-v2/logos/0403-мир-баскетбола-hd.png,http://epg.pw/media/images/epg/2024/06/08/20240608020807727620_59.png,png,200,200,36799,6,
404,Sky Sports Tennis HD 50 UK,Sport,9400,http://c137c781.rossteleccom.net/iptv/WLSHARFG8FUEKR/6546/index.m3u8,saved,output/channel-logos-moldovenesti-full-v2/logos/0404-sky-sports-tennis-hd-50-uk.png,http://iptvx.one/picons/sky-sports-action.png,png,200,200,14800,8,
405,Eurosport 4K,Sport,eurosport-4k,http://c137c781.rossteleccom.net/iptv/WLSHARFG8FUEKR/31475/index.m3u8,saved,output/channel-logos-moldovenesti-full-v2/logos/0405-eurosport-4k.png,https://iptvx.one/picons/eurosport-4k.png,png,200,200,7896,6,
406,Eurosport 1 HD,Sport,eurosport-hd,http://c137c781.rossteleccom.net/iptv/WLSHARFG8FUEKR/228/index.m3u8,saved,output/channel-logos-moldovenesti-full-v2/logos/0406-eurosport-1-hd.png,http://iptvx.one/picons/eurosport1.png,png,200,200,9294,8,
407,Eurosport 2 HD,Sport,eurosport2-hd,http://c137c781.rossteleccom.net/iptv/WLSHARFG8FUEKR/234/index.m3u8,saved,output/channel-logos-moldovenesti-full-v2/logos/0407-eurosport-2-hd.png,http://iptvx.one/picons/eurosport2.png,png,200,200,9557,8,
408,Sport 3 HD UA,Sport,,http://c137c781.rossteleccom.net/iptv/WLSHARFG8FUEKR/31445/index.m3u8,saved,output/channel-logos-moldovenesti-full-v2/logos/0408-sport-3-hd-ua.png,http://iptvx.one/picons/box-sr-sport-3-live-4k-hdr.png,png,200,200,12115,8,
409,UPL TV HD UA,Sport,,http://c137c781.rossteleccom.net/iptv/WLSHARFG8FUEKR/31446/index.m3u8,saved,output/channel-logos-moldovenesti-full-v2/logos/0409-upl-tv-hd-ua.png,http://iptvx.one/picons/upltv.png,png,200,200,24785,8,
410,Tring Sport 1 HD AL,Sport,,http://c137c781.rossteleccom.net/iptv/WLSHARFG8FUEKR/31563/index.m3u8,saved,output/channel-logos-moldovenesti-full-v2/logos/0410-tring-sport-1-hd-al.png,http://iptvx.one/picons/arena-sport-1-sk.png,png,200,200,10916,8,
411,Tring Sport 2 HD AL,Sport,,http://c137c781.rossteleccom.net/iptv/WLSHARFG8FUEKR/31564/index.m3u8,saved,output/channel-logos-moldovenesti-full-v2/logos/0411-tring-sport-2-hd-al.png,http://iptvx.one/picons/arena-sport-2.png,png,200,200,5843,8,
412,Tring Sport 3 HD AL,Sport,,http://c137c781.rossteleccom.net/iptv/WLSHARFG8FUEKR/31565/index.m3u8,saved,output/channel-logos-moldovenesti-full-v2/logos/0412-tring-sport-3-hd-al.png,http://iptvx.one/picons/arena-sport-3.png,png,200,200,5896,8,
413,Sport 1 HD HU,Sport,393930,http://c137c781.rossteleccom.net/iptv/WLSHARFG8FUEKR/31568/index.m3u8,saved,output/channel-logos-moldovenesti-full-v2/logos/0413-sport-1-hd-hu.png,http://iptvx.one/picons/arena-sport-1-sk.png,png,200,200,10916,8,
414,Sport 2 HD HU,Sport,449431,http://c137c781.rossteleccom.net/iptv/WLSHARFG8FUEKR/31569/index.m3u8,saved,output/channel-logos-moldovenesti-full-v2/logos/0414-sport-2-hd-hu.png,http://iptvx.one/picons/arena-sport-2.png,png,200,200,5843,8,
415,Nova Sport 3 HD CZ,Sport,,http://c137c781.rossteleccom.net/iptv/WLSHARFG8FUEKR/31570/index.m3u8,saved,output/channel-logos-moldovenesti-full-v2/logos/0415-nova-sport-3-hd-cz.png,http://iptvx.one/picons/nova-sport5-cz.png,png,200,200,10948,8,
416,Nova Sport 4 HD CZ,Sport,,http://c137c781.rossteleccom.net/iptv/WLSHARFG8FUEKR/31571/index.m3u8,saved,output/channel-logos-moldovenesti-full-v2/logos/0416-nova-sport-4-hd-cz.png,http://iptvx.one/picons/nova-sport5-cz.png,png,200,200,10948,8,
417,Cytavision Sports 1 GR,Sport,,http://c137c781.rossteleccom.net/iptv/WLSHARFG8FUEKR/31572/index.m3u8,saved,output/channel-logos-moldovenesti-full-v2/logos/0417-cytavision-sports-1-gr.png,http://iptvx.one/picons/bein-sports-1-hk.png,png,200,200,8522,8,
418,Cytavision Sports 2 GR,Sport,,http://c137c781.rossteleccom.net/iptv/WLSHARFG8FUEKR/31573/index.m3u8,saved,output/channel-logos-moldovenesti-full-v2/logos/0418-cytavision-sports-2-gr.png,http://iptvx.one/picons/bein-sports-2-hk.png,png,200,200,8840,8,
419,Cytavision Sports 3 GR,Sport,9247,http://c137c781.rossteleccom.net/iptv/WLSHARFG8FUEKR/31574/index.m3u8,saved,output/channel-logos-moldovenesti-full-v2/logos/0419-cytavision-sports-3-gr.png,http://iptvx.one/picons/bein-sports-3-hk.png,png,200,200,8687,8,
420,Cytavision Sports 5 GR,Sport,9248,http://c137c781.rossteleccom.net/iptv/WLSHARFG8FUEKR/31575/index.m3u8,saved,output/channel-logos-moldovenesti-full-v2/logos/0420-cytavision-sports-5-gr.png,http://iptvx.one/picons/now-sports-5.png,png,200,200,17536,8,
421,Cytavision Sports 6 GR,Sport,9249,http://c137c781.rossteleccom.net/iptv/WLSHARFG8FUEKR/31576/index.m3u8,saved,output/channel-logos-moldovenesti-full-v2/logos/0421-cytavision-sports-6-gr.png,http://iptvx.one/picons/now-sports-6.png,png,200,200,8739,8,
422,Cytavision Sports 7 GR,Sport,9250,http://c137c781.rossteleccom.net/iptv/WLSHARFG8FUEKR/31577/index.m3u8,saved,output/channel-logos-moldovenesti-full-v2/logos/0422-cytavision-sports-7-gr.png,http://iptvx.one/picons/play-sport-7-be.png,png,200,200,13006,8,
423,Cosmote Sport 1 HD GR,Sport,476569,http://c137c781.rossteleccom.net/iptv/WLSHARFG8FUEKR/31578/index.m3u8,saved,output/channel-logos-moldovenesti-full-v2/logos/0423-cosmote-sport-1-hd-gr.png,http://iptvx.one/picons/cosmote-sport6-gr.png,png,200,200,8234,8,
424,Cosmote Sport 2 HD GR,Sport,476571,http://c137c781.rossteleccom.net/iptv/WLSHARFG8FUEKR/31579/index.m3u8,saved,output/channel-logos-moldovenesti-full-v2/logos/0424-cosmote-sport-2-hd-gr.png,http://iptvx.one/picons/cosmote-sport6-gr.png,png,200,200,8234,8,
425,Cosmote Sport 3 HD GR,Sport,476563,http://c137c781.rossteleccom.net/iptv/WLSHARFG8FUEKR/31581/index.m3u8,saved,output/channel-logos-moldovenesti-full-v2/logos/0425-cosmote-sport-3-hd-gr.png,http://iptvx.one/picons/cosmote-sport6-gr.png,png,200,200,8234,8,
426,Cosmote Sport 4 HD GR,Sport,476565,http://c137c781.rossteleccom.net/iptv/WLSHARFG8FUEKR/31582/index.m3u8,saved,output/channel-logos-moldovenesti-full-v2/logos/0426-cosmote-sport-4-hd-gr.png,http://iptvx.one/picons/cosmote-sport6-gr.png,png,200,200,8234,8,
427,Cosmote Sport 5 HD GR,Sport,476557,http://c137c781.rossteleccom.net/iptv/WLSHARFG8FUEKR/31583/index.m3u8,saved,output/channel-logos-moldovenesti-full-v2/logos/0427-cosmote-sport-5-hd-gr.png,http://iptvx.one/picons/cosmote-sport6-gr.png,png,200,200,8234,8,
428,Cosmote Sport 6 HD GR,Sport,476555,http://c137c781.rossteleccom.net/iptv/WLSHARFG8FUEKR/31584/index.m3u8,saved,output/channel-logos-moldovenesti-full-v2/logos/0428-cosmote-sport-6-hd-gr.png,http://epg.pw/media/images/epg/2025/11/09/20251109021025821266_45.png,png,200,200,8234,8,
429,Cosmote Sport 7 HD GR,Sport,476553,http://c137c781.rossteleccom.net/iptv/WLSHARFG8FUEKR/31585/index.m3u8,saved,output/channel-logos-moldovenesti-full-v2/logos/0429-cosmote-sport-7-hd-gr.png,http://iptvx.one/picons/cosmote-sport1-gr.png,png,200,200,8190,8,
430,Cosmote Sport 8 HD GR,Sport,476559,http://c137c781.rossteleccom.net/iptv/WLSHARFG8FUEKR/31586/index.m3u8,saved,output/channel-logos-moldovenesti-full-v2/logos/0430-cosmote-sport-8-hd-gr.png,http://iptvx.one/picons/cosmote-sport1-gr.png,png,200,200,8190,8,
431,Cosmote Sport 9 HD GR,Sport,476562,http://c137c781.rossteleccom.net/iptv/WLSHARFG8FUEKR/31587/index.m3u8,saved,output/channel-logos-moldovenesti-full-v2/logos/0431-cosmote-sport-9-hd-gr.png,http://epg.pw/media/images/epg/2025/11/09/20251109022105375264_13.png,png,200,200,8319,8,
432,Cosmote Sport Highlights HD GR,Sport,,http://c137c781.rossteleccom.net/iptv/WLSHARFG8FUEKR/31588/index.m3u8,saved,output/channel-logos-moldovenesti-full-v2/logos/0432-cosmote-sport-highlights-hd-gr.png,http://iptvx.one/picons/cosmote-sport6-gr.png,png,200,200,8234,8,
433,BOX SR Sport 4K HDR,Sport,453359,http://c137c781.rossteleccom.net/iptv/WLSHARFG8FUEKR/31455/index.m3u8,saved,output/channel-logos-moldovenesti-full-v2/logos/0433-box-sr-sport-4k-hdr.png,http://iptvx.one/picons/box-sr-sport-live-4k-hdr.png,png,200,200,12423,8,
434,Sport Live DK,Sport,,http://c137c781.rossteleccom.net/iptv/WLSHARFG8FUEKR/31589/index.m3u8,saved,output/channel-logos-moldovenesti-full-v2/logos/0434-sport-live-dk.png,http://iptvx.one/picons/tv3-sport-dk.png,png,200,200,42733,8,
435,Sport TV+ HD PT,Sport,405715,http://c137c781.rossteleccom.net/iptv/WLSHARFG8FUEKR/31590/index.m3u8,saved,output/channel-logos-moldovenesti-full-v2/logos/0435-sport-tv-hd-pt.png,http://iptvx.one/picons/sport3-slo.png,png,200,200,8134,8,
436,Canal 11 HD PT,Sport,406912,http://c137c781.rossteleccom.net/iptv/WLSHARFG8FUEKR/31592/index.m3u8,saved,output/channel-logos-moldovenesti-full-v2/logos/0436-canal-11-hd-pt.png,http://epg.pw/media/images/epg/2024/12/23/20241223021214979472_83.png,png,200,200,3003,5,
437,Sport Extra HD RO,Sport,407799,http://c137c781.rossteleccom.net/iptv/WLSHARFG8FUEKR/31595/index.m3u8,saved,output/channel-logos-moldovenesti-full-v2/logos/0437-sport-extra-hd-ro.png,http://iptvx.one/picons/polsat-sport-extra.png,png,200,200,18168,8,
438,Arena Esport HD RS,Sport,Arena.Esport.HD.(RS).rs,http://c137c781.rossteleccom.net/iptv/WLSHARFG8FUEKR/31597/index.m3u8,saved,output/channel-logos-moldovenesti-full-v2/logos/0438-arena-esport-hd-rs.png,http://images-web.ug-be.cdn.united.cloud/2025/04/04/20/43/05/xl_light_480x270.png,png,480,270,8882,5,
439,Arena Fight HD RS,Sport,Arena.Fight.HD.(RS).rs,http://c137c781.rossteleccom.net/iptv/WLSHARFG8FUEKR/31598/index.m3u8,saved,output/channel-logos-moldovenesti-full-v2/logos/0439-arena-fight-hd-rs.png,http://images-web.ug-be.cdn.united.cloud/2025/04/04/20/41/46/xl_light_480x270.png,png,480,270,10409,6,
440,Arena Premium 1 HD RS,Sport,Arena.Premium.1.HD.(RS).rs,http://c137c781.rossteleccom.net/iptv/WLSHARFG8FUEKR/31599/index.m3u8,saved,output/channel-logos-moldovenesti-full-v2/logos/0440-arena-premium-1-hd-rs.png,http://images-web.ug-be.cdn.united.cloud/2025/04/04/20/32/26/xl_light_480x270.png,png,480,270,8023,8,
441,Arena Premium 2 HD RS,Sport,Arena.Premium.2.HD.(RS).rs,http://c137c781.rossteleccom.net/iptv/WLSHARFG8FUEKR/31600/index.m3u8,saved,output/channel-logos-moldovenesti-full-v2/logos/0441-arena-premium-2-hd-rs.png,http://images-web.ug-be.cdn.united.cloud/2025/04/04/20/33/27/xl_light_480x270.png,png,480,270,8943,8,
442,Arena Premium 3 HD RS,Sport,Arena.Premium.3.HD.(RS).rs,http://c137c781.rossteleccom.net/iptv/WLSHARFG8FUEKR/31601/index.m3u8,saved,output/channel-logos-moldovenesti-full-v2/logos/0442-arena-premium-3-hd-rs.png,http://images-web.ug-be.cdn.united.cloud/2025/04/04/20/34/08/xl_light_480x270.png,png,480,270,9200,8,
443,Arena Sport 1 HD RS,Sport,Arena.Sport.1.HD.(RS).rs,http://c137c781.rossteleccom.net/iptv/WLSHARFG8FUEKR/31602/index.m3u8,saved,output/channel-logos-moldovenesti-full-v2/logos/0443-arena-sport-1-hd-rs.png,http://images-web.ug-be.cdn.united.cloud/2025/04/04/20/34/50/xl_light_480x270.png,png,480,270,7394,8,
444,Arena Sport 3 HD RS,Sport,Arena.Sport.3.HD.(RS).rs,http://c137c781.rossteleccom.net/iptv/WLSHARFG8FUEKR/31603/index.m3u8,saved,output/channel-logos-moldovenesti-full-v2/logos/0444-arena-sport-3-hd-rs.png,http://images-web.ug-be.cdn.united.cloud/2025/04/04/20/36/12/xl_light_480x270.png,png,480,270,8649,8,
445,Arena Sport 4 HD RS,Sport,Arena.Sport.4.HD.(RS).rs,http://c137c781.rossteleccom.net/iptv/WLSHARFG8FUEKR/31605/index.m3u8,saved,output/channel-logos-moldovenesti-full-v2/logos/0445-arena-sport-4-hd-rs.png,http://images-web.ug-be.cdn.united.cloud/2025/04/04/20/36/51/xl_light_480x270.png,png,480,270,8338,8,
446,Arena Sport 5 HD RS,Sport,Arena.Sport.5.HD.(RS).rs,http://c137c781.rossteleccom.net/iptv/WLSHARFG8FUEKR/31606/index.m3u8,saved,output/channel-logos-moldovenesti-full-v2/logos/0446-arena-sport-5-hd-rs.png,http://images-web.ug-be.cdn.united.cloud/2025/04/04/20/37/29/xl_light_480x270.png,png,480,270,8498,8,
447,Arena Sport 6 HD RS,Sport,Arena.Sport.6.HD.(RS).rs,http://c137c781.rossteleccom.net/iptv/WLSHARFG8FUEKR/31607/index.m3u8,saved,output/channel-logos-moldovenesti-full-v2/logos/0447-arena-sport-6-hd-rs.png,http://images-web.ug-be.cdn.united.cloud/2025/04/04/20/38/21/xl_light_480x270.png,png,480,270,8577,8,
448,Arena Sport 7 HD RS,Sport,Arena.Sport.7.HD.(RS).rs,http://c137c781.rossteleccom.net/iptv/WLSHARFG8FUEKR/31608/index.m3u8,saved,output/channel-logos-moldovenesti-full-v2/logos/0448-arena-sport-7-hd-rs.png,http://images-web.ug-be.cdn.united.cloud/2025/04/04/20/38/57/xl_light_480x270.png,png,480,270,8233,8,
449,Arena Sport 8 HD RS,Sport,Arena.Sport.8.HD.(RS).rs,http://c137c781.rossteleccom.net/iptv/WLSHARFG8FUEKR/31609/index.m3u8,saved,output/channel-logos-moldovenesti-full-v2/logos/0449-arena-sport-8-hd-rs.png,http://images-web.ug-be.cdn.united.cloud/2025/04/04/20/39/36/xl_light_480x270.png,png,480,270,8521,8,
450,Arena Sport 9 HD RS,Sport,Arena.Sport.9.HD.(RS).rs,http://c137c781.rossteleccom.net/iptv/WLSHARFG8FUEKR/31610/index.m3u8,saved,output/channel-logos-moldovenesti-full-v2/logos/0450-arena-sport-9-hd-rs.png,http://images-web.ug-be.cdn.united.cloud/2025/04/04/20/40/15/xl_light_480x270.png,png,480,270,8529,8,
451,Arena Sport 1x2 HD RS,Sport,Arena.Sport.1X2.HD.(RS).rs,http://c137c781.rossteleccom.net/iptv/WLSHARFG8FUEKR/31611/index.m3u8,saved,output/channel-logos-moldovenesti-full-v2/logos/0451-arena-sport-1x2-hd-rs.png,http://images-web.ug-be.cdn.united.cloud/2025/04/04/20/43/51/xl_light_480x270.png,png,480,270,9607,8,
452,BOX SR Sport 1 Live 4K HDR,Sport,,http://c137c781.rossteleccom.net/iptv/WLSHARFG8FUEKR/31550/index.m3u8,saved,output/channel-logos-moldovenesti-full-v2/logos/0452-box-sr-sport-1-live-4k-hdr.png,http://iptvx.one/picons/box-sr-sport-live-4k-hdr.png,png,200,200,12423,8,
453,BOX SR Sport 2 Live 4K HDR,Sport,9306,http://c137c781.rossteleccom.net/iptv/WLSHARFG8FUEKR/31551/index.m3u8,saved,output/channel-logos-moldovenesti-full-v2/logos/0453-box-sr-sport-2-live-4k-hdr.png,http://iptvx.one/picons/box-sr-sport-live-4k-hdr.png,png,200,200,12423,8,
454,Setanta Sports 2 HD KZ,Sport,62234,http://c137c781.rossteleccom.net/iptv/WLSHARFG8FUEKR/16025/index.m3u8,saved,output/channel-logos-moldovenesti-full-v2/logos/0454-setanta-sports-2-hd-kz.png,http://iptvx.one/picons/setanta2-kz.png,png,200,200,5989,8,
455,Extreme Sports HD,Sport,extreme-sports,http://c137c781.rossteleccom.net/iptv/WLSHARFG8FUEKR/20028/index.m3u8,saved,output/channel-logos-moldovenesti-full-v2/logos/0455-extreme-sports-hd.png,https://iptvx.one/picons/extreme-sports.png,png,200,200,17192,5,
456,UPL TV 1 HD UA,Sport,,http://c137c781.rossteleccom.net/iptv/WLSHARFG8FUEKR/14193/index.m3u8,saved,output/channel-logos-moldovenesti-full-v2/logos/0456-upl-tv-1-hd-ua.png,http://iptvx.one/picons/upltv.png,png,200,200,24785,8,
457,UPL TV 2 HD UA,Sport,,http://c137c781.rossteleccom.net/iptv/WLSHARFG8FUEKR/14194/index.m3u8,saved,output/channel-logos-moldovenesti-full-v2/logos/0457-upl-tv-2-hd-ua.png,http://iptvx.one/picons/upltv.png,png,200,200,24785,8,
458,UPL TV 3 HD UA,Sport,,http://c137c781.rossteleccom.net/iptv/WLSHARFG8FUEKR/14195/index.m3u8,saved,output/channel-logos-moldovenesti-full-v2/logos/0458-upl-tv-3-hd-ua.png,http://iptvx.one/picons/upltv.png,png,200,200,24785,8,
459,QazSport HD KZ,Sport,,http://c137c781.rossteleccom.net/iptv/WLSHARFG8FUEKR/14032/index.m3u8,saved,output/channel-logos-moldovenesti-full-v2/logos/0459-qazsport-hd-kz.png,http://epg.one/img/7509.png,png,165,165,19463,1,
460,Trace Sport Stars HD,Sport,7507,http://c137c781.rossteleccom.net/iptv/WLSHARFG8FUEKR/14030/index.m3u8,saved,output/channel-logos-moldovenesti-full-v2/logos/0460-trace-sport-stars-hd.png,http://iptvx.one/picons/trace-sport-stars.png,png,200,200,12366,5,
461,Super Tennis FHD IT,Sport,,http://c137c781.rossteleccom.net/iptv/WLSHARFG8FUEKR/6079/index.m3u8,saved,output/channel-logos-moldovenesti-full-v2/logos/0461-super-tennis-fhd-it.png,http://iptvx.one/picons/supertennis.png,png,200,200,12338,3,
462,Setanta Sports 1 HD,Sport,setanta-sport-hd,http://c137c781.rossteleccom.net/iptv/WLSHARFG8FUEKR/271/index.m3u8,saved,output/channel-logos-moldovenesti-full-v2/logos/0462-setanta-sports-1-hd.png,http://iptvx.one/picons/setanta-sports.png,png,200,200,5683,8,
463,Setanta Baltic 1 FHD,Sport,,http://c137c781.rossteleccom.net/iptv/WLSHARFG8FUEKR/5069/index.m3u8,saved,output/channel-logos-moldovenesti-full-v2/logos/0463-setanta-baltic-1-fhd.png,http://epg.one/img/6861.png,png,165,165,10286,1,
464,Setanta Sports 2 HD,Sport,setanta-sport-plus-hd,http://c137c781.rossteleccom.net/iptv/WLSHARFG8FUEKR/270/index.m3u8,saved,output/channel-logos-moldovenesti-full-v2/logos/0464-setanta-sports-2-hd.png,http://iptvx.one/picons/setanta2-ge.png,png,200,200,5989,8,
465,Setanta Qazaqstan HD,Sport,setanta-qazaqstan-hd,http://c137c781.rossteleccom.net/iptv/WLSHARFG8FUEKR/2399/index.m3u8,saved,output/channel-logos-moldovenesti-full-v2/logos/0465-setanta-qazaqstan-hd.png,http://iptvx.one/picons/setanta-kz.png,png,200,200,6042,5,
466,Setanta Sports FHD UA,Sport,,http://c137c781.rossteleccom.net/iptv/WLSHARFG8FUEKR/272/index.m3u8,saved,output/channel-logos-moldovenesti-full-v2/logos/0466-setanta-sports-fhd-ua.png,http://iptvx.one/picons/setanta-sports.png,png,200,200,5683,8,
467,Setanta Sports+ FHD UA,Sport,,http://c137c781.rossteleccom.net/iptv/WLSHARFG8FUEKR/5068/index.m3u8,saved,output/channel-logos-moldovenesti-full-v2/logos/0467-setanta-sports-fhd-ua.png,http://iptvx.one/picons/setanta-sports.png,png,200,200,5683,8,
468,Viju+ Sport HD,Sport,viasat-sport-hd,http://c137c781.rossteleccom.net/iptv/WLSHARFG8FUEKR/2007/index.m3u8,saved,output/channel-logos-moldovenesti-full-v2/logos/0468-viju-sport-hd.png,http://iptvx.one/picons/viasat-sport.png,png,200,200,8361,6,
469,ViaPlay Football SE,Sport,,http://c137c781.rossteleccom.net/iptv/WLSHARFG8FUEKR/5078/index.m3u8,saved,output/channel-logos-moldovenesti-full-v2/logos/0469-viaplay-football-se.png,http://iptvx.one/picons/v-sport-football-se.png,png,200,200,14370,3,
470,Xsport HD UA,Sport,,http://c137c781.rossteleccom.net/iptv/WLSHARFG8FUEKR/996/index.m3u8,saved,output/channel-logos-moldovenesti-full-v2/logos/0470-xsport-hd-ua.png,http://iptvx.one/picons/xsport-plus-ua.png,png,200,200,8336,4,
471,Russian Extreme UHD,Sport,,http://c137c781.rossteleccom.net/iptv/WLSHARFG8FUEKR/5003/index.m3u8,saved,output/channel-logos-moldovenesti-full-v2/logos/0471-russian-extreme-uhd.png,http://iptvx.one/picons/russky-ekstrim.png,png,200,200,10804,4,
472,KHL HD,Sport,khl-tv-hd,http://c137c781.rossteleccom.net/iptv/WLSHARFG8FUEKR/215/index.m3u8,saved,output/channel-logos-moldovenesti-full-v2/logos/0472-khl-hd.png,http://static.g-cdn.app/streams/khl-tv-hd.png,png,220,132,9100,4,
473,KHL Prime FHD,Sport,khl-prime-hd,http://c137c781.rossteleccom.net/iptv/WLSHARFG8FUEKR/2403/index.m3u8,saved,output/channel-logos-moldovenesti-full-v2/logos/0473-khl-prime-fhd.png,http://iptvx.one/picons/kxl-hd.png,png,200,200,10841,6,
474,Fast & Fun Box HD,Sport,,http://c137c781.rossteleccom.net/iptv/WLSHARFG8FUEKR/1018/index.m3u8,saved,output/channel-logos-moldovenesti-full-v2/logos/0474-fast-fun-box-hd.png,http://iptvx.one/picons/fastfunbox-hd.png,png,200,200,32365,2,
475,Quest Red HD UK,Sport,,http://c137c781.rossteleccom.net/iptv/WLSHARFG8FUEKR/2396/index.m3u8,saved,output/channel-logos-moldovenesti-full-v2/logos/0475-quest-red-hd-uk.png,http://epg.one/img/9679.png,png,165,165,9967,1,
476,KHL Prime HD 50,Sport,,http://c137c781.rossteleccom.net/iptv/WLSHARFG8FUEKR/10028/index.m3u8,saved,output/channel-logos-moldovenesti-full-v2/logos/0476-khl-prime-hd-50.png,http://iptvx.one/picons/kxl-hd.png,png,200,200,10841,4,
477,Sky Sport F1 FHD DE,Sport,427687,http://c137c781.rossteleccom.net/iptv/WLSHARFG8FUEKR/10079/index.m3u8,saved,output/channel-logos-moldovenesti-full-v2/logos/0477-sky-sport-f1-fhd-de.png,http://iptvx.one/picons/sky-sport-hd2.png,png,200,200,14628,8,
478,StrahTV WWE Russian,Sport,,http://c137c781.rossteleccom.net/iptv/WLSHARFG8FUEKR/11056/index.m3u8,saved,output/channel-logos-moldovenesti-full-v2/logos/0478-strahtv-wwe-russian.png,http://epg.one/img/4787.png,png,165,165,25170,8,
479,FightBox,Sport,Fightbox.lu,http://c137c781.rossteleccom.net/iptv/WLSHARFG8FUEKR/15232/index.m3u8,saved,output/channel-logos-moldovenesti-full-v2/logos/0479-fightbox.png,http://iptvx.one/picons/fightbox-hd.png,png,200,200,30771,5,
480,Q Sport.KG HD,Sport,,http://c137c781.rossteleccom.net/iptv/WLSHARFG8FUEKR/15238/index.m3u8,saved,output/channel-logos-moldovenesti-full-v2/logos/0480-q-sport-kg-hd.png,http://iptvx.one/picons/qsport-kz.png,png,200,200,12528,8,
481,Red Bull TV HD DE,Sport,,http://c137c781.rossteleccom.net/iptv/WLSHARFG8FUEKR/16039/index.m3u8,saved,output/channel-logos-moldovenesti-full-v2/logos/0481-red-bull-tv-hd-de.png,http://iptvx.one/picons/more-than-sport-de.png,png,200,200,14594,8,
482,Red Bull TV HD,Sport,Red.Bull.TV.in,http://c137c781.rossteleccom.net/iptv/WLSHARFG8FUEKR/16040/index.m3u8,saved,output/channel-logos-moldovenesti-full-v2/logos/0482-red-bull-tv-hd.png,http://jiotv.catchup.cdn.jio.com/dare_images/images/channel/ee28cef986ef5b6cf83ec15d062b35fe.png,png,376,288,28596,5,
483,TNT Sports 4 HD UK,Sport,,http://c137c781.rossteleccom.net/iptv/WLSHARFG8FUEKR/19054/index.m3u8,saved,output/channel-logos-moldovenesti-full-v2/logos/0483-tnt-sports-4-hd-uk.png,http://iptvx.one/picons/tnt-sports-prem-ar.png,png,200,200,11658,8,
484,beIN Sports Max 1 FHD TR,Sport,455815,http://c137c781.rossteleccom.net/iptv/WLSHARFG8FUEKR/19062/index.m3u8,saved,output/channel-logos-moldovenesti-full-v2/logos/0484-bein-sports-max-1-fhd-tr.png,http://epg.pw/media/images/epg/2025/09/13/20250913023506469660_26.png,png,200,200,9473,8,
485,beIN Sports Max 2 FHD TR,Sport,442714,http://c137c781.rossteleccom.net/iptv/WLSHARFG8FUEKR/19063/index.m3u8,saved,output/channel-logos-moldovenesti-full-v2/logos/0485-bein-sports-max-2-fhd-tr.png,http://epg.pw/media/images/epg/2025/07/03/20250703022633763886_95.png,png,200,200,9806,8,
486,beIN Sports Haber HD TR,Sport,505115,http://c137c781.rossteleccom.net/iptv/WLSHARFG8FUEKR/19064/index.m3u8,saved,output/channel-logos-moldovenesti-full-v2/logos/0486-bein-sports-haber-hd-tr.png,http://iptvx.one/picons/bein-sports-haber-tr.png,png,200,200,9985,8,
487,TRT Spor FHD TR,Sport,,http://c137c781.rossteleccom.net/iptv/WLSHARFG8FUEKR/19068/index.m3u8,saved,output/channel-logos-moldovenesti-full-v2/logos/0487-trt-spor-fhd-tr.png,http://iptvx.one/picons/a-spor-tr.png,png,200,200,27595,8,
488,A Spor HD TR,Sport,,http://c137c781.rossteleccom.net/iptv/WLSHARFG8FUEKR/19069/index.m3u8,saved,output/channel-logos-moldovenesti-full-v2/logos/0488-a-spor-hd-tr.png,http://iptvx.one/picons/a-spor-tr.png,png,200,200,27595,7,
489,Spor Smart 2 HD TR,Sport,518234,http://c137c781.rossteleccom.net/iptv/WLSHARFG8FUEKR/19073/index.m3u8,saved,output/channel-logos-moldovenesti-full-v2/logos/0489-spor-smart-2-hd-tr.png,http://iptvx.one/picons/s-sport-2-tr.png,png,200,200,13598,8,
490,Tivibu Spor 1 HD TR,Sport,,http://c137c781.rossteleccom.net/iptv/WLSHARFG8FUEKR/19074/index.m3u8,saved,output/channel-logos-moldovenesti-full-v2/logos/0490-tivibu-spor-1-hd-tr.png,http://iptvx.one/picons/tivibu-spor-2.png,png,200,200,7207,8,
491,Tivibu Spor 3 HD TR,Sport,444097,http://c137c781.rossteleccom.net/iptv/WLSHARFG8FUEKR/19076/index.m3u8,saved,output/channel-logos-moldovenesti-full-v2/logos/0491-tivibu-spor-3-hd-tr.png,http://iptvx.one/picons/tivibu-spor-2.png,png,200,200,7207,8,
492,Sky Sport 24 HD IT,Sport,406906,http://c137c781.rossteleccom.net/iptv/WLSHARFG8FUEKR/19127/index.m3u8,saved,output/channel-logos-moldovenesti-full-v2/logos/0492-sky-sport-24-hd-it.png,http://iptvx.one/picons/sky-sport-hd3.png,png,200,200,14796,8,
493,Sky Sport Arena HD IT,Sport,406918,http://c137c781.rossteleccom.net/iptv/WLSHARFG8FUEKR/19128/index.m3u8,saved,output/channel-logos-moldovenesti-full-v2/logos/0493-sky-sport-arena-hd-it.png,http://iptvx.one/picons/sky-sport-hd3.png,png,200,200,14796,8,
494,Sky Sport Golf HD IT,Sport,406922,http://c137c781.rossteleccom.net/iptv/WLSHARFG8FUEKR/19132/index.m3u8,saved,output/channel-logos-moldovenesti-full-v2/logos/0494-sky-sport-golf-hd-it.png,http://iptvx.one/picons/sky-sport-hd2.png,png,200,200,14628,8,
495,Sky Sport MotoGP HD IT,Sport,406910,http://c137c781.rossteleccom.net/iptv/WLSHARFG8FUEKR/19133/index.m3u8,saved,output/channel-logos-moldovenesti-full-v2/logos/0495-sky-sport-motogp-hd-it.png,http://iptvx.one/picons/sky-sport-hd3.png,png,200,200,14796,8,
496,Fox Sports HD AR,Sport,431624,http://c137c781.rossteleccom.net/iptv/WLSHARFG8FUEKR/19138/index.m3u8,saved,output/channel-logos-moldovenesti-full-v2/logos/0496-fox-sports-hd-ar.png,http://iptvx.one/picons/fox-sports3-ar.png,png,200,200,15077,8,
497,Fox Sports HD MX,Sport,415585,http://c137c781.rossteleccom.net/iptv/WLSHARFG8FUEKR/19139/index.m3u8,saved,output/channel-logos-moldovenesti-full-v2/logos/0497-fox-sports-hd-mx.png,http://iptvx.one/picons/fox-sports3-ar.png,png,200,200,15077,8,
498,Fox Sports 506 HD AU,Sport,,http://c137c781.rossteleccom.net/iptv/WLSHARFG8FUEKR/19143/index.m3u8,saved,output/channel-logos-moldovenesti-full-v2/logos/0498-fox-sports-506-hd-au.png,http://iptvx.one/picons/fox-sports3-ar.png,png,200,200,15077,8,
499,Fox Sports Racing US,Sport,88010,http://c137c781.rossteleccom.net/iptv/WLSHARFG8FUEKR/19144/index.m3u8,saved,output/channel-logos-moldovenesti-full-v2/logos/0499-fox-sports-racing-us.png,http://iptvx.one/picons/fox-sports3-ar.png,png,200,200,15077,8,
500,Fox Sports 501 Cricket HD AU,Sport,,http://c137c781.rossteleccom.net/iptv/WLSHARFG8FUEKR/19146/index.m3u8,saved,output/channel-logos-moldovenesti-full-v2/logos/0500-fox-sports-501-cricket-hd-au.png,http://iptvx.one/picons/fox-sports3-ar.png,png,200,200,15077,8,
501,FanDuel Sports North US,Sport,,http://c137c781.rossteleccom.net/iptv/WLSHARFG8FUEKR/19152/index.m3u8,saved,output/channel-logos-moldovenesti-full-v2/logos/0501-fanduel-sports-north-us.png,http://epg.one/img/9207.png,png,165,165,12675,8,
502,FanDuel Sports Midwest US,Sport,,http://c137c781.rossteleccom.net/iptv/WLSHARFG8FUEKR/19153/index.m3u8,saved,output/channel-logos-moldovenesti-full-v2/logos/0502-fanduel-sports-midwest-us.png,http://epg.one/img/6579.png,png,165,165,12721,8,
503,ESPNews US,Sport,,http://c137c781.rossteleccom.net/iptv/WLSHARFG8FUEKR/19154/index.m3u8,saved,output/channel-logos-moldovenesti-full-v2/logos/0503-espnews-us.png,http://epg.one/img/6580.png,png,165,165,17705,1,
504,ESPN 2 HD US,Sport,,http://c137c781.rossteleccom.net/iptv/WLSHARFG8FUEKR/19155/index.m3u8,saved,output/channel-logos-moldovenesti-full-v2/logos/0504-espn-2-hd-us.png,http://iptvx.one/picons/mtv-2-us.png,png,200,200,15509,8,
505,ESPN HD US,Sport,408636,http://c137c781.rossteleccom.net/iptv/WLSHARFG8FUEKR/19156/index.m3u8,saved,output/channel-logos-moldovenesti-full-v2/logos/0505-espn-hd-us.png,http://epg.pw/media/images/epg/2025/01/27/20250127022013891868_22.png,png,200,200,4565,5,
506,DAZN 1 FHD PT,Sport,,http://c137c781.rossteleccom.net/iptv/WLSHARFG8FUEKR/19158/index.m3u8,saved,output/channel-logos-moldovenesti-full-v2/logos/0506-dazn-1-fhd-pt.png,http://iptvx.one/picons/sporttv1-pt.png,png,200,200,7461,8,
507,Benfica TV FHD PT,Sport,,http://c137c781.rossteleccom.net/iptv/WLSHARFG8FUEKR/19160/index.m3u8,saved,output/channel-logos-moldovenesti-full-v2/logos/0507-benfica-tv-fhd-pt.png,http://iptvx.one/picons/sporttvplus-pt.png,png,200,200,7589,6,
508,V Sport Ultra HD SE,Sport,,http://c137c781.rossteleccom.net/iptv/WLSHARFG8FUEKR/19163/index.m3u8,saved,output/channel-logos-moldovenesti-full-v2/logos/0508-v-sport-ultra-hd-se.png,http://iptvx.one/picons/v-sport-ultrahd.png,png,200,200,16299,8,
509,ESPN 1 HD NL,Sport,6685,http://c137c781.rossteleccom.net/iptv/WLSHARFG8FUEKR/19201/index.m3u8,saved,output/channel-logos-moldovenesti-full-v2/logos/0509-espn-1-hd-nl.png,http://iptvx.one/picons/ziggo-sport1-nl.png,png,200,200,9129,5,
510,ESPN 2 HD NL,Sport,6686,http://c137c781.rossteleccom.net/iptv/WLSHARFG8FUEKR/19202/index.m3u8,saved,output/channel-logos-moldovenesti-full-v2/logos/0510-espn-2-hd-nl.png,http://iptvx.one/picons/ziggo-sport2-nl.png,png,200,200,9023,8,
511,ESPN 3 HD NL,Sport,6687,http://c137c781.rossteleccom.net/iptv/WLSHARFG8FUEKR/19203/index.m3u8,saved,output/channel-logos-moldovenesti-full-v2/logos/0511-espn-3-hd-nl.png,http://iptvx.one/picons/ziggo-sport3-nl.png,png,200,200,8941,6,
512,ESPN 4 HD NL,Sport,6688,http://c137c781.rossteleccom.net/iptv/WLSHARFG8FUEKR/19204/index.m3u8,saved,output/channel-logos-moldovenesti-full-v2/logos/0512-espn-4-hd-nl.png,http://iptvx.one/picons/ziggo-sport4-nl.png,png,200,200,8778,5,
513,MMA-TV.com HD,Sport,,http://c137c781.rossteleccom.net/iptv/WLSHARFG8FUEKR/19243/index.m3u8,saved,output/channel-logos-moldovenesti-full-v2/logos/0513-mma-tv-com-hd.png,http://iptvx.one/picons/m1global.png,png,200,200,7933,4,
514,START World HD,Sport,start-world-hd,http://c137c781.rossteleccom.net/iptv/WLSHARFG8FUEKR/19248/index.m3u8,saved,output/channel-logos-moldovenesti-full-v2/logos/0514-start-world-hd.png,http://iptvx.one/picons/start-world.png,png,200,200,8196,6,
515,BOX Be On Edge Live 1 HD,Sport,,http://c137c781.rossteleccom.net/iptv/WLSHARFG8FUEKR/19422/index.m3u8,saved,output/channel-logos-moldovenesti-full-v2/logos/0515-box-be-on-edge-live-1-hd.png,http://iptvx.one/picons/box-beonedge1live.png,png,200,200,12285,8,
516,BOX Be On Edge Live 2 HD,Sport,,http://c137c781.rossteleccom.net/iptv/WLSHARFG8FUEKR/19423/index.m3u8,saved,output/channel-logos-moldovenesti-full-v2/logos/0516-box-be-on-edge-live-2-hd.png,http://iptvx.one/picons/box-sportcast-live2.png,png,200,200,12322,8,
517,BOX Be On Edge HD,Sport,433622,http://c137c781.rossteleccom.net/iptv/WLSHARFG8FUEKR/19424/index.m3u8,saved,output/channel-logos-moldovenesti-full-v2/logos/0517-box-be-on-edge-hd.png,http://iptvx.one/picons/box-beonedge1live.png,png,200,200,12285,8,
518,StrahTV MMA TIME HD,Sport,,http://c137c781.rossteleccom.net/iptv/WLSHARFG8FUEKR/31710/index.m3u8,saved,output/channel-logos-moldovenesti-full-v2/logos/0518-strahtv-mma-time-hd.png,http://epg.one/img/4787.png,png,165,165,25170,8,
519,Spor Smart HD TR,Sport,518238,http://c137c781.rossteleccom.net/iptv/WLSHARFG8FUEKR/20060/index.m3u8,saved,output/channel-logos-moldovenesti-full-v2/logos/0519-spor-smart-hd-tr.png,http://iptvx.one/picons/spor-smart-tr.png,png,200,200,7203,7,
520,Q Arena HD KZ,Sport,,http://c137c781.rossteleccom.net/iptv/WLSHARFG8FUEKR/20061/index.m3u8,saved,output/channel-logos-moldovenesti-full-v2/logos/0520-q-arena-hd-kz.png,http://iptvx.one/picons/qsport-kz.png,png,200,200,12528,2,
521,Q League HD KZ,Sport,,http://c137c781.rossteleccom.net/iptv/WLSHARFG8FUEKR/20062/index.m3u8,saved,output/channel-logos-moldovenesti-full-v2/logos/0521-q-league-hd-kz.png,http://iptvx.one/picons/q-sport-ext.png,png,200,200,12204,2,
522,Setanta Sports 1 FHD KZ,Sport,62227,http://c137c781.rossteleccom.net/iptv/WLSHARFG8FUEKR/20065/index.m3u8,saved,output/channel-logos-moldovenesti-full-v2/logos/0522-setanta-sports-1-fhd-kz.png,http://iptvx.one/picons/setanta2-ge.png,png,200,200,5989,8,
523,Eleven Sports 1 4K PL,Sport,2902,http://c137c781.rossteleccom.net/iptv/WLSHARFG8FUEKR/20068/index.m3u8,saved,output/channel-logos-moldovenesti-full-v2/logos/0523-eleven-sports-1-4k-pl.png,http://iptvx.one/picons/eleven-sports-1.png,png,200,200,11080,8,
524,CineMan Premium,Sport,7485,http://c137c781.rossteleccom.net/iptv/WLSHARFG8FUEKR/20112/index.m3u8,saved,output/channel-logos-moldovenesti-full-v2/logos/0524-cineman-premium.png,http://iptvx.one/picons/cineman-premium.png,png,200,200,25703,4,
525,Fint Ga 1,Sport,7531,http://c137c781.rossteleccom.net/iptv/WLSHARFG8FUEKR/20091/index.m3u8,saved,output/channel-logos-moldovenesti-full-v2/logos/0525-fint-ga-1.png,http://epg.one/img/7533.png,png,165,165,10327,6,
526,Fint Ga 2,Sport,7532,http://c137c781.rossteleccom.net/iptv/WLSHARFG8FUEKR/20092/index.m3u8,saved,output/channel-logos-moldovenesti-full-v2/logos/0526-fint-ga-2.png,http://epg.one/img/7533.png,png,165,165,10327,6,
527,Fint Ga 3,Sport,7533,http://c137c781.rossteleccom.net/iptv/WLSHARFG8FUEKR/20093/index.m3u8,saved,output/channel-logos-moldovenesti-full-v2/logos/0527-fint-ga-3.png,http://epg.one/img/7533.png,png,165,165,10327,6,
528,Fint Ga 4,Sport,8840,http://c137c781.rossteleccom.net/iptv/WLSHARFG8FUEKR/31682/index.m3u8,saved,output/channel-logos-moldovenesti-full-v2/logos/0528-fint-ga-4.png,http://epg.one/img/7533.png,png,165,165,10327,6,
529,Pimple TV 1,Sport,7534,http://c137c781.rossteleccom.net/iptv/WLSHARFG8FUEKR/20094/index.m3u8,saved,output/channel-logos-moldovenesti-full-v2/logos/0529-pimple-tv-1.png,http://iptvx.one/picons/sporttv1-pt.png,png,200,200,7461,8,
530,Pimple TV 3,Sport,7536,http://c137c781.rossteleccom.net/iptv/WLSHARFG8FUEKR/20096/index.m3u8,saved,output/channel-logos-moldovenesti-full-v2/logos/0530-pimple-tv-3.png,http://iptvx.one/picons/sport3-slo.png,png,200,200,8134,8,
531,Pimple TV 4,Sport,7537,http://c137c781.rossteleccom.net/iptv/WLSHARFG8FUEKR/20097/index.m3u8,saved,output/channel-logos-moldovenesti-full-v2/logos/0531-pimple-tv-4.png,http://iptvx.one/picons/tv4-ternopil.png,png,200,200,13788,8,
532,Pimple TV 2,Sport,7535,http://c137c781.rossteleccom.net/iptv/WLSHARFG8FUEKR/20095/index.m3u8,saved,output/channel-logos-moldovenesti-full-v2/logos/0532-pimple-tv-2.png,http://iptvx.one/picons/mtv-2-us.png,png,200,200,15509,8,
533,Pimple TV 5,Sport,7538,http://c137c781.rossteleccom.net/iptv/WLSHARFG8FUEKR/20098/index.m3u8,saved,output/channel-logos-moldovenesti-full-v2/logos/0533-pimple-tv-5.png,http://iptvx.one/picons/sporttv5-pt.png,png,200,200,7897,8,
534,Pimple TV 6,Sport,8839,http://c137c781.rossteleccom.net/iptv/WLSHARFG8FUEKR/31681/index.m3u8,saved,output/channel-logos-moldovenesti-full-v2/logos/0534-pimple-tv-6.png,http://iptvx.one/picons/sporttv6-pt.png,png,200,200,7825,8,
535,ViP Sport 14,Sport,88001,http://c137c781.rossteleccom.net/iptv/WLSHARFG8FUEKR/31675/index.m3u8,saved,output/channel-logos-moldovenesti-full-v2/logos/0535-vip-sport-14.png,http://epg.one/img/7548.png,png,165,165,13119,8,
536,ViP Sport 15,Sport,88018,http://c137c781.rossteleccom.net/iptv/WLSHARFG8FUEKR/31676/index.m3u8,saved,output/channel-logos-moldovenesti-full-v2/logos/0536-vip-sport-15.png,http://epg.one/img/88018.png,png,165,165,13193,8,
537,ViP Sport 16,Sport,88019,http://c137c781.rossteleccom.net/iptv/WLSHARFG8FUEKR/31677/index.m3u8,saved,output/channel-logos-moldovenesti-full-v2/logos/0537-vip-sport-16.png,http://epg.one/img/88019.png,png,165,165,13462,8,
538,ViP Sport 17,Sport,88020,http://c137c781.rossteleccom.net/iptv/WLSHARFG8FUEKR/31678/index.m3u8,saved,output/channel-logos-moldovenesti-full-v2/logos/0538-vip-sport-17.png,http://epg.one/img/88020.png,png,165,165,13230,8,
539,Betking Live 1,Sport,88021,http://c137c781.rossteleccom.net/iptv/WLSHARFG8FUEKR/31679/index.m3u8,saved,output/channel-logos-moldovenesti-full-v2/logos/0539-betking-live-1.png,http://iptvx.one/picons/box-sportcast-live1.png,png,200,200,12101,8,
540,Betking Live 2,Sport,88022,http://c137c781.rossteleccom.net/iptv/WLSHARFG8FUEKR/31680/index.m3u8,saved,output/channel-logos-moldovenesti-full-v2/logos/0540-betking-live-2.png,http://iptvx.one/picons/box-sportcast-live2.png,png,200,200,12322,8,
541,ViP Sport 1,Sport,,http://c137c781.rossteleccom.net/iptv/WLSHARFG8FUEKR/20099/index.m3u8,saved,output/channel-logos-moldovenesti-full-v2/logos/0541-vip-sport-1.png,http://epg.one/img/7548.png,png,165,165,13119,8,
542,ViP Sport 2,Sport,,http://c137c781.rossteleccom.net/iptv/WLSHARFG8FUEKR/20103/index.m3u8,saved,output/channel-logos-moldovenesti-full-v2/logos/0542-vip-sport-2.png,http://epg.one/img/7548.png,png,165,165,13119,8,
543,ViP Sport 3,Sport,,http://c137c781.rossteleccom.net/iptv/WLSHARFG8FUEKR/20104/index.m3u8,saved,output/channel-logos-moldovenesti-full-v2/logos/0543-vip-sport-3.png,http://epg.one/img/7548.png,png,165,165,13119,8,
544,ViP Sport 4,Sport,,http://c137c781.rossteleccom.net/iptv/WLSHARFG8FUEKR/20105/index.m3u8,saved,output/channel-logos-moldovenesti-full-v2/logos/0544-vip-sport-4.png,http://epg.one/img/7548.png,png,165,165,13119,8,
545,ViP Sport 5,Sport,,http://c137c781.rossteleccom.net/iptv/WLSHARFG8FUEKR/20106/index.m3u8,saved,output/channel-logos-moldovenesti-full-v2/logos/0545-vip-sport-5.png,http://epg.one/img/7548.png,png,165,165,13119,8,
546,ViP Sport 6,Sport,,http://c137c781.rossteleccom.net/iptv/WLSHARFG8FUEKR/20107/index.m3u8,saved,output/channel-logos-moldovenesti-full-v2/logos/0546-vip-sport-6.png,http://epg.one/img/7544.png,png,165,165,13166,8,
547,ViP Sport 7,Sport,,http://c137c781.rossteleccom.net/iptv/WLSHARFG8FUEKR/20108/index.m3u8,saved,output/channel-logos-moldovenesti-full-v2/logos/0547-vip-sport-7.png,http://epg.one/img/7548.png,png,165,165,13119,8,
548,ViP Sport 8,Sport,,http://c137c781.rossteleccom.net/iptv/WLSHARFG8FUEKR/20109/index.m3u8,saved,output/channel-logos-moldovenesti-full-v2/logos/0548-vip-sport-8.png,http://epg.one/img/7546.png,png,165,165,13216,8,
549,ViP Sport 9,Sport,,http://c137c781.rossteleccom.net/iptv/WLSHARFG8FUEKR/20110/index.m3u8,saved,output/channel-logos-moldovenesti-full-v2/logos/0549-vip-sport-9.png,http://epg.one/img/7547.png,png,165,165,13303,8,
550,ViP Sport 10,Sport,,http://c137c781.rossteleccom.net/iptv/WLSHARFG8FUEKR/20100/index.m3u8,saved,output/channel-logos-moldovenesti-full-v2/logos/0550-vip-sport-10.png,http://epg.one/img/7548.png,png,165,165,13119,8,
551,ViP Sport 11,Sport,,http://c137c781.rossteleccom.net/iptv/WLSHARFG8FUEKR/20101/index.m3u8,saved,output/channel-logos-moldovenesti-full-v2/logos/0551-vip-sport-11.png,http://epg.one/img/7548.png,png,165,165,13119,8,
552,ViP Sport 12,Sport,,http://c137c781.rossteleccom.net/iptv/WLSHARFG8FUEKR/20102/index.m3u8,saved,output/channel-logos-moldovenesti-full-v2/logos/0552-vip-sport-12.png,http://epg.one/img/7548.png,png,165,165,13119,8,
553,ViP Sport 13,Sport,8832,http://c137c781.rossteleccom.net/iptv/WLSHARFG8FUEKR/31674/index.m3u8,saved,output/channel-logos-moldovenesti-full-v2/logos/0553-vip-sport-13.png,http://epg.one/img/8832.png,png,165,165,13219,8,
554,Vital Sport Drive,Sport,,http://c137c781.rossteleccom.net/iptv/WLSHARFG8FUEKR/20160/index.m3u8,saved,output/channel-logos-moldovenesti-full-v2/logos/0554-vital-sport-drive.png,http://epg.one/img/88012.png,png,165,165,10604,1,
555,BOX SportCast Live 1 HD,Sport,450995,http://c137c781.rossteleccom.net/iptv/WLSHARFG8FUEKR/20166/index.m3u8,saved,output/channel-logos-moldovenesti-full-v2/logos/0555-box-sportcast-live-1-hd.png,http://iptvx.one/picons/box-sportcast-live3.png,png,200,200,12378,8,
556,BOX SportCast Live 2 HD,Sport,451014,http://c137c781.rossteleccom.net/iptv/WLSHARFG8FUEKR/20167/index.m3u8,saved,output/channel-logos-moldovenesti-full-v2/logos/0556-box-sportcast-live-2-hd.png,http://iptvx.one/picons/box-sportcast-live3.png,png,200,200,12378,8,
557,BOX SportCast Live 3 HD,Sport,451013,http://c137c781.rossteleccom.net/iptv/WLSHARFG8FUEKR/20168/index.m3u8,saved,output/channel-logos-moldovenesti-full-v2/logos/0557-box-sportcast-live-3-hd.png,http://epg.pw/media/images/epg/2025/08/15/20250815023911836630_49.png,png,200,200,12378,8,
558,BOX SportCast Live 4 HD,Sport,451016,http://c137c781.rossteleccom.net/iptv/WLSHARFG8FUEKR/20169/index.m3u8,saved,output/channel-logos-moldovenesti-full-v2/logos/0558-box-sportcast-live-4-hd.png,http://iptvx.one/picons/box-sportcast-live3.png,png,200,200,12378,8,
559,BOX SportCast Live 5 HD,Sport,451015,http://c137c781.rossteleccom.net/iptv/WLSHARFG8FUEKR/20170/index.m3u8,saved,output/channel-logos-moldovenesti-full-v2/logos/0559-box-sportcast-live-5-hd.png,http://iptvx.one/picons/box-sportcast-live3.png,png,200,200,12378,8,
560,BOX SportCast Live 6 HD,Sport,451018,http://c137c781.rossteleccom.net/iptv/WLSHARFG8FUEKR/31648/index.m3u8,saved,output/channel-logos-moldovenesti-full-v2/logos/0560-box-sportcast-live-6-hd.png,http://iptvx.one/picons/box-sportcast-live3.png,png,200,200,12378,8,
561,BOX SportCast Live 7 HD,Sport,451017,http://c137c781.rossteleccom.net/iptv/WLSHARFG8FUEKR/31649/index.m3u8,saved,output/channel-logos-moldovenesti-full-v2/logos/0561-box-sportcast-live-7-hd.png,http://iptvx.one/picons/box-sportcast-live3.png,png,200,200,12378,8,
562,BOX SportCast HD,Sport,454594,http://c137c781.rossteleccom.net/iptv/WLSHARFG8FUEKR/31650/index.m3u8,saved,output/channel-logos-moldovenesti-full-v2/logos/0562-box-sportcast-hd.png,http://iptvx.one/picons/box-sportcast-live3.png,png,200,200,12378,8,
563,Diema Sport 3 HD BG,Sport,11427,http://c137c781.rossteleccom.net/iptv/WLSHARFG8FUEKR/31917/index.m3u8,saved,output/channel-logos-moldovenesti-full-v2/logos/0563-diema-sport-3-hd-bg.png,http://iptvx.one/picons/diema-sport-2.png,png,200,200,25298,8,
564,Sport TV HD AZ,Sport,11429,http://c137c781.rossteleccom.net/iptv/WLSHARFG8FUEKR/31926/index.m3u8,saved,output/channel-logos-moldovenesti-full-v2/logos/0564-sport-tv-hd-az.png,http://iptvx.one/picons/sport3-slo.png,png,200,200,8134,8,
565,Fast Sports,Sport,436515,http://c137c781.rossteleccom.net/iptv/WLSHARFG8FUEKR/30199/index.m3u8,saved,output/channel-logos-moldovenesti-full-v2/logos/0565-fast-sports.png,http://epg.pw/media/images/epg/2025/06/17/20250617020902299072_18.png,png,200,200,6411,8,
566,ТНТ Music HD,Muzica,6806,http://c137c781.rossteleccom.net/iptv/WLSHARFG8FUEKR/19223/index.m3u8,saved,output/channel-logos-moldovenesti-full-v2/logos/0566-тнт-music-hd.png,http://epg.pw/media/images/epg/2024/06/08/20240608030432619419_57.png,png,200,200,57856,6,
567,Retro Music TV CZ,Muzica,88046,http://c137c781.rossteleccom.net/iptv/WLSHARFG8FUEKR/31558/index.m3u8,saved,output/channel-logos-moldovenesti-full-v2/logos/0567-retro-music-tv-cz.png,http://iptvx.one/picons/c-music-tv.png,png,200,200,13041,8,
568,Deluxe Dance HD DE,Muzica,88047,http://c137c781.rossteleccom.net/iptv/WLSHARFG8FUEKR/31560/index.m3u8,saved,output/channel-logos-moldovenesti-full-v2/logos/0568-deluxe-dance-hd-de.png,http://epg.one/img/88047.png,png,165,165,8465,3,
569,VF Michael Jackson,Muzica,9230,http://c137c781.rossteleccom.net/iptv/WLSHARFG8FUEKR/31554/index.m3u8,saved,output/channel-logos-moldovenesti-full-v2/logos/0569-vf-michael-jackson.png,http://epg.one/img/9230.png,png,165,165,10345,3,
570,VB Greatest Hits,Muzica,8805,http://c137c781.rossteleccom.net/iptv/WLSHARFG8FUEKR/31622/index.m3u8,saved,output/channel-logos-moldovenesti-full-v2/logos/0570-vb-greatest-hits.png,http://epg.one/img/8805.png,png,165,165,13273,3,
571,VB Yo! MTV HD,Muzica,8806,http://c137c781.rossteleccom.net/iptv/WLSHARFG8FUEKR/31623/index.m3u8,saved,output/channel-logos-moldovenesti-full-v2/logos/0571-vb-yo-mtv-hd.png,http://iptvx.one/picons/mtv-classic-us.png,png,200,200,21639,8,
572,VeleS Dj Set,Muzica,8807,http://c137c781.rossteleccom.net/iptv/WLSHARFG8FUEKR/31639/index.m3u8,saved,output/channel-logos-moldovenesti-full-v2/logos/0572-veles-dj-set.png,http://iptvx.one/picons/veles-djset.png,png,200,200,20576,4,
573,1HD Music Television HD,Muzica,,http://c137c781.rossteleccom.net/iptv/WLSHARFG8FUEKR/17038/index.m3u8,saved,output/channel-logos-moldovenesti-full-v2/logos/0573-1hd-music-television-hd.png,http://iptvx.one/picons/1hd-music.png,png,200,200,33580,6,
574,BOX Metall HD,Muzica,400133,http://c137c781.rossteleccom.net/iptv/WLSHARFG8FUEKR/31651/index.m3u8,saved,output/channel-logos-moldovenesti-full-v2/logos/0574-box-metall-hd.png,http://epg.pw/media/images/epg/2024/10/31/20241031022054809899_78.png,png,200,200,16133,5,
575,BCU Russia 90s HD,Muzica,8769,http://c137c781.rossteleccom.net/iptv/WLSHARFG8FUEKR/31658/index.m3u8,saved,output/channel-logos-moldovenesti-full-v2/logos/0575-bcu-russia-90s-hd.png,http://iptvx.one/picons/bcu-russia90s.png,png,200,200,27787,4,
576,Europa Plus TV HD,Muzica,evropa-plus-tv-hd,http://c137c781.rossteleccom.net/iptv/WLSHARFG8FUEKR/20029/index.m3u8,saved,output/channel-logos-moldovenesti-full-v2/logos/0576-europa-plus-tv-hd.png,http://iptvx.one/picons/belviasat-plustv.png,png,200,200,35481,8,
577,VF Modern Talking,Muzica,7552,http://c137c781.rossteleccom.net/iptv/WLSHARFG8FUEKR/14004/index.m3u8,saved,output/channel-logos-moldovenesti-full-v2/logos/0577-vf-modern-talking.png,http://epg.one/img/6193.png,png,165,165,31710,4,
578,VF Britney Spears,Muzica,7553,http://c137c781.rossteleccom.net/iptv/WLSHARFG8FUEKR/14005/index.m3u8,saved,output/channel-logos-moldovenesti-full-v2/logos/0578-vf-britney-spears.png,http://epg.one/img/7553.png,png,165,165,25782,3,
579,VF Music,Muzica,5986,http://c137c781.rossteleccom.net/iptv/WLSHARFG8FUEKR/15516/index.m3u8,saved,output/channel-logos-moldovenesti-full-v2/logos/0579-vf-music.png,http://epg.one/img/5986.png,png,165,165,25130,3,
580,VF Rock,Muzica,5987,http://c137c781.rossteleccom.net/iptv/WLSHARFG8FUEKR/15517/index.m3u8,saved,output/channel-logos-moldovenesti-full-v2/logos/0580-vf-rock.png,http://epg.one/img/5987.png,png,165,165,22520,3,
581,VF Metal,Muzica,6168,http://c137c781.rossteleccom.net/iptv/WLSHARFG8FUEKR/17033/index.m3u8,saved,output/channel-logos-moldovenesti-full-v2/logos/0581-vf-metal.png,http://epg.one/img/6168.png,png,165,165,22405,3,
582,VF Rap,Muzica,6169,http://c137c781.rossteleccom.net/iptv/WLSHARFG8FUEKR/17034/index.m3u8,saved,output/channel-logos-moldovenesti-full-v2/logos/0582-vf-rap.png,http://epg.one/img/6169.png,png,165,165,29399,3,
583,Yosso TV Music Hits,Muzica,6645,http://c137c781.rossteleccom.net/iptv/WLSHARFG8FUEKR/14179/index.m3u8,saved,output/channel-logos-moldovenesti-full-v2/logos/0583-yosso-tv-music-hits.png,http://iptvx.one/picons/c-cartoon.png,png,200,200,21333,8,
584,Classic Music HD,Muzica,classic-music,http://c137c781.rossteleccom.net/iptv/WLSHARFG8FUEKR/14009/index.m3u8,saved,output/channel-logos-moldovenesti-full-v2/logos/0584-classic-music-hd.png,https://iptvx.one/picons/classic-music.png,png,200,200,12422,4,
585,MTV HD US,Muzica,413182,http://c137c781.rossteleccom.net/iptv/WLSHARFG8FUEKR/2130/index.m3u8,saved,output/channel-logos-moldovenesti-full-v2/logos/0585-mtv-hd-us.png,http://iptvx.one/picons/mtv-live-us.png,png,200,200,8972,8,
586,Bridge TV,Muzica,bridge-tv,http://c137c781.rossteleccom.net/iptv/WLSHARFG8FUEKR/122/index.m3u8,saved,output/channel-logos-moldovenesti-full-v2/logos/0586-bridge-tv.png,http://iptvx.one/picons/bridge-tv-ruxit.png,png,200,200,14064,8,
587,Bridge Deluxe HD,Muzica,,http://c137c781.rossteleccom.net/iptv/WLSHARFG8FUEKR/236/index.m3u8,saved,output/channel-logos-moldovenesti-full-v2/logos/0587-bridge-deluxe-hd.png,http://iptvx.one/picons/bridge-hd.png,png,200,200,9510,3,
588,Mezzo Live HD,Muzica,mezzo-hd,http://c137c781.rossteleccom.net/iptv/WLSHARFG8FUEKR/208/index.m3u8,saved,output/channel-logos-moldovenesti-full-v2/logos/0588-mezzo-live-hd.png,http://iptvx.one/picons/mezzo-live-hd.png,png,200,200,8869,7,
589,Mezzo,Muzica,451926,http://c137c781.rossteleccom.net/iptv/WLSHARFG8FUEKR/707/index.m3u8,saved,output/channel-logos-moldovenesti-full-v2/logos/0589-mezzo.png,http://iptvx.one/picons/mezzo-live-hd.png,png,200,200,8869,6,
590,Vostok TV,Muzica,,http://c137c781.rossteleccom.net/iptv/WLSHARFG8FUEKR/1054/index.m3u8,saved,output/channel-logos-moldovenesti-full-v2/logos/0590-vostok-tv.png,http://iptvx.one/picons/vostok-tv.png,png,200,200,38893,2,
591,RFM TV HD FR,Muzica,88050,http://c137c781.rossteleccom.net/iptv/WLSHARFG8FUEKR/1038/index.m3u8,saved,output/channel-logos-moldovenesti-full-v2/logos/0591-rfm-tv-hd-fr.png,http://iptvx.one/picons/rfm-tv-fr.png,png,200,200,35792,8,
592,MCM Top Russia,Muzica,,http://c137c781.rossteleccom.net/iptv/WLSHARFG8FUEKR/836/index.m3u8,saved,output/channel-logos-moldovenesti-full-v2/logos/0592-mcm-top-russia.png,http://iptvx.one/picons/mcm-top.png,png,200,200,10730,4,
593,Clubbing TV HD,Muzica,CLUBBING.TV.lu,http://c137c781.rossteleccom.net/iptv/WLSHARFG8FUEKR/2395/index.m3u8,saved,output/channel-logos-moldovenesti-full-v2/logos/0593-clubbing-tv-hd.png,http://iptvx.one/picons/clubbing-tv.png,png,200,200,15456,6,
594,AIVA TV HD,Muzica,,http://c137c781.rossteleccom.net/iptv/WLSHARFG8FUEKR/2156/index.m3u8,saved,output/channel-logos-moldovenesti-full-v2/logos/0594-aiva-tv-hd.png,http://iptvx.one/picons/aiva.png,png,200,200,23903,3,
595,NRG 91 HD GR,Muzica,,http://c137c781.rossteleccom.net/iptv/WLSHARFG8FUEKR/7223/index.m3u8,saved,output/channel-logos-moldovenesti-full-v2/logos/0595-nrg-91-hd-gr.png,http://epg.one/img/4650.png,png,165,165,9404,1,
596,KroneHit TV HD AT,Muzica,,http://c137c781.rossteleccom.net/iptv/WLSHARFG8FUEKR/10065/index.m3u8,saved,output/channel-logos-moldovenesti-full-v2/logos/0596-kronehit-tv-hd-at.png,http://epg.one/img/4653.png,png,165,165,26202,1,
597,4Fun TV PL,Muzica,,http://c137c781.rossteleccom.net/iptv/WLSHARFG8FUEKR/10069/index.m3u8,saved,output/channel-logos-moldovenesti-full-v2/logos/0597-4fun-tv-pl.png,http://iptvx.one/picons/4fun.png,png,200,200,24016,8,
598,Deejay TV HD IT,Muzica,407798,http://c137c781.rossteleccom.net/iptv/WLSHARFG8FUEKR/10070/index.m3u8,saved,output/channel-logos-moldovenesti-full-v2/logos/0598-deejay-tv-hd-it.png,http://iptvx.one/picons/radio-italia-tv-it.png,png,200,200,17148,8,
599,Spirit TV HD,Muzica,,http://c137c781.rossteleccom.net/iptv/WLSHARFG8FUEKR/10073/index.m3u8,saved,output/channel-logos-moldovenesti-full-v2/logos/0599-spirit-tv-hd.png,http://epg.one/img/4657.png,png,165,165,23280,1,
600,Baraza Music HD GR,Muzica,,http://c137c781.rossteleccom.net/iptv/WLSHARFG8FUEKR/10077/index.m3u8,saved,output/channel-logos-moldovenesti-full-v2/logos/0600-baraza-music-hd-gr.png,http://epg.one/img/4651.png,png,165,165,12181,1,
601,Z!Music HD,Muzica,,http://c137c781.rossteleccom.net/iptv/WLSHARFG8FUEKR/14138/index.m3u8,saved,output/channel-logos-moldovenesti-full-v2/logos/0601-z-music-hd.png,http://epg.one/img/5290.png,png,165,165,28140,1,
602,Z!Rock HD,Muzica,,http://c137c781.rossteleccom.net/iptv/WLSHARFG8FUEKR/14139/index.m3u8,saved,output/channel-logos-moldovenesti-full-v2/logos/0602-z-rock-hd.png,http://epg.one/img/5291.png,png,165,165,27356,1,
603,Music Box Gold,Muzica,music-box-gold,http://c137c781.rossteleccom.net/iptv/WLSHARFG8FUEKR/14149/index.m3u8,saved,output/channel-logos-moldovenesti-full-v2/logos/0603-music-box-gold.png,http://iptvx.one/picons/musicbox-pl.png,png,200,200,30659,7,
604,VB Dance Hits of 90s,Muzica,,http://c137c781.rossteleccom.net/iptv/WLSHARFG8FUEKR/14154/index.m3u8,saved,output/channel-logos-moldovenesti-full-v2/logos/0604-vb-dance-hits-of-90s.png,http://epg.one/img/5371.png,png,165,165,33220,2,
605,VB Russian Dance Hits of 90s,Muzica,,http://c137c781.rossteleccom.net/iptv/WLSHARFG8FUEKR/14156/index.m3u8,saved,output/channel-logos-moldovenesti-full-v2/logos/0605-vb-russian-dance-hits-of-90s.png,http://epg.one/img/5371.png,png,165,165,33220,2,
606,V2BEAT HD UK,Muzica,,http://c137c781.rossteleccom.net/iptv/WLSHARFG8FUEKR/15020/index.m3u8,saved,output/channel-logos-moldovenesti-full-v2/logos/0606-v2beat-hd-uk.png,http://epg.one/img/5483.png,png,165,165,11575,1,
607,MM Relax HD,Muzica,,http://c137c781.rossteleccom.net/iptv/WLSHARFG8FUEKR/13030/index.m3u8,saved,output/channel-logos-moldovenesti-full-v2/logos/0607-mm-relax-hd.png,http://epg.one/img/5573.png,png,165,165,25732,1,
608,Trace Urban HD,Muzica,5597,http://c137c781.rossteleccom.net/iptv/WLSHARFG8FUEKR/15107/index.m3u8,saved,output/channel-logos-moldovenesti-full-v2/logos/0608-trace-urban-hd.png,http://iptvx.one/picons/trace-urban.png,png,200,200,6950,5,
609,VB Best Live Performances,Muzica,,http://c137c781.rossteleccom.net/iptv/WLSHARFG8FUEKR/16003/index.m3u8,saved,output/channel-logos-moldovenesti-full-v2/logos/0609-vb-best-live-performances.png,http://epg.one/img/6008.png,png,165,165,31821,1,
610,VB Romantic and Ballads,Muzica,,http://c137c781.rossteleccom.net/iptv/WLSHARFG8FUEKR/16014/index.m3u8,saved,output/channel-logos-moldovenesti-full-v2/logos/0610-vb-romantic-and-ballads.png,http://epg.one/img/6009.png,png,165,165,32426,1,
611,InRating TV HD UA,Muzica,,http://c137c781.rossteleccom.net/iptv/WLSHARFG8FUEKR/16020/index.m3u8,saved,output/channel-logos-moldovenesti-full-v2/logos/0611-inrating-tv-hd-ua.png,http://iptvx.one/picons/ictv.png,png,200,200,22589,8,
612,Kiss Kiss HD IT,Muzica,,http://c137c781.rossteleccom.net/iptv/WLSHARFG8FUEKR/16072/index.m3u8,saved,output/channel-logos-moldovenesti-full-v2/logos/0612-kiss-kiss-hd-it.png,http://iptvx.one/picons/kiss-tv-ro.png,png,200,200,17082,4,
613,Kiss Kiss Italia HD,Muzica,6117,http://c137c781.rossteleccom.net/iptv/WLSHARFG8FUEKR/16073/index.m3u8,saved,output/channel-logos-moldovenesti-full-v2/logos/0613-kiss-kiss-italia-hd.png,http://iptvx.one/picons/kiss-tv-ro.png,png,200,200,17082,5,
614,Zerouno TV HD IT,Muzica,,http://c137c781.rossteleccom.net/iptv/WLSHARFG8FUEKR/16076/index.m3u8,saved,output/channel-logos-moldovenesti-full-v2/logos/0614-zerouno-tv-hd-it.png,http://iptvx.one/picons/radio-italia-tv-it.png,png,200,200,17148,5,
615,Deluxe Music HD DE,Muzica,392316,http://c137c781.rossteleccom.net/iptv/WLSHARFG8FUEKR/17047/index.m3u8,saved,output/channel-logos-moldovenesti-full-v2/logos/0615-deluxe-music-hd-de.png,http://epg.pw/media/images/epg/2024/10/14/20241014021734453822_20.png,png,200,200,8705,6,
616,VB Modern Talking and Co,Muzica,,http://c137c781.rossteleccom.net/iptv/WLSHARFG8FUEKR/17052/index.m3u8,saved,output/channel-logos-moldovenesti-full-v2/logos/0616-vb-modern-talking-and-co.png,http://epg.one/img/6193.png,png,165,165,31710,2,
617,FRESH Hits HD,Muzica,,http://c137c781.rossteleccom.net/iptv/WLSHARFG8FUEKR/18084/index.m3u8,saved,output/channel-logos-moldovenesti-full-v2/logos/0617-fresh-hits-hd.png,http://epg.one/img/6272.png,png,165,165,25221,1,
618,FRESH Russian Hits HD,Muzica,,http://c137c781.rossteleccom.net/iptv/WLSHARFG8FUEKR/18085/index.m3u8,saved,output/channel-logos-moldovenesti-full-v2/logos/0618-fresh-russian-hits-hd.png,http://iptvx.one/picons/fresh-russian.png,png,200,200,14110,4,
619,FRESH Sad Music HD,Muzica,,http://c137c781.rossteleccom.net/iptv/WLSHARFG8FUEKR/18086/index.m3u8,saved,output/channel-logos-moldovenesti-full-v2/logos/0619-fresh-sad-music-hd.png,http://epg.one/img/6274.png,png,165,165,24856,1,
620,FRESH Dance HD,Muzica,,http://c137c781.rossteleccom.net/iptv/WLSHARFG8FUEKR/18087/index.m3u8,saved,output/channel-logos-moldovenesti-full-v2/logos/0620-fresh-dance-hd.png,http://epg.one/img/6275.png,png,165,165,24870,1,
621,FRESH Rock HD,Muzica,,http://c137c781.rossteleccom.net/iptv/WLSHARFG8FUEKR/18088/index.m3u8,saved,output/channel-logos-moldovenesti-full-v2/logos/0621-fresh-rock-hd.png,http://epg.one/img/6276.png,png,165,165,22740,2,
622,FRESH Rock Covers HD,Muzica,,http://c137c781.rossteleccom.net/iptv/WLSHARFG8FUEKR/18089/index.m3u8,saved,output/channel-logos-moldovenesti-full-v2/logos/0622-fresh-rock-covers-hd.png,http://epg.one/img/6276.png,png,165,165,22740,2,
623,FRESH Russian Rap HD,Muzica,,http://c137c781.rossteleccom.net/iptv/WLSHARFG8FUEKR/18090/index.m3u8,saved,output/channel-logos-moldovenesti-full-v2/logos/0623-fresh-russian-rap-hd.png,http://iptvx.one/picons/fresh-russian.png,png,200,200,14110,4,
624,FRESH Concerts HD,Muzica,,http://c137c781.rossteleccom.net/iptv/WLSHARFG8FUEKR/18091/index.m3u8,saved,output/channel-logos-moldovenesti-full-v2/logos/0624-fresh-concerts-hd.png,http://epg.one/img/6279.png,png,165,165,25962,1,
625,FRESH Retro HD,Muzica,,http://c137c781.rossteleccom.net/iptv/WLSHARFG8FUEKR/18092/index.m3u8,saved,output/channel-logos-moldovenesti-full-v2/logos/0625-fresh-retro-hd.png,http://epg.one/img/6280.png,png,165,165,24825,1,
626,FRESH Lyrics HD,Muzica,,http://c137c781.rossteleccom.net/iptv/WLSHARFG8FUEKR/18093/index.m3u8,saved,output/channel-logos-moldovenesti-full-v2/logos/0626-fresh-lyrics-hd.png,http://epg.one/img/6281.png,png,165,165,25510,1,
627,MTV Classic,Muzica,MTV.Classic.us2,http://c137c781.rossteleccom.net/iptv/WLSHARFG8FUEKR/19148/index.m3u8,saved,output/channel-logos-moldovenesti-full-v2/logos/0627-mtv-classic.png,http://iptvx.one/picons/mtv-classic-us.png,png,200,200,21639,8,
628,Now 70s UK,Muzica,,http://c137c781.rossteleccom.net/iptv/WLSHARFG8FUEKR/19194/index.m3u8,saved,output/channel-logos-moldovenesti-full-v2/logos/0628-now-70s-uk.png,http://epg.one/img/6625.png,png,165,165,11197,1,
629,Now 80s UK,Muzica,,http://c137c781.rossteleccom.net/iptv/WLSHARFG8FUEKR/19196/index.m3u8,saved,output/channel-logos-moldovenesti-full-v2/logos/0629-now-80s-uk.png,http://epg.one/img/6627.png,png,165,165,47191,1,
630,Now Rock UK,Muzica,,http://c137c781.rossteleccom.net/iptv/WLSHARFG8FUEKR/19197/index.m3u8,saved,output/channel-logos-moldovenesti-full-v2/logos/0630-now-rock-uk.png,http://iptvx.one/picons/now-rock.png,png,200,200,34861,2,
631,NRJ Hits HD,Muzica,NRJ.Hits.fr,http://c137c781.rossteleccom.net/iptv/WLSHARFG8FUEKR/19199/index.m3u8,saved,output/channel-logos-moldovenesti-full-v2/logos/0631-nrj-hits-hd.png,http://iptvx.one/picons/nrj-hits-fr.png,png,200,200,18630,4,
632,Bridge Rock HD,Muzica,,http://c137c781.rossteleccom.net/iptv/WLSHARFG8FUEKR/19225/index.m3u8,saved,output/channel-logos-moldovenesti-full-v2/logos/0632-bridge-rock-hd.png,http://iptvx.one/picons/bridge-tv-rock.png,png,200,200,9933,4,
633,Bridge Hits HD,Muzica,,http://c137c781.rossteleccom.net/iptv/WLSHARFG8FUEKR/19227/index.m3u8,saved,output/channel-logos-moldovenesti-full-v2/logos/0633-bridge-hits-hd.png,http://static.g-cdn.app/streams/bridge-tv-hits.png,png,220,132,6483,3,
634,RU TV HD,Muzica,ru-tv-hd,http://c137c781.rossteleccom.net/iptv/WLSHARFG8FUEKR/19247/index.m3u8,saved,output/channel-logos-moldovenesti-full-v2/logos/0634-ru-tv-hd.png,http://iptvx.one/picons/ru-tv-by.png,png,200,200,10337,8,
635,Plan_B HD,Muzica,plan-b-hd,http://c137c781.rossteleccom.net/iptv/WLSHARFG8FUEKR/19249/index.m3u8,saved,output/channel-logos-moldovenesti-full-v2/logos/0635-plan_b-hd.png,http://static.g-cdn.app/streams/plan-b-hd.png,png,220,132,8166,3,
636,Music Box Russia HD,Muzica,,http://c137c781.rossteleccom.net/iptv/WLSHARFG8FUEKR/19255/index.m3u8,saved,output/channel-logos-moldovenesti-full-v2/logos/0636-music-box-russia-hd.png,http://iptvx.one/picons/musicbox-pl.png,png,200,200,30659,5,
637,BOX Music 4K HDR,Muzica,400127,http://c137c781.rossteleccom.net/iptv/WLSHARFG8FUEKR/19282/index.m3u8,saved,output/channel-logos-moldovenesti-full-v2/logos/0637-box-music-4k-hdr.png,http://epg.pw/media/images/epg/2024/10/31/20241031021132824452_57.png,png,200,200,13220,6,
638,BOX Relax 4K,Muzica,6708,http://c137c781.rossteleccom.net/iptv/WLSHARFG8FUEKR/19283/index.m3u8,saved,output/channel-logos-moldovenesti-full-v2/logos/0638-box-relax-4k.png,http://iptvx.one/picons/box-relax.png,png,200,200,13513,4,
639,CHD-TV Rock HD,Muzica,11512,http://c137c781.rossteleccom.net/iptv/WLSHARFG8FUEKR/19394/index.m3u8,saved,output/channel-logos-moldovenesti-full-v2/logos/0639-chd-tv-rock-hd.png,http://iptvx.one/picons/eskatv-rock.png,png,200,200,41704,7,
640,VB Eurodance Hits 90s,Muzica,,http://c137c781.rossteleccom.net/iptv/WLSHARFG8FUEKR/20000/index.m3u8,saved,output/channel-logos-moldovenesti-full-v2/logos/0640-vb-eurodance-hits-90s.png,http://epg.one/img/7176.png,png,165,165,32919,1,
641,СТС Kids HD,Copii,ctc-kids-hd,http://c137c781.rossteleccom.net/iptv/WLSHARFG8FUEKR/2001/index.m3u8,saved,output/channel-logos-moldovenesti-full-v2/logos/0641-стс-kids-hd.png,http://iptvx.one/picons/sts-kids-hd.png,png,200,200,22025,6,
642,Карусель HD,Copii,karusel-hd,http://c137c781.rossteleccom.net/iptv/WLSHARFG8FUEKR/20012/index.m3u8,saved,output/channel-logos-moldovenesti-full-v2/logos/0642-карусель-hd.png,http://iptvx.one/picons/karusel.png,png,200,200,28614,5,
643,StrahTV Весёлая Карусель HD,Copii,,http://c137c781.rossteleccom.net/iptv/WLSHARFG8FUEKR/11057/index.m3u8,saved,output/channel-logos-moldovenesti-full-v2/logos/0643-strahtv-веселая-карусель-hd.png,http://epg.one/img/4774.png,png,165,165,33280,8,
644,Карусель (Ставрополь),Copii,,http://c137c781.rossteleccom.net/iptv/WLSHARFG8FUEKR/31930/index.m3u8,saved,output/channel-logos-moldovenesti-full-v2/logos/0644-карусель-ставрополь.png,http://epg.one/img/740.png,png,165,165,25551,1,
645,Детский мир HD,Copii,detskij-mir-hd,http://c137c781.rossteleccom.net/iptv/WLSHARFG8FUEKR/9192/index.m3u8,saved,output/channel-logos-moldovenesti-full-v2/logos/0645-детскии-мир-hd.png,http://iptvx.one/picons/detsky-mir.png,png,200,200,39108,7,
646,Venera.TV Детский мир 4K,Copii,11599,http://c137c781.rossteleccom.net/iptv/WLSHARFG8FUEKR/30150/index.m3u8,saved,output/channel-logos-moldovenesti-full-v2/logos/0646-venera-tv-детскии-мир-4k.png,http://epg.one/img/11599.png,png,165,165,10733,8,
647,Cartoon Classics,Copii,cartoon-classics,http://c137c781.rossteleccom.net/iptv/WLSHARFG8FUEKR/2075/index.m3u8,saved,output/channel-logos-moldovenesti-full-v2/logos/0647-cartoon-classics.png,https://iptvx.one/picons/cartoon-classics.png,png,200,200,14962,4,
648,Kids TV HD,Copii,9025,http://c137c781.rossteleccom.net/iptv/WLSHARFG8FUEKR/20008/index.m3u8,saved,output/channel-logos-moldovenesti-full-v2/logos/0648-kids-tv-hd.png,http://iptvx.one/picons/kidstv.png,png,200,200,11649,6,
649,VeleS Kids,Copii,8823,http://c137c781.rossteleccom.net/iptv/WLSHARFG8FUEKR/31646/index.m3u8,saved,output/channel-logos-moldovenesti-full-v2/logos/0649-veles-kids.png,http://iptvx.one/picons/veles-kids.png,png,200,200,7582,4,
650,Baby Time,Copii,baby-time,http://c137c781.rossteleccom.net/iptv/WLSHARFG8FUEKR/20030/index.m3u8,saved,output/channel-logos-moldovenesti-full-v2/logos/0650-baby-time.png,https://iptvx.one/picons/baby-time.png,png,200,200,34291,4,
651,KinoKazka,Copii,6824,http://c137c781.rossteleccom.net/iptv/WLSHARFG8FUEKR/15019/index.m3u8,saved,output/channel-logos-moldovenesti-full-v2/logos/0651-kinokazka.png,http://epg.pw/media/images/epg/2024/06/08/20240608030541256606_25.png,png,200,200,17895,6,
652,VF Disney Cartoon,Copii,7593,http://c137c781.rossteleccom.net/iptv/WLSHARFG8FUEKR/15027/index.m3u8,saved,output/channel-logos-moldovenesti-full-v2/logos/0652-vf-disney-cartoon.png,http://iptvx.one/picons/vf-disney-movie.png,png,200,200,16087,6,
653,Nickelodeon HD,Copii,nickelodeon-hd,http://c137c781.rossteleccom.net/iptv/WLSHARFG8FUEKR/223/index.m3u8,saved,output/channel-logos-moldovenesti-full-v2/logos/0653-nickelodeon-hd.png,http://iptvx.one/picons/nickelodeon-ru.png,png,200,200,14538,8,
654,Tiji TV,Copii,,http://c137c781.rossteleccom.net/iptv/WLSHARFG8FUEKR/108/index.m3u8,saved,output/channel-logos-moldovenesti-full-v2/logos/0654-tiji-tv.png,http://iptvx.one/picons/tiji.png,png,200,200,16731,3,
655,Nick Jr.,Copii,nickjr,http://c137c781.rossteleccom.net/iptv/WLSHARFG8FUEKR/114/index.m3u8,saved,output/channel-logos-moldovenesti-full-v2/logos/0655-nick-jr.png,http://iptvx.one/picons/nick-jr.png,png,200,200,25195,8,
656,Gulli Girl,Copii,gulli,http://c137c781.rossteleccom.net/iptv/WLSHARFG8FUEKR/109/index.m3u8,saved,output/channel-logos-moldovenesti-full-v2/logos/0656-gulli-girl.png,http://iptvx.one/picons/gulli-girl.png,png,200,200,24284,5,
657,JimJam,Copii,JimJam.ro,http://c137c781.rossteleccom.net/iptv/WLSHARFG8FUEKR/138/index.m3u8,saved,output/channel-logos-moldovenesti-full-v2/logos/0657-jimjam.svg,http://program-tv.ro/images/jimjam.svg,svg,132,99,6738,6,
658,Cartoon Network HD,Copii,cartoon-network-hd,http://c137c781.rossteleccom.net/iptv/WLSHARFG8FUEKR/143/index.m3u8,saved,output/channel-logos-moldovenesti-full-v2/logos/0658-cartoon-network-hd.png,http://iptvx.one/picons/cartoon-network.png,png,200,200,11252,8,
659,Ani,Copii,ani,http://c137c781.rossteleccom.net/iptv/WLSHARFG8FUEKR/129/index.m3u8,saved,output/channel-logos-moldovenesti-full-v2/logos/0659-ani.png,https://iptvx.one/picons/ani.png,png,200,200,23565,3,
660,Cartoonito,Copii,cartoonito-hd,http://c137c781.rossteleccom.net/iptv/WLSHARFG8FUEKR/723/index.m3u8,saved,output/channel-logos-moldovenesti-full-v2/logos/0660-cartoonito.png,http://static.g-cdn.app/streams/cartoonito-hd.png,png,220,132,10500,3,
661,Duck TV HD,Copii,,http://c137c781.rossteleccom.net/iptv/WLSHARFG8FUEKR/1031/index.m3u8,saved,output/channel-logos-moldovenesti-full-v2/logos/0661-duck-tv-hd.png,http://iptvx.one/picons/ducktv-plus.png,png,200,200,45475,4,
662,Baby TV,Copii,465463,http://c137c781.rossteleccom.net/iptv/WLSHARFG8FUEKR/2084/index.m3u8,saved,output/channel-logos-moldovenesti-full-v2/logos/0662-baby-tv.png,http://iptvx.one/picons/baby-tv.png,png,200,200,42609,7,
663,Da Vinci FHD UA,Copii,,http://c137c781.rossteleccom.net/iptv/WLSHARFG8FUEKR/1034/index.m3u8,saved,output/channel-logos-moldovenesti-full-v2/logos/0663-da-vinci-fhd-ua.png,http://iptvx.one/picons/da-vinci.png,png,200,200,8714,5,
664,NickToons HD,Copii,nicktoons,http://c137c781.rossteleccom.net/iptv/WLSHARFG8FUEKR/849/index.m3u8,saved,output/channel-logos-moldovenesti-full-v2/logos/0664-nicktoons-hd.png,https://iptvx.one/picons/nicktoons.png,png,200,200,31226,3,
665,CineMan Cartoons 90,Copii,,http://c137c781.rossteleccom.net/iptv/WLSHARFG8FUEKR/11001/index.m3u8,saved,output/channel-logos-moldovenesti-full-v2/logos/0665-cineman-cartoons-90.png,http://iptvx.one/picons/cartoons-90.png,png,200,200,19563,4,
666,CineMan Cartoons Short,Copii,,http://c137c781.rossteleccom.net/iptv/WLSHARFG8FUEKR/11002/index.m3u8,saved,output/channel-logos-moldovenesti-full-v2/logos/0666-cineman-cartoons-short.png,http://iptvx.one/picons/cartoons-short.png,png,200,200,22247,4,
667,CineMan Cartoons Big,Copii,,http://c137c781.rossteleccom.net/iptv/WLSHARFG8FUEKR/11003/index.m3u8,saved,output/channel-logos-moldovenesti-full-v2/logos/0667-cineman-cartoons-big.png,http://iptvx.one/picons/cartoons-big.png,png,200,200,19916,4,
668,BCU Multserial HD,Copii,,http://c137c781.rossteleccom.net/iptv/WLSHARFG8FUEKR/11025/index.m3u8,saved,output/channel-logos-moldovenesti-full-v2/logos/0668-bcu-multserial-hd.png,http://iptvx.one/picons/bcu-multserial.png,png,200,200,45392,2,
669,НТВ Право,Documentare,ntv-pravo,http://c137c781.rossteleccom.net/iptv/WLSHARFG8FUEKR/743/index.m3u8,saved,output/channel-logos-moldovenesti-full-v2/logos/0669-нтв-право.png,https://iptvx.one/picons/ntv-pravo.png,png,200,200,10608,4,
670,VF Домашний повар,Documentare,5993,http://c137c781.rossteleccom.net/iptv/WLSHARFG8FUEKR/15514/index.m3u8,saved,output/channel-logos-moldovenesti-full-v2/logos/0670-vf-домашнии-повар.png,http://epg.one/img/5993.png,png,165,165,27297,3,
671,Мир Вокруг HD,Documentare,mir-vokrug-hd,http://c137c781.rossteleccom.net/iptv/WLSHARFG8FUEKR/15219/index.m3u8,saved,output/channel-logos-moldovenesti-full-v2/logos/0671-мир-вокруг-hd.png,http://iptvx.one/picons/mir-vokrug.png,png,200,200,20019,5,
672,BOX History 4K HDR,Documentare,491004,http://c137c781.rossteleccom.net/iptv/WLSHARFG8FUEKR/31546/index.m3u8,saved,output/channel-logos-moldovenesti-full-v2/logos/0672-box-history-4k-hdr.png,http://epg.pw/media/images/epg/2026/01/04/20260104022424627306_58.png,png,200,200,8553,5,
673,Yosso TV Food,Documentare,8811,http://c137c781.rossteleccom.net/iptv/WLSHARFG8FUEKR/31616/index.m3u8,saved,output/channel-logos-moldovenesti-full-v2/logos/0673-yosso-tv-food.png,http://iptvx.one/picons/c-holiday.png,png,200,200,26718,8,
674,BOX Kosmo 4K HDR,Documentare,475450,http://c137c781.rossteleccom.net/iptv/WLSHARFG8FUEKR/31548/index.m3u8,saved,output/channel-logos-moldovenesti-full-v2/logos/0674-box-kosmo-4k-hdr.png,http://epg.pw/media/images/epg/2025/10/30/20251030021702275183_27.png,png,200,200,13602,5,
675,Yosso TV Nature,Documentare,8813,http://c137c781.rossteleccom.net/iptv/WLSHARFG8FUEKR/31618/index.m3u8,saved,output/channel-logos-moldovenesti-full-v2/logos/0675-yosso-tv-nature.png,http://iptvx.one/picons/c-holiday.png,png,200,200,26718,8,
676,Yosso TV Travel,Documentare,8814,http://c137c781.rossteleccom.net/iptv/WLSHARFG8FUEKR/31619/index.m3u8,saved,output/channel-logos-moldovenesti-full-v2/logos/0676-yosso-tv-travel.png,http://iptvx.one/picons/c-holiday.png,png,200,200,26718,8,
677,Yosso TV Science,Documentare,8812,http://c137c781.rossteleccom.net/iptv/WLSHARFG8FUEKR/31617/index.m3u8,saved,output/channel-logos-moldovenesti-full-v2/logos/0677-yosso-tv-science.png,http://iptvx.one/picons/c-holiday.png,png,200,200,26718,8,
678,BOX Travel Premiere HD,Documentare,403290,http://c137c781.rossteleccom.net/iptv/WLSHARFG8FUEKR/31652/index.m3u8,saved,output/channel-logos-moldovenesti-full-v2/logos/0678-box-travel-premiere-hd.png,http://epg.pw/media/images/epg/2024/11/25/20241125020643704465_90.png,png,200,200,13596,6,
679,BOX Gurman HD,Documentare,408205,http://c137c781.rossteleccom.net/iptv/WLSHARFG8FUEKR/31653/index.m3u8,saved,output/channel-logos-moldovenesti-full-v2/logos/0679-box-gurman-hd.png,http://epg.pw/media/images/epg/2025/01/03/20250103022338155080_69.png,png,200,200,11463,5,
680,BOX AutoTrend HD,Documentare,403198,http://c137c781.rossteleccom.net/iptv/WLSHARFG8FUEKR/31654/index.m3u8,saved,output/channel-logos-moldovenesti-full-v2/logos/0680-box-autotrend-hd.png,http://epg.pw/media/images/epg/2024/11/23/20241123021637152988_80.png,png,200,200,9068,5,
681,The Explorers HD,Documentare,the-explorers-hd,http://c137c781.rossteleccom.net/iptv/WLSHARFG8FUEKR/16035/index.m3u8,saved,output/channel-logos-moldovenesti-full-v2/logos/0681-the-explorers-hd.png,http://iptvx.one/picons/the-explorers.png,png,200,200,22425,5,
682,TravelXP 4K,Documentare,travelxp-4k,http://c137c781.rossteleccom.net/iptv/WLSHARFG8FUEKR/20031/index.m3u8,saved,output/channel-logos-moldovenesti-full-v2/logos/0682-travelxp-4k.png,http://static.g-cdn.app/streams/travelxp-4k.png,png,220,132,12855,3,
683,Museum TV HD,Documentare,55932,http://c137c781.rossteleccom.net/iptv/WLSHARFG8FUEKR/20032/index.m3u8,saved,output/channel-logos-moldovenesti-full-v2/logos/0683-museum-tv-hd.png,http://iptvx.one/picons/museum-4k.png,png,200,200,8235,7,
684,Big Planet HD,Documentare,big-planet-hd,http://c137c781.rossteleccom.net/iptv/WLSHARFG8FUEKR/20036/index.m3u8,saved,output/channel-logos-moldovenesti-full-v2/logos/0684-big-planet-hd.png,http://iptvx.one/picons/big-planet.png,png,200,200,9620,5,
685,Museum 4K,Documentare,museum-4k,http://c137c781.rossteleccom.net/iptv/WLSHARFG8FUEKR/14016/index.m3u8,saved,output/channel-logos-moldovenesti-full-v2/logos/0685-museum-4k.png,https://iptvx.one/picons/museum-4k.png,png,200,200,8235,6,
686,TravelXP 4K HDR,Documentare,travelxp-4k,http://c137c781.rossteleccom.net/iptv/WLSHARFG8FUEKR/14026/index.m3u8,saved,output/channel-logos-moldovenesti-full-v2/logos/0686-travelxp-4k-hdr.png,http://static.g-cdn.app/streams/travelxp-4k.png,png,220,132,12855,3,
687,National Geographic HD,Documentare,nat-geo-hd,http://c137c781.rossteleccom.net/iptv/WLSHARFG8FUEKR/14001/index.m3u8,saved,output/channel-logos-moldovenesti-full-v2/logos/0687-national-geographic-hd.png,http://iptvx.one/picons/national-geographic.png,png,200,200,30817,8,
688,Museum TV HD FR,Documentare,,http://c137c781.rossteleccom.net/iptv/WLSHARFG8FUEKR/7246/index.m3u8,saved,output/channel-logos-moldovenesti-full-v2/logos/0688-museum-tv-hd-fr.png,http://iptvx.one/picons/rfm-tv-fr.png,png,200,200,35792,8,
689,Home 4K,Documentare,home-4k,http://c137c781.rossteleccom.net/iptv/WLSHARFG8FUEKR/4002/index.m3u8,saved,output/channel-logos-moldovenesti-full-v2/logos/0689-home-4k.png,http://iptvx.one/picons/home4k.png,png,200,200,24176,4,
690,Love Nature 4K,Documentare,love-nature-4k,http://c137c781.rossteleccom.net/iptv/WLSHARFG8FUEKR/5001/index.m3u8,saved,output/channel-logos-moldovenesti-full-v2/logos/0690-love-nature-4k.png,https://iptvx.one/picons/love-nature-4k.png,png,200,200,15008,6,
691,TERRA HD,Documentare,terra-hd,http://c137c781.rossteleccom.net/iptv/WLSHARFG8FUEKR/2416/index.m3u8,saved,output/channel-logos-moldovenesti-full-v2/logos/0691-terra-hd.png,http://iptvx.one/picons/tera.png,png,200,200,39924,6,
692,TLC HD,Documentare,tlc-hd,http://c137c781.rossteleccom.net/iptv/WLSHARFG8FUEKR/232/index.m3u8,saved,output/channel-logos-moldovenesti-full-v2/logos/0692-tlc-hd.png,http://iptvx.one/picons/tlc.png,png,200,200,9039,8,
693,Travel Channel HD,Documentare,travel-channel-hd,http://c137c781.rossteleccom.net/iptv/WLSHARFG8FUEKR/233/index.m3u8,saved,output/channel-logos-moldovenesti-full-v2/logos/0693-travel-channel-hd.png,http://iptvx.one/picons/travel-channel.png,png,200,200,12402,8,
694,Viju History HD,Documentare,viasat-history-hd,http://c137c781.rossteleccom.net/iptv/WLSHARFG8FUEKR/203/index.m3u8,saved,output/channel-logos-moldovenesti-full-v2/logos/0694-viju-history-hd.png,http://iptvx.one/picons/viasat-history.png,png,200,200,7702,6,
695,History 2 FHD,Documentare,h2-hd,http://c137c781.rossteleccom.net/iptv/WLSHARFG8FUEKR/2033/index.m3u8,saved,output/channel-logos-moldovenesti-full-v2/logos/0695-history-2-fhd.png,http://static.g-cdn.app/streams/h2-hd.png,png,220,132,17858,5,
696,Discovery Channel HD,Documentare,discovery-hd,http://c137c781.rossteleccom.net/iptv/WLSHARFG8FUEKR/227/index.m3u8,saved,output/channel-logos-moldovenesti-full-v2/logos/0696-discovery-channel-hd.png,http://iptvx.one/picons/discovery-channel.png,png,200,200,36903,8,
697,RTG HD,Documentare,rtg-hd,http://c137c781.rossteleccom.net/iptv/WLSHARFG8FUEKR/210/index.m3u8,saved,output/channel-logos-moldovenesti-full-v2/logos/0697-rtg-hd.png,http://iptvx.one/picons/rtg-tv.png,png,200,200,8395,5,
698,National Geographic Wild FHD,Documentare,yes-natgeo-wild-il-hd,http://c137c781.rossteleccom.net/iptv/WLSHARFG8FUEKR/2415/index.m3u8,saved,output/channel-logos-moldovenesti-full-v2/logos/0698-national-geographic-wild-fhd.png,http://iptvx.one/picons/nat-geo-wild-pl.png,png,200,200,24660,8,
699,Discovery Science PL,Documentare,6055,http://c137c781.rossteleccom.net/iptv/WLSHARFG8FUEKR/136/index.m3u8,saved,output/channel-logos-moldovenesti-full-v2/logos/0699-discovery-science-pl.png,http://epg.pw/media/images/epg/2024/06/08/20240608022225195535_42.png,png,200,200,26291,6,
700,Animal Planet HD,Documentare,animal-planet-hd,http://c137c781.rossteleccom.net/iptv/WLSHARFG8FUEKR/218/index.m3u8,saved,output/channel-logos-moldovenesti-full-v2/logos/0700-animal-planet-hd.png,http://iptvx.one/picons/animal-planet-eu.png,png,200,200,13231,8,
701,FoodTime FHD,Documentare,5917,http://c137c781.rossteleccom.net/iptv/WLSHARFG8FUEKR/2418/index.m3u8,saved,output/channel-logos-moldovenesti-full-v2/logos/0701-foodtime-fhd.png,http://epg.pw/media/images/epg/2024/06/08/20240608021412179708_83.png,png,200,200,16346,4,
702,Food Network HD,Documentare,food-network-hd,http://c137c781.rossteleccom.net/iptv/WLSHARFG8FUEKR/2419/index.m3u8,saved,output/channel-logos-moldovenesti-full-v2/logos/0702-food-network-hd.png,http://iptvx.one/picons/food-network.png,png,200,200,19181,8,
703,DocuBox HD,Documentare,2186,http://c137c781.rossteleccom.net/iptv/WLSHARFG8FUEKR/968/index.m3u8,saved,output/channel-logos-moldovenesti-full-v2/logos/0703-docubox-hd.png,http://iptvx.one/picons/docubox-hd.png,png,200,200,15381,5,
704,Investigation Discovery HD,Documentare,id-xtra-hd,http://c137c781.rossteleccom.net/iptv/WLSHARFG8FUEKR/2102/index.m3u8,saved,output/channel-logos-moldovenesti-full-v2/logos/0704-investigation-discovery-hd.png,http://iptvx.one/picons/idxtra.png,png,200,200,19605,8,
705,Galaxy HD,Documentare,galaxy-hd,http://c137c781.rossteleccom.net/iptv/WLSHARFG8FUEKR/5045/index.m3u8,saved,output/channel-logos-moldovenesti-full-v2/logos/0705-galaxy-hd.png,http://iptvx.one/picons/galaxy-tv.png,png,200,200,34514,4,
706,English Club TV,Documentare,ENGLISH.CLUB.TV.tr,http://c137c781.rossteleccom.net/iptv/WLSHARFG8FUEKR/993/index.m3u8,saved,output/channel-logos-moldovenesti-full-v2/logos/0706-english-club-tv.png,http://iptvx.one/picons/englishclub.png,png,200,200,27645,5,
707,English Class HD,Documentare,91268,http://c137c781.rossteleccom.net/iptv/WLSHARFG8FUEKR/15190/index.m3u8,saved,output/channel-logos-moldovenesti-full-v2/logos/0707-english-class-hd.png,http://epg.pw/media/images/epg/2024/06/08/20240608020810611881_32.png,png,200,200,15378,5,
708,History FHD,Documentare,history-hd,http://c137c781.rossteleccom.net/iptv/WLSHARFG8FUEKR/837/index.m3u8,saved,output/channel-logos-moldovenesti-full-v2/logos/0708-history-fhd.png,http://iptvx.one/picons/history-pl.png,png,200,200,14626,7,
709,RTG TV,Documentare,5981,http://c137c781.rossteleccom.net/iptv/WLSHARFG8FUEKR/841/index.m3u8,saved,output/channel-logos-moldovenesti-full-v2/logos/0709-rtg-tv.png,http://epg.pw/media/images/epg/2024/06/08/20240608032938365369_13.png,png,200,200,8395,8,
710,Travel+Adventure,Documentare,travel-adventure,http://c137c781.rossteleccom.net/iptv/WLSHARFG8FUEKR/850/index.m3u8,saved,output/channel-logos-moldovenesti-full-v2/logos/0710-travel-adventure.png,https://iptvx.one/picons/travel-adventure.png,png,200,200,35095,7,
711,Nano,Documentare,nano-hd,http://c137c781.rossteleccom.net/iptv/WLSHARFG8FUEKR/2081/index.m3u8,saved,output/channel-logos-moldovenesti-full-v2/logos/0711-nano.png,https://iptvx.one/picons/nano-hd.png,png,200,200,81731,4,
712,Fashion & Lifestyle FHD,Documentare,,http://c137c781.rossteleccom.net/iptv/WLSHARFG8FUEKR/1010/index.m3u8,saved,output/channel-logos-moldovenesti-full-v2/logos/0712-fashion-lifestyle-fhd.png,http://iptvx.one/picons/fashion-one.png,png,200,200,9703,2,
713,World Fashion Channel,Documentare,190070,http://c137c781.rossteleccom.net/iptv/WLSHARFG8FUEKR/1068/index.m3u8,saved,output/channel-logos-moldovenesti-full-v2/logos/0713-world-fashion-channel.png,http://epg.pw/media/images/epg/2024/06/08/20240608033208492089_46.png,png,200,200,15953,6,
714,Da Vinci,Documentare,da-vinci-learning,http://c137c781.rossteleccom.net/iptv/WLSHARFG8FUEKR/537/index.m3u8,saved,output/channel-logos-moldovenesti-full-v2/logos/0714-da-vinci.png,http://iptvx.one/picons/da-vinci.png,png,200,200,8714,7,
715,Outdoor Channel HD US,Documentare,,http://c137c781.rossteleccom.net/iptv/WLSHARFG8FUEKR/119/index.m3u8,saved,output/channel-logos-moldovenesti-full-v2/logos/0715-outdoor-channel-hd-us.png,http://iptvx.one/picons/golf-cnl-us.png,png,200,200,14598,8,
716,Top Secret,Documentare,sovershenno-sekretno,http://c137c781.rossteleccom.net/iptv/WLSHARFG8FUEKR/121/index.m3u8,saved,output/channel-logos-moldovenesti-full-v2/logos/0716-top-secret.png,http://iptvx.one/picons/sovsek.png,png,200,200,45744,5,
717,Viju Explore HD,Documentare,viasat-explore-hd,http://c137c781.rossteleccom.net/iptv/WLSHARFG8FUEKR/6381/index.m3u8,saved,output/channel-logos-moldovenesti-full-v2/logos/0717-viju-explore-hd.png,http://iptvx.one/picons/viasat-explore.png,png,200,200,7919,6,
718,HGTV HD,Documentare,hgtv-hd,http://c137c781.rossteleccom.net/iptv/WLSHARFG8FUEKR/6391/index.m3u8,saved,output/channel-logos-moldovenesti-full-v2/logos/0718-hgtv-hd.png,http://iptvx.one/picons/hgtv.png,png,200,200,8883,8,
719,Viju+ Planet HD,Documentare,viasat-history-hd-test,http://c137c781.rossteleccom.net/iptv/WLSHARFG8FUEKR/9027/index.m3u8,saved,output/channel-logos-moldovenesti-full-v2/logos/0719-viju-planet-hd.png,http://iptvx.one/picons/viasat-nature-history-hd.png,png,200,200,7908,5,
720,FoodTime HD 50,Documentare,,http://c137c781.rossteleccom.net/iptv/WLSHARFG8FUEKR/10025/index.m3u8,saved,output/channel-logos-moldovenesti-full-v2/logos/0720-foodtime-hd-50.png,http://epg.one/img/7635.png,png,165,165,8359,1,
721,Liberty BBC FHD,Documentare,445852,http://c137c781.rossteleccom.net/iptv/WLSHARFG8FUEKR/15108/index.m3u8,saved,output/channel-logos-moldovenesti-full-v2/logos/0721-liberty-bbc-fhd.png,http://epg.pw/media/images/epg/2025/07/19/20250719020809120703_35.png,png,200,200,10114,5,
722,Univer TV HD,Documentare,5600,http://c137c781.rossteleccom.net/iptv/WLSHARFG8FUEKR/15113/index.m3u8,saved,output/channel-logos-moldovenesti-full-v2/logos/0722-univer-tv-hd.png,http://iptvx.one/picons/univer-tv.png,png,200,200,12329,4,
723,НТВ Стиль HD,Divertisment,ntv-style-hd,http://c137c781.rossteleccom.net/iptv/WLSHARFG8FUEKR/20037/index.m3u8,saved,output/channel-logos-moldovenesti-full-v2/logos/0723-нтв-стиль-hd.png,http://iptvx.one/picons/ntv-style.png,png,200,200,7582,6,
724,СТС HD,Divertisment,ctc-hd,http://c137c781.rossteleccom.net/iptv/WLSHARFG8FUEKR/6303/index.m3u8,saved,output/channel-logos-moldovenesti-full-v2/logos/0724-стс-hd.png,http://iptvx.one/picons/sts.png,png,200,200,21745,5,
725,СТС International,Divertisment,5652,http://c137c781.rossteleccom.net/iptv/WLSHARFG8FUEKR/15228/index.m3u8,saved,output/channel-logos-moldovenesti-full-v2/logos/0725-стс-international.png,http://iptvx.one/picons/sts-int.png,png,200,200,27373,4,
726,ТНТ HD 50,Divertisment,,http://c137c781.rossteleccom.net/iptv/WLSHARFG8FUEKR/10024/index.m3u8,missing,,,,,,,0,no_candidate_logo_url
727,BOX Lo-Fi HD,Divertisment,9234,http://c137c781.rossteleccom.net/iptv/WLSHARFG8FUEKR/31545/index.m3u8,saved,output/channel-logos-moldovenesti-full-v2/logos/0727-box-lo-fi-hd.png,http://epg.one/img/9234.png,png,165,165,11515,3,
728,Epic HD,Divertisment,epic-hd,http://c137c781.rossteleccom.net/iptv/WLSHARFG8FUEKR/2054/index.m3u8,saved,output/channel-logos-moldovenesti-full-v2/logos/0728-epic-hd.png,http://iptvx.one/picons/epic.png,png,200,200,2592,5,
729,Fashion TV UHD,Divertisment,Fashion.TV.UHD.lu,http://c137c781.rossteleccom.net/iptv/WLSHARFG8FUEKR/4005/index.m3u8,saved,output/channel-logos-moldovenesti-full-v2/logos/0729-fashion-tv-uhd.png,http://iptvx.one/picons/ftv4k.png,png,200,200,12957,8,
730,MyZen TV HD,Divertisment,9030,http://c137c781.rossteleccom.net/iptv/WLSHARFG8FUEKR/20011/index.m3u8,saved,output/channel-logos-moldovenesti-full-v2/logos/0730-myzen-tv-hd.png,http://iptvx.one/picons/myzen-4k.png,png,200,200,21705,7,
731,FashionBox HD,Divertisment,9097,http://c137c781.rossteleccom.net/iptv/WLSHARFG8FUEKR/20038/index.m3u8,saved,output/channel-logos-moldovenesti-full-v2/logos/0731-fashionbox-hd.png,http://iptvx.one/picons/fashionbox-hd.png,png,200,200,32255,4,
732,Silk Way HD KZ,Divertisment,,http://c137c781.rossteleccom.net/iptv/WLSHARFG8FUEKR/20044/index.m3u8,saved,output/channel-logos-moldovenesti-full-v2/logos/0732-silk-way-hd-kz.png,http://iptvx.one/picons/silk-way-cinema.png,png,200,200,13902,3,
733,OstWest DE,Divertisment,,http://c137c781.rossteleccom.net/iptv/WLSHARFG8FUEKR/14021/index.m3u8,saved,output/channel-logos-moldovenesti-full-v2/logos/0733-ostwest-de.png,http://iptvx.one/picons/ostwest.png,png,200,200,23812,2,
734,Gags Network,Divertisment,7046,http://c137c781.rossteleccom.net/iptv/WLSHARFG8FUEKR/14024/index.m3u8,saved,output/channel-logos-moldovenesti-full-v2/logos/0734-gags-network.png,http://epg.pw/media/images/epg/2024/06/08/20240608031808062955_46.png,png,200,200,40914,5,
735,MyZen 4K,Divertisment,myzen-4k,http://c137c781.rossteleccom.net/iptv/WLSHARFG8FUEKR/5002/index.m3u8,saved,output/channel-logos-moldovenesti-full-v2/logos/0735-myzen-4k.png,https://iptvx.one/picons/myzen-4k.png,png,200,200,21705,6,
736,DTX HD PL,Divertisment,184789,http://c137c781.rossteleccom.net/iptv/WLSHARFG8FUEKR/2006/index.m3u8,saved,output/channel-logos-moldovenesti-full-v2/logos/0736-dtx-hd-pl.png,http://epg.pw/media/images/epg/2024/06/08/20240608032840620749_61.png,png,200,200,30389,5,
737,Luxury HD,Divertisment,6891,http://c137c781.rossteleccom.net/iptv/WLSHARFG8FUEKR/2072/index.m3u8,saved,output/channel-logos-moldovenesti-full-v2/logos/0737-luxury-hd.png,http://epg.pw/media/images/epg/2024/06/08/20240608030910019801_91.png,png,200,200,40518,5,
738,Quadro 4K,Divertisment,6278,http://c137c781.rossteleccom.net/iptv/WLSHARFG8FUEKR/19262/index.m3u8,saved,output/channel-logos-moldovenesti-full-v2/logos/0738-quadro-4k.png,http://epg.pw/media/images/epg/2024/06/08/20240608023456295346_20.png,png,200,200,23778,6,
739,Citrus Holiday,Divertisment,,http://c137c781.rossteleccom.net/iptv/WLSHARFG8FUEKR/16089/index.m3u8,saved,output/channel-logos-moldovenesti-full-v2/logos/0739-citrus-holiday.png,http://epg.one/img/7994.png,png,165,165,10201,1,
740,Neox HD ES,Divertisment,11367,http://c137c781.rossteleccom.net/iptv/WLSHARFG8FUEKR/31881/index.m3u8,saved,output/channel-logos-moldovenesti-full-v2/logos/0740-neox-hd-es.png,http://epg.one/img/11367.png,png,165,165,9245,3,
741,M+ Vacaciones HD ES,Divertisment,11368,http://c137c781.rossteleccom.net/iptv/WLSHARFG8FUEKR/31884/index.m3u8,saved,output/channel-logos-moldovenesti-full-v2/logos/0741-m-vacaciones-hd-es.png,http://epg.one/img/11368.png,png,165,165,11516,3,
742,НТВ Беларусь BY,Regionale,,http://c137c781.rossteleccom.net/iptv/WLSHARFG8FUEKR/19371/index.m3u8,saved,output/channel-logos-moldovenesti-full-v2/logos/0742-нтв-беларусь-by.png,http://iptvx.one/picons/ntv-belarus.png,png,200,200,8609,3,
743,Мой Мир,Teleshopping,11050,http://c137c781.rossteleccom.net/iptv/WLSHARFG8FUEKR/5008/index.m3u8,saved,output/channel-logos-moldovenesti-full-v2/logos/0743-мои-мир.png,http://epg.one/img/11050.png,png,165,165,9894,3,
744,Shopping Live,Teleshopping,2301,http://c137c781.rossteleccom.net/iptv/WLSHARFG8FUEKR/860/index.m3u8,saved,output/channel-logos-moldovenesti-full-v2/logos/0744-shopping-live.png,http://iptvx.one/picons/shopping-live.png,png,200,200,15594,4,
745,BBC First HD UK,Stiri,,http://c137c781.rossteleccom.net/iptv/WLSHARFG8FUEKR/19181/index.m3u8,saved,output/channel-logos-moldovenesti-full-v2/logos/0745-bbc-first-hd-uk.png,http://iptvx.one/picons/bbc-first-pl.png,png,200,200,7013,2,
746,BBC Scotland HD UK,Stiri,,http://c137c781.rossteleccom.net/iptv/WLSHARFG8FUEKR/19183/index.m3u8,saved,output/channel-logos-moldovenesti-full-v2/logos/0746-bbc-scotland-hd-uk.png,http://epg.one/img/6598.png,png,165,165,20606,1,
747,Fox News FHD US,Stiri,,http://c137c781.rossteleccom.net/iptv/WLSHARFG8FUEKR/31915/index.m3u8,saved,output/channel-logos-moldovenesti-full-v2/logos/0747-fox-news-fhd-us.png,http://iptvx.one/picons/fox-news-us.png,png,200,200,19919,6,
748,Экоспаскоми (Коми),Stiri,,http://c137c781.rossteleccom.net/iptv/WLSHARFG8FUEKR/17018/index.m3u8,saved,output/channel-logos-moldovenesti-full-v2/logos/0748-экоспаскоми-коми.png,http://epg.one/img/9052.png,png,165,165,12026,1,
749,Крик ТВ HD,Stiri,6518,http://c137c781.rossteleccom.net/iptv/WLSHARFG8FUEKR/15012/index.m3u8,saved,output/channel-logos-moldovenesti-full-v2/logos/0749-крик-тв-hd.png,http://epg.pw/media/images/epg/2024/06/08/20240608024812646100_32.png,png,200,200,10965,5,
750,РБК HD 50,Stiri,,http://c137c781.rossteleccom.net/iptv/WLSHARFG8FUEKR/10029/index.m3u8,saved,output/channel-logos-moldovenesti-full-v2/logos/0750-рбк-hd-50.png,http://epg.one/img/743.png,png,165,165,20348,1,
751,Инфоканал,Stiri,2264,http://c137c781.rossteleccom.net/iptv/WLSHARFG8FUEKR/407/index.m3u8,saved,output/channel-logos-moldovenesti-full-v2/logos/0751-инфоканал.png,http://epg.one/img/2264.png,png,165,165,34386,3,
752,РБК FHD,Stiri,7674,http://c137c781.rossteleccom.net/iptv/WLSHARFG8FUEKR/2404/index.m3u8,saved,output/channel-logos-moldovenesti-full-v2/logos/0752-рбк-fhd.png,http://epg.pw/media/images/epg/2024/06/08/20240608025431811357_12.png,png,200,200,14467,6,
753,Москва 24,Stiri,moskva-24,http://c137c781.rossteleccom.net/iptv/WLSHARFG8FUEKR/523/index.m3u8,saved,output/channel-logos-moldovenesti-full-v2/logos/0753-москва-24.png,https://iptvx.one/picons/moskva-24.png,png,200,200,5522,4,
754,Euronews Россия,Stiri,,http://c137c781.rossteleccom.net/iptv/WLSHARFG8FUEKR/828/index.m3u8,saved,output/channel-logos-moldovenesti-full-v2/logos/0754-euronews-россия.png,http://epg.one/img/2266.png,png,165,165,9056,1,
755,Центральное телевидение,Stiri,centralnoe-tv,http://c137c781.rossteleccom.net/iptv/WLSHARFG8FUEKR/2064/index.m3u8,saved,output/channel-logos-moldovenesti-full-v2/logos/0755-центральное-телевидение.png,http://iptvx.one/picons/centralnoye-tv.png,png,200,200,24367,5,
756,Известия HD,Stiri,izvestija-hd,http://c137c781.rossteleccom.net/iptv/WLSHARFG8FUEKR/18039/index.m3u8,saved,output/channel-logos-moldovenesti-full-v2/logos/0756-известия-hd.png,http://iptvx.one/picons/izvestia.png,png,200,200,6162,5,
757,360 Новости HD,Stiri,360-novosti-hd,http://c137c781.rossteleccom.net/iptv/WLSHARFG8FUEKR/18038/index.m3u8,saved,output/channel-logos-moldovenesti-full-v2/logos/0757-360-новости-hd.png,http://iptvx.one/picons/360-news.png,png,200,200,19989,5,
758,РТР Планета,Stiri,,http://c137c781.rossteleccom.net/iptv/WLSHARFG8FUEKR/18042/index.m3u8,saved,output/channel-logos-moldovenesti-full-v2/logos/0758-ртр-планета.png,http://iptvx.one/picons/rtr-planeta.png,png,200,200,23555,3,
759,Первый информационный HD BY,Stiri,11320,http://c137c781.rossteleccom.net/iptv/WLSHARFG8FUEKR/31912/index.m3u8,saved,output/channel-logos-moldovenesti-full-v2/logos/0759-первыи-информационныи-hd-by.png,http://iptvx.one/picons/pervy-info-by.png,png,200,200,13432,5,
760,Z!History HD,Filme,,http://c137c781.rossteleccom.net/iptv/WLSHARFG8FUEKR/31695/index.m3u8,saved,output/channel-logos-moldovenesti-full-v2/logos/0760-z-history-hd.png,http://iptvx.one/picons/z-history.png,png,200,200,13507,2,
761,Z!Action HD,Filme,,http://c137c781.rossteleccom.net/iptv/WLSHARFG8FUEKR/31694/index.m3u8,saved,output/channel-logos-moldovenesti-full-v2/logos/0761-z-action-hd.png,http://iptvx.one/picons/z-action.png,png,200,200,21458,2,
762,StrahTV Horror HD,Filme,,http://c137c781.rossteleccom.net/iptv/WLSHARFG8FUEKR/31708/index.m3u8,saved,output/channel-logos-moldovenesti-full-v2/logos/0762-strahtv-horror-hd.png,http://epg.one/img/4787.png,png,165,165,25170,8,
763,Atreseries HD ES,Filme,,http://c137c781.rossteleccom.net/iptv/WLSHARFG8FUEKR/31882/index.m3u8,saved,output/channel-logos-moldovenesti-full-v2/logos/0763-atreseries-hd-es.png,http://epg.one/img/5698.png,png,165,165,24611,1,
764,TCM HD ES,Filme,11340,http://c137c781.rossteleccom.net/iptv/WLSHARFG8FUEKR/31883/index.m3u8,saved,output/channel-logos-moldovenesti-full-v2/logos/0764-tcm-hd-es.png,http://epg.one/img/11340.png,png,165,165,10880,3,
765,Suspenso HD ES,Filme,11342,http://c137c781.rossteleccom.net/iptv/WLSHARFG8FUEKR/31906/index.m3u8,saved,output/channel-logos-moldovenesti-full-v2/logos/0765-suspenso-hd-es.png,http://epg.one/img/11342.png,png,165,165,13369,3,
766,VF Сериалы Турции,Filme,9226,http://c137c781.rossteleccom.net/iptv/WLSHARFG8FUEKR/9123/index.m3u8,saved,output/channel-logos-moldovenesti-full-v2/logos/0766-vf-сериалы-турции.png,http://iptvx.one/picons/vf-serialy-turcii.png,png,200,200,16042,4,
767,VF Вестерн,Filme,9227,http://c137c781.rossteleccom.net/iptv/WLSHARFG8FUEKR/31553/index.m3u8,saved,output/channel-logos-moldovenesti-full-v2/logos/0767-vf-вестерн.png,http://iptvx.one/picons/vf-western.png,png,200,200,15177,4,
768,Liberty Криминал 4K,Filme,445900,http://c137c781.rossteleccom.net/iptv/WLSHARFG8FUEKR/31663/index.m3u8,saved,output/channel-logos-moldovenesti-full-v2/logos/0768-liberty-криминал-4k.png,http://epg.pw/media/images/epg/2025/07/19/20250719022208582818_11.png,png,200,200,12573,5,
769,MM Кинофестиваль HD,Filme,8748,http://c137c781.rossteleccom.net/iptv/WLSHARFG8FUEKR/31621/index.m3u8,saved,output/channel-logos-moldovenesti-full-v2/logos/0769-mm-кинофестиваль-hd.png,http://iptvx.one/picons/minimax-kinofestival.png,png,200,200,21147,4,
770,VB Сваты HD,Filme,8749,http://c137c781.rossteleccom.net/iptv/WLSHARFG8FUEKR/31624/index.m3u8,saved,output/channel-logos-moldovenesti-full-v2/logos/0770-vb-сваты-hd.png,http://epg.one/img/8749.png,png,165,165,7918,3,
771,BOX СССР 4K,Filme,9300,http://c137c781.rossteleccom.net/iptv/WLSHARFG8FUEKR/31625/index.m3u8,saved,output/channel-logos-moldovenesti-full-v2/logos/0771-box-ссср-4k.png,http://iptvx.one/picons/box-sssr-4k.png,png,200,200,10883,4,
772,CineMan Комедийные Сериалы,Filme,9437,http://c137c781.rossteleccom.net/iptv/WLSHARFG8FUEKR/31628/index.m3u8,saved,output/channel-logos-moldovenesti-full-v2/logos/0772-cineman-комедииные-сериалы.png,http://iptvx.one/picons/cineman-komseri.png,png,200,200,25248,4,
773,CineMan Криминальные Сериалы,Filme,9436,http://c137c781.rossteleccom.net/iptv/WLSHARFG8FUEKR/31626/index.m3u8,saved,output/channel-logos-moldovenesti-full-v2/logos/0773-cineman-криминальные-сериалы.png,http://iptvx.one/picons/cineman-gluhar.png,png,200,200,26150,4,
774,Liberty Дрим Воркс 4K,Filme,,http://c137c781.rossteleccom.net/iptv/WLSHARFG8FUEKR/31661/index.m3u8,saved,output/channel-logos-moldovenesti-full-v2/logos/0774-liberty-дрим-воркс-4k.png,http://epg.one/img/8924.png,png,165,165,11295,1,
775,VeleS Магнитофон,Filme,8808,http://c137c781.rossteleccom.net/iptv/WLSHARFG8FUEKR/31645/index.m3u8,saved,output/channel-logos-moldovenesti-full-v2/logos/0775-veles-магнитофон.png,http://iptvx.one/picons/veles-mafon.png,png,200,200,22129,4,
776,VeleS Киноплёнка,Filme,8761,http://c137c781.rossteleccom.net/iptv/WLSHARFG8FUEKR/31638/index.m3u8,saved,output/channel-logos-moldovenesti-full-v2/logos/0776-veles-кинопленка.png,http://iptvx.one/picons/veles-kinoplonk.png,png,200,200,22237,4,
777,VeleS Страшное,Filme,8764,http://c137c781.rossteleccom.net/iptv/WLSHARFG8FUEKR/31642/index.m3u8,saved,output/channel-logos-moldovenesti-full-v2/logos/0777-veles-страшное.png,http://iptvx.one/picons/veles-strash.png,png,200,200,8610,4,
778,VeleS СССР,Filme,8765,http://c137c781.rossteleccom.net/iptv/WLSHARFG8FUEKR/31643/index.m3u8,saved,output/channel-logos-moldovenesti-full-v2/logos/0778-veles-ссср.png,http://iptvx.one/picons/veles-sssr.png,png,200,200,6614,4,
779,VeleS Киносерия,Filme,8762,http://c137c781.rossteleccom.net/iptv/WLSHARFG8FUEKR/31640/index.m3u8,saved,output/channel-logos-moldovenesti-full-v2/logos/0779-veles-киносерия.png,http://iptvx.one/picons/veles-kinoser.png,png,200,200,9733,4,
780,Liberty Аванпост 4K,Filme,445879,http://c137c781.rossteleccom.net/iptv/WLSHARFG8FUEKR/31664/index.m3u8,saved,output/channel-logos-moldovenesti-full-v2/logos/0780-liberty-аванпост-4k.png,http://epg.pw/media/images/epg/2025/07/19/20250719021621126256_93.png,png,200,200,12246,5,
781,Liberty Мюзикл 4K,Filme,445864,http://c137c781.rossteleccom.net/iptv/WLSHARFG8FUEKR/31662/index.m3u8,saved,output/channel-logos-moldovenesti-full-v2/logos/0781-liberty-мюзикл-4k.png,http://epg.pw/media/images/epg/2025/07/19/20250719021132661710_29.png,png,200,200,12600,5,
782,Liberty Сериалы 4K,Filme,445865,http://c137c781.rossteleccom.net/iptv/WLSHARFG8FUEKR/31665/index.m3u8,saved,output/channel-logos-moldovenesti-full-v2/logos/0782-liberty-сериалы-4k.png,http://epg.pw/media/images/epg/2025/07/19/20250719021208387179_65.png,png,200,200,12356,6,
783,Суспільне Культура HD UA,Filme,,http://c137c781.rossteleccom.net/iptv/WLSHARFG8FUEKR/31747/index.m3u8,saved,output/channel-logos-moldovenesti-full-v2/logos/0783-суспільне-культура-hd-ua.png,http://iptvx.one/picons/kultura-ua.png,png,200,200,12684,2,
784,Любимое Кино HD,Filme,lubimoe-kino-hd,http://c137c781.rossteleccom.net/iptv/WLSHARFG8FUEKR/20014/index.m3u8,saved,output/channel-logos-moldovenesti-full-v2/logos/0784-любимое-кино-hd.png,http://iptvx.one/picons/nashe-lubimoe-kino-ua.png,png,200,200,11644,8,
785,Триколор Боевики HD,Filme,,http://c137c781.rossteleccom.net/iptv/WLSHARFG8FUEKR/20172/index.m3u8,saved,output/channel-logos-moldovenesti-full-v2/logos/0785-триколор-боевики-hd.png,http://epg.one/img/17030.png,png,165,165,11629,1,
786,Триколор Ужасы HD,Filme,,http://c137c781.rossteleccom.net/iptv/WLSHARFG8FUEKR/20178/index.m3u8,saved,output/channel-logos-moldovenesti-full-v2/logos/0786-триколор-ужасы-hd.png,http://epg.one/img/17032.png,png,165,165,11676,1,
787,Лавстори HD,Filme,love-story-hd,http://c137c781.rossteleccom.net/iptv/WLSHARFG8FUEKR/2034/index.m3u8,saved,output/channel-logos-moldovenesti-full-v2/logos/0787-лавстори-hd.png,http://static.g-cdn.app/streams/love-story-hd.png,png,366,220,10832,6,
788,Советская киноклассика HD,Filme,sovetskaya-kinoclassica-hd,http://c137c781.rossteleccom.net/iptv/WLSHARFG8FUEKR/2146/index.m3u8,saved,output/channel-logos-moldovenesti-full-v2/logos/0788-советская-киноклассика-hd.png,http://iptvx.one/picons/sov-kinklass.png,png,200,200,20006,7,
789,Viju TV1000 Новелла HD,Filme,viju-tv1000-nowella-hd,http://c137c781.rossteleccom.net/iptv/WLSHARFG8FUEKR/2002/index.m3u8,saved,output/channel-logos-moldovenesti-full-v2/logos/0789-viju-tv1000-новелла-hd.png,http://iptvx.one/picons/viju-tv1000-novella.png,png,200,200,11844,8,
790,Феникс плюс Кино HD,Filme,,http://c137c781.rossteleccom.net/iptv/WLSHARFG8FUEKR/16154/index.m3u8,saved,output/channel-logos-moldovenesti-full-v2/logos/0790-феникс-плюс-кино-hd.png,http://epg.one/img/2404.png,png,165,165,21893,1,
791,VHS-ка HD,Filme,vhska-hd,http://c137c781.rossteleccom.net/iptv/WLSHARFG8FUEKR/5006/index.m3u8,saved,output/channel-logos-moldovenesti-full-v2/logos/0791-vhs-ка-hd.png,http://iptvx.one/picons/vhska-serial.png,png,200,200,10677,8,
792,О!Кино,Filme,9006,http://c137c781.rossteleccom.net/iptv/WLSHARFG8FUEKR/20023/index.m3u8,saved,output/channel-logos-moldovenesti-full-v2/logos/0792-о-кино.png,http://iptvx.one/picons/okino.png,png,200,200,11947,4,
793,VF Счастливы Вместе,Filme,7271,http://c137c781.rossteleccom.net/iptv/WLSHARFG8FUEKR/9242/index.m3u8,saved,output/channel-logos-moldovenesti-full-v2/logos/0793-vf-счастливы-вместе.png,http://iptvx.one/picons/velilla-sw.png,png,200,200,21703,5,
794,VF Бесстыжие,Filme,7272,http://c137c781.rossteleccom.net/iptv/WLSHARFG8FUEKR/10075/index.m3u8,saved,output/channel-logos-moldovenesti-full-v2/logos/0794-vf-бесстыжие.png,http://iptvx.one/picons/vf-besstyzhye.png,png,200,200,13417,4,
795,VF Владимир Высоцкий,Filme,445662,http://c137c781.rossteleccom.net/iptv/WLSHARFG8FUEKR/10066/index.m3u8,saved,output/channel-logos-moldovenesti-full-v2/logos/0795-vf-владимир-высоцкии.png,http://epg.pw/media/images/epg/2025/07/21/20250721021934078514_31.png,png,200,200,19515,5,
796,VF Два с половиной человека,Filme,7273,http://c137c781.rossteleccom.net/iptv/WLSHARFG8FUEKR/10062/index.m3u8,saved,output/channel-logos-moldovenesti-full-v2/logos/0796-vf-два-с-половинои-человека.png,http://iptvx.one/picons/vf-2ipol.png,png,200,200,15711,4,
797,VF Новогодний,Filme,6163,http://c137c781.rossteleccom.net/iptv/WLSHARFG8FUEKR/17035/index.m3u8,saved,output/channel-logos-moldovenesti-full-v2/logos/0797-vf-новогоднии.png,http://iptvx.one/picons/vf-nowogodni.png,png,200,200,23146,4,
798,VF Ёлки,Filme,7274,http://c137c781.rossteleccom.net/iptv/WLSHARFG8FUEKR/14222/index.m3u8,saved,output/channel-logos-moldovenesti-full-v2/logos/0798-vf-елки.png,http://iptvx.one/picons/vf-elki.png,png,200,200,29245,4,
799,VF С новым годом!,Filme,5982,http://c137c781.rossteleccom.net/iptv/WLSHARFG8FUEKR/15524/index.m3u8,saved,output/channel-logos-moldovenesti-full-v2/logos/0799-vf-с-новым-годом.png,http://iptvx.one/picons/vf-snovymgodom.png,png,200,200,36950,4,
800,VF Гарри Поттер,Filme,7276,http://c137c781.rossteleccom.net/iptv/WLSHARFG8FUEKR/14230/index.m3u8,saved,output/channel-logos-moldovenesti-full-v2/logos/0800-vf-гарри-поттер.png,http://iptvx.one/picons/tvplay-garrypotter.png,png,200,200,31355,5,
801,VF Секс в большом городе,Filme,7277,http://c137c781.rossteleccom.net/iptv/WLSHARFG8FUEKR/14224/index.m3u8,saved,output/channel-logos-moldovenesti-full-v2/logos/0801-vf-секс-в-большом-городе.png,http://iptvx.one/picons/vf-sexcity.png,png,200,200,18626,4,
802,VF Карточный домик,Filme,7275,http://c137c781.rossteleccom.net/iptv/WLSHARFG8FUEKR/14221/index.m3u8,saved,output/channel-logos-moldovenesti-full-v2/logos/0802-vf-карточныи-домик.png,http://iptvx.one/picons/vf-kartochnydomik.png,png,200,200,19185,4,
803,VF Теория большого взрыва,Filme,7279,http://c137c781.rossteleccom.net/iptv/WLSHARFG8FUEKR/15009/index.m3u8,saved,output/channel-logos-moldovenesti-full-v2/logos/0803-vf-теория-большого-взрыва.png,http://iptvx.one/picons/vf-tbbt.png,png,200,200,20487,4,
804,Кино UHD 4K,Filme,kino-uhd-4k,http://c137c781.rossteleccom.net/iptv/WLSHARFG8FUEKR/5004/index.m3u8,saved,output/channel-logos-moldovenesti-full-v2/logos/0804-кино-uhd-4k.png,http://static.g-cdn.app/streams/kino-uhd-4k.png,png,220,132,16037,4,
805,Остросюжетное HD,Filme,ostrosujetnoe-hd,http://c137c781.rossteleccom.net/iptv/WLSHARFG8FUEKR/904/index.m3u8,saved,output/channel-logos-moldovenesti-full-v2/logos/0805-остросюжетное-hd.png,http://iptvx.one/picons/ostrosiuzhetnoe-hd.png,png,200,200,15495,5,
806,Премиальное FHD,Filme,kino-premium-hd,http://c137c781.rossteleccom.net/iptv/WLSHARFG8FUEKR/2410/index.m3u8,saved,output/channel-logos-moldovenesti-full-v2/logos/0806-премиальное-fhd.png,http://iptvx.one/picons/premialnoe-hd.png,png,200,200,13757,5,
807,Дом Кино Премиум HD,Filme,dom-kino-premium-hd,http://c137c781.rossteleccom.net/iptv/WLSHARFG8FUEKR/911/index.m3u8,saved,output/channel-logos-moldovenesti-full-v2/logos/0807-дом-кино-премиум-hd.png,http://iptvx.one/picons/domkino-premium.png,png,200,200,10910,8,
808,Про Любовь HD,Filme,pro-lubov-hd,http://c137c781.rossteleccom.net/iptv/WLSHARFG8FUEKR/2430/index.m3u8,saved,output/channel-logos-moldovenesti-full-v2/logos/0808-про-любовь-hd.png,http://iptvx.one/picons/pro-lyubov.png,png,200,200,9232,6,
809,Наш Кинопоказ HD,Filme,nash-kinopokaz-hd,http://c137c781.rossteleccom.net/iptv/WLSHARFG8FUEKR/2434/index.m3u8,saved,output/channel-logos-moldovenesti-full-v2/logos/0809-наш-кинопоказ-hd.png,http://iptvx.one/picons/nash-kinopokaz.png,png,200,200,6654,6,
810,Блокбастер HD,Filme,blokbaster-hd,http://c137c781.rossteleccom.net/iptv/WLSHARFG8FUEKR/2436/index.m3u8,saved,output/channel-logos-moldovenesti-full-v2/logos/0810-блокбастер-hd.png,http://iptvx.one/picons/blokbaster.png,png,200,200,17217,4,
811,Хит HD,Filme,hit-hd,http://c137c781.rossteleccom.net/iptv/WLSHARFG8FUEKR/2438/index.m3u8,saved,output/channel-logos-moldovenesti-full-v2/logos/0811-хит-hd.png,http://iptvx.one/picons/khit.png,png,200,200,26692,4,
812,Кинопоказ HD,Filme,kinopokaz-hd,http://c137c781.rossteleccom.net/iptv/WLSHARFG8FUEKR/2439/index.m3u8,saved,output/channel-logos-moldovenesti-full-v2/logos/0812-кинопоказ-hd.png,http://iptvx.one/picons/kinopokaz.png,png,200,200,18329,5,
813,Наше Мужское HD,Filme,nashe-muzshkoe-hd,http://c137c781.rossteleccom.net/iptv/WLSHARFG8FUEKR/2440/index.m3u8,saved,output/channel-logos-moldovenesti-full-v2/logos/0813-наше-мужское-hd.png,http://iptvx.one/picons/nashe-muzhskoe.png,png,200,200,58728,7,
814,Камеди HD,Filme,comedy-hd,http://c137c781.rossteleccom.net/iptv/WLSHARFG8FUEKR/2441/index.m3u8,saved,output/channel-logos-moldovenesti-full-v2/logos/0814-камеди-hd.png,http://iptvx.one/picons/kamedi.png,png,200,200,22897,4,
815,Романтичное HD,Filme,romantichnoe-hd,http://c137c781.rossteleccom.net/iptv/WLSHARFG8FUEKR/5053/index.m3u8,saved,output/channel-logos-moldovenesti-full-v2/logos/0815-романтичное-hd.png,https://iptvx.one/picons/romantichnoe-hd.png,png,200,200,28238,5,
816,Комедийное HD,Filme,komedijnoe-hd,http://c137c781.rossteleccom.net/iptv/WLSHARFG8FUEKR/912/index.m3u8,saved,output/channel-logos-moldovenesti-full-v2/logos/0816-комедииное-hd.png,https://iptvx.one/picons/komedijnoe-hd.png,png,200,200,26004,4,
817,Душевное HD,Filme,nash-kinoroman-hd,http://c137c781.rossteleccom.net/iptv/WLSHARFG8FUEKR/914/index.m3u8,saved,output/channel-logos-moldovenesti-full-v2/logos/0817-душевное-hd.png,http://static.g-cdn.app/streams/nash-kinoroman-hd.png,png,220,132,25035,3,
818,Любимое HD,Filme,nashe-lubimoe-hd,http://c137c781.rossteleccom.net/iptv/WLSHARFG8FUEKR/2106/index.m3u8,saved,output/channel-logos-moldovenesti-full-v2/logos/0818-любимое-hd.png,https://iptvx.one/picons/nashe-lubimoe-hd.png,png,200,200,30232,3,
819,Кинопремьера HD,Filme,kinopremiera-hd,http://c137c781.rossteleccom.net/iptv/WLSHARFG8FUEKR/224/index.m3u8,saved,output/channel-logos-moldovenesti-full-v2/logos/0819-кинопремьера-hd.png,http://iptvx.one/picons/kinopremiera.png,png,200,200,32214,4,
820,Киноужас HD,Filme,kinouzhas-hd,http://c137c781.rossteleccom.net/iptv/WLSHARFG8FUEKR/2056/index.m3u8,saved,output/channel-logos-moldovenesti-full-v2/logos/0820-киноужас-hd.png,http://iptvx.one/picons/kinouzhas.png,png,200,200,29806,4,
821,Русский роман HD,Filme,russkij-roman-hd,http://c137c781.rossteleccom.net/iptv/WLSHARFG8FUEKR/2076/index.m3u8,saved,output/channel-logos-moldovenesti-full-v2/logos/0821-русскии-роман-hd.png,http://iptvx.one/picons/russky-roman.png,png,200,200,26891,7,
822,Русский иллюзион HD,Filme,russkij-iluzion-hd,http://c137c781.rossteleccom.net/iptv/WLSHARFG8FUEKR/2114/index.m3u8,saved,output/channel-logos-moldovenesti-full-v2/logos/0822-русскии-иллюзион-hd.png,http://iptvx.one/picons/russky-illuzion.png,png,200,200,25102,6,
823,Дорама HD,Filme,dorama-hd,http://c137c781.rossteleccom.net/iptv/WLSHARFG8FUEKR/2131/index.m3u8,saved,output/channel-logos-moldovenesti-full-v2/logos/0823-дорама-hd.png,http://iptvx.one/picons/dorama.png,png,200,200,34784,4,
824,Кино ТВ HD,Filme,kino-tv-hd,http://c137c781.rossteleccom.net/iptv/WLSHARFG8FUEKR/2097/index.m3u8,saved,output/channel-logos-moldovenesti-full-v2/logos/0824-кино-тв-hd.png,http://iptvx.one/picons/kino-tv-pl4.png,png,200,200,27027,8,
825,День Победы HD,Filme,den-pobedy-hd,http://c137c781.rossteleccom.net/iptv/WLSHARFG8FUEKR/5054/index.m3u8,saved,output/channel-logos-moldovenesti-full-v2/logos/0825-день-победы-hd.png,http://iptvx.one/picons/denpobedy.png,png,200,200,10416,6,
826,Победа HD,Filme,pobeda-hd,http://c137c781.rossteleccom.net/iptv/WLSHARFG8FUEKR/5052/index.m3u8,saved,output/channel-logos-moldovenesti-full-v2/logos/0826-победа-hd.png,http://iptvx.one/picons/pobeda.png,png,200,200,19147,5,
827,Родное Кино,Filme,rodnoje_kino,http://c137c781.rossteleccom.net/iptv/WLSHARFG8FUEKR/126/index.m3u8,saved,output/channel-logos-moldovenesti-full-v2/logos/0827-родное-кино.png,http://iptvx.one/picons/rodnoe-kino.png,png,200,200,33272,6,
828,ТВ 21,Filme,6869,http://c137c781.rossteleccom.net/iptv/WLSHARFG8FUEKR/525/index.m3u8,saved,output/channel-logos-moldovenesti-full-v2/logos/0828-тв-21.png,http://iptvx.one/picons/tv21plus.png,png,200,200,11396,5,
829,Индийское Кино,Filme,indija-tv,http://c137c781.rossteleccom.net/iptv/WLSHARFG8FUEKR/146/index.m3u8,saved,output/channel-logos-moldovenesti-full-v2/logos/0829-индииское-кино.png,http://iptvx.one/picons/indijskoe-kino.png,png,200,200,32984,6,
830,Еврокино,Filme,evrokino,http://c137c781.rossteleccom.net/iptv/WLSHARFG8FUEKR/549/index.m3u8,saved,output/channel-logos-moldovenesti-full-v2/logos/0830-еврокино.png,http://iptvx.one/picons/eurokino.png,png,200,200,16878,5,
831,Дом Кино,Filme,dom-kino,http://c137c781.rossteleccom.net/iptv/WLSHARFG8FUEKR/154/index.m3u8,saved,output/channel-logos-moldovenesti-full-v2/logos/0831-дом-кино.png,http://iptvx.one/picons/domkino-premium.png,png,200,200,10910,8,
832,Русский бестселлер,Filme,russkij-bestseller,http://c137c781.rossteleccom.net/iptv/WLSHARFG8FUEKR/905/index.m3u8,saved,output/channel-logos-moldovenesti-full-v2/logos/0832-русскии-бестселлер.png,http://iptvx.one/picons/russky-bestseller.png,png,200,200,33021,5,
833,Русский детектив,Filme,russkij-detektiv,http://c137c781.rossteleccom.net/iptv/WLSHARFG8FUEKR/907/index.m3u8,saved,output/channel-logos-moldovenesti-full-v2/logos/0833-русскии-детектив.png,http://iptvx.one/picons/russky-detektiv.png,png,200,200,29718,5,
834,Комедия,Filme,russkaja-comedija,http://c137c781.rossteleccom.net/iptv/WLSHARFG8FUEKR/733/index.m3u8,saved,output/channel-logos-moldovenesti-full-v2/logos/0834-комедия.png,http://static.g-cdn.app/streams/russkaja-comedija.png,png,220,132,7356,3,
835,НСТ,Filme,hct,http://c137c781.rossteleccom.net/iptv/WLSHARFG8FUEKR/726/index.m3u8,saved,output/channel-logos-moldovenesti-full-v2/logos/0835-нст.png,http://static.g-cdn.app/streams/hct.png,png,220,132,9099,3,
836,Ретро,Filme,6998,http://c137c781.rossteleccom.net/iptv/WLSHARFG8FUEKR/2018/index.m3u8,saved,output/channel-logos-moldovenesti-full-v2/logos/0836-ретро.png,http://epg.pw/media/images/epg/2024/06/08/20240608031539026916_73.png,png,200,200,32759,3,
837,Иллюзион+,Filme,iluzion-plus,http://c137c781.rossteleccom.net/iptv/WLSHARFG8FUEKR/2038/index.m3u8,saved,output/channel-logos-moldovenesti-full-v2/logos/0837-иллюзион.png,http://iptvx.one/picons/illuzion-plus.png,png,200,200,23887,5,
838,Киноман,Filme,,http://c137c781.rossteleccom.net/iptv/WLSHARFG8FUEKR/2121/index.m3u8,missing,,,,,,,0,no_candidate_logo_url
839,Зал 1,Filme,,http://c137c781.rossteleccom.net/iptv/WLSHARFG8FUEKR/2568/index.m3u8,saved,output/channel-logos-moldovenesti-full-v2/logos/0839-зал-1.png,http://iptvx.one/picons/zal-01-tricolor.png,png,200,200,22185,3,
840,Зал 2,Filme,,http://c137c781.rossteleccom.net/iptv/WLSHARFG8FUEKR/2569/index.m3u8,saved,output/channel-logos-moldovenesti-full-v2/logos/0840-зал-2.png,http://iptvx.one/picons/zal-02-tricolor.png,png,200,200,14492,3,
841,Зал 3,Filme,,http://c137c781.rossteleccom.net/iptv/WLSHARFG8FUEKR/2570/index.m3u8,saved,output/channel-logos-moldovenesti-full-v2/logos/0841-зал-3.png,http://iptvx.one/picons/zal-03-tricolor.png,png,200,200,19407,3,
842,Зал 4,Filme,,http://c137c781.rossteleccom.net/iptv/WLSHARFG8FUEKR/2571/index.m3u8,saved,output/channel-logos-moldovenesti-full-v2/logos/0842-зал-4.png,http://iptvx.one/picons/zal-04-tricolor.png,png,200,200,15680,3,
843,Зал 5,Filme,,http://c137c781.rossteleccom.net/iptv/WLSHARFG8FUEKR/2572/index.m3u8,saved,output/channel-logos-moldovenesti-full-v2/logos/0843-зал-5.png,http://iptvx.one/picons/zal-05-tricolor.png,png,200,200,19880,3,
844,Зал 6,Filme,,http://c137c781.rossteleccom.net/iptv/WLSHARFG8FUEKR/2573/index.m3u8,saved,output/channel-logos-moldovenesti-full-v2/logos/0844-зал-6.png,http://iptvx.one/picons/zal-06-tricolor.png,png,200,200,22766,3,
845,Зал 7,Filme,,http://c137c781.rossteleccom.net/iptv/WLSHARFG8FUEKR/2574/index.m3u8,saved,output/channel-logos-moldovenesti-full-v2/logos/0845-зал-7.png,http://iptvx.one/picons/zal-07-tricolor.png,png,200,200,15585,3,
846,Зал 8,Filme,,http://c137c781.rossteleccom.net/iptv/WLSHARFG8FUEKR/2575/index.m3u8,saved,output/channel-logos-moldovenesti-full-v2/logos/0846-зал-8.png,http://iptvx.one/picons/zal-08-tricolor.png,png,200,200,14917,3,
847,Зал 9,Filme,,http://c137c781.rossteleccom.net/iptv/WLSHARFG8FUEKR/2576/index.m3u8,saved,output/channel-logos-moldovenesti-full-v2/logos/0847-зал-9.png,http://epg.one/img/6361.png,png,165,165,20544,2,
848,Зал 10,Filme,,http://c137c781.rossteleccom.net/iptv/WLSHARFG8FUEKR/2577/index.m3u8,saved,output/channel-logos-moldovenesti-full-v2/logos/0848-зал-10.png,http://iptvx.one/picons/zal-10-tricolor.png,png,200,200,20656,3,
849,Зал 11,Filme,,http://c137c781.rossteleccom.net/iptv/WLSHARFG8FUEKR/2578/index.m3u8,saved,output/channel-logos-moldovenesti-full-v2/logos/0849-зал-11.png,http://iptvx.one/picons/zal-11-tricolor.png,png,200,200,15521,3,
850,Зал 12,Filme,,http://c137c781.rossteleccom.net/iptv/WLSHARFG8FUEKR/2579/index.m3u8,saved,output/channel-logos-moldovenesti-full-v2/logos/0850-зал-12.png,http://iptvx.one/picons/zal-12-tricolor.png,png,200,200,15757,3,
851,Шокирующее HD,Filme,shokiruschee-hd,http://c137c781.rossteleccom.net/iptv/WLSHARFG8FUEKR/6299/index.m3u8,saved,output/channel-logos-moldovenesti-full-v2/logos/0851-шокирующее-hd.png,http://iptvx.one/picons/shokiruyushchee-hd.png,png,200,200,28356,5,
852,Viju TV1000 Русское HD,Filme,tv1000-russkoje-hd,http://c137c781.rossteleccom.net/iptv/WLSHARFG8FUEKR/6388/index.m3u8,saved,output/channel-logos-moldovenesti-full-v2/logos/0852-viju-tv1000-русское-hd.png,http://iptvx.one/picons/viju-tv1000-novella.png,png,200,200,11844,8,
853,Сапфир HD,Filme,sapfir-hd,http://c137c781.rossteleccom.net/iptv/WLSHARFG8FUEKR/6389/index.m3u8,saved,output/channel-logos-moldovenesti-full-v2/logos/0853-сапфир-hd.png,http://iptvx.one/picons/sapfir.png,png,200,200,12721,5,
854,Наше HD,Filme,nash-detektiv-hd,http://c137c781.rossteleccom.net/iptv/WLSHARFG8FUEKR/9046/index.m3u8,saved,output/channel-logos-moldovenesti-full-v2/logos/0854-наше-hd.png,http://static.g-cdn.app/streams/nash-detektiv-hd.png,png,220,132,35984,3,
855,Кинеко HD,Filme,kineko-hd,http://c137c781.rossteleccom.net/iptv/WLSHARFG8FUEKR/9135/index.m3u8,saved,output/channel-logos-moldovenesti-full-v2/logos/0855-кинеко-hd.png,http://iptvx.one/picons/kineko.png,png,200,200,8240,5,
856,Киносемья HD,Filme,kinosemja-hd,http://c137c781.rossteleccom.net/iptv/WLSHARFG8FUEKR/7244/index.m3u8,saved,output/channel-logos-moldovenesti-full-v2/logos/0856-киносемья-hd.png,http://iptvx.one/picons/kinosemia.png,png,200,200,32782,5,
857,Киносвидание HD,Filme,kinosvidanije-hd,http://c137c781.rossteleccom.net/iptv/WLSHARFG8FUEKR/7245/index.m3u8,saved,output/channel-logos-moldovenesti-full-v2/logos/0857-киносвидание-hd.png,http://iptvx.one/picons/kinosvidanie.png,png,200,200,32681,5,
858,Страшное HD,Filme,strashnoe-hd,http://c137c781.rossteleccom.net/iptv/WLSHARFG8FUEKR/7247/index.m3u8,saved,output/channel-logos-moldovenesti-full-v2/logos/0858-страшное-hd.png,https://iptvx.one/picons/strashnoe-hd.png,png,200,200,23267,4,
859,Кинокомедия HD,Filme,kinokomedia-hd,http://c137c781.rossteleccom.net/iptv/WLSHARFG8FUEKR/7248/index.m3u8,saved,output/channel-logos-moldovenesti-full-v2/logos/0859-кинокомедия-hd.png,http://iptvx.one/picons/kinokomedia.png,png,200,200,33512,5,
860,Киномикс HD,Filme,kinomix-hd,http://c137c781.rossteleccom.net/iptv/WLSHARFG8FUEKR/7249/index.m3u8,saved,output/channel-logos-moldovenesti-full-v2/logos/0860-киномикс-hd.png,http://iptvx.one/picons/kinomiks.png,png,200,200,33356,5,
861,Кинохит HD,Filme,kinohit-hd,http://c137c781.rossteleccom.net/iptv/WLSHARFG8FUEKR/7250/index.m3u8,saved,output/channel-logos-moldovenesti-full-v2/logos/0861-кинохит-hd.png,http://iptvx.one/picons/kinoxit.png,png,200,200,33631,5,
862,Мосфильм. Золотая коллекция HD,Filme,6873,http://c137c781.rossteleccom.net/iptv/WLSHARFG8FUEKR/7347/index.m3u8,saved,output/channel-logos-moldovenesti-full-v2/logos/0862-мосфильм-золотая-коллекция-hd.png,http://epg.pw/media/images/epg/2024/06/08/20240608030814612631_44.png,png,200,200,36142,8,
863,VF Ужасы,Filme,4599,http://c137c781.rossteleccom.net/iptv/WLSHARFG8FUEKR/10008/index.m3u8,saved,output/channel-logos-moldovenesti-full-v2/logos/0863-vf-ужасы.png,http://iptvx.one/picons/vf-uzhasy.png,png,200,200,26257,5,
864,VF Ужасы VHS,Filme,4601,http://c137c781.rossteleccom.net/iptv/WLSHARFG8FUEKR/10010/index.m3u8,saved,output/channel-logos-moldovenesti-full-v2/logos/0864-vf-ужасы-vhs.png,http://iptvx.one/picons/vf-uzhasy.png,png,200,200,26257,7,
865,VF Премьера,Filme,4644,http://c137c781.rossteleccom.net/iptv/WLSHARFG8FUEKR/10051/index.m3u8,saved,output/channel-logos-moldovenesti-full-v2/logos/0865-vf-премьера.png,http://iptvx.one/picons/vf-premiera.png,png,200,200,19906,4,
866,VF Классика,Filme,4646,http://c137c781.rossteleccom.net/iptv/WLSHARFG8FUEKR/10053/index.m3u8,saved,output/channel-logos-moldovenesti-full-v2/logos/0866-vf-классика.png,http://iptvx.one/picons/vf-klassika.png,png,200,200,23806,4,
867,VF Комедия,Filme,4648,http://c137c781.rossteleccom.net/iptv/WLSHARFG8FUEKR/10055/index.m3u8,saved,output/channel-logos-moldovenesti-full-v2/logos/0867-vf-комедия.png,http://iptvx.one/picons/vf-komedia.png,png,200,200,23748,4,
868,VF Катастрофы,Filme,4666,http://c137c781.rossteleccom.net/iptv/WLSHARFG8FUEKR/10080/index.m3u8,saved,output/channel-logos-moldovenesti-full-v2/logos/0868-vf-катастрофы.png,http://iptvx.one/picons/vf-katastrofy.png,png,200,200,24020,4,
869,VF Военные,Filme,4665,http://c137c781.rossteleccom.net/iptv/WLSHARFG8FUEKR/10082/index.m3u8,saved,output/channel-logos-moldovenesti-full-v2/logos/0869-vf-военные.png,http://iptvx.one/picons/vf-voennye.png,png,200,200,18852,4,
870,VF Наша победа,Filme,4669,http://c137c781.rossteleccom.net/iptv/WLSHARFG8FUEKR/10083/index.m3u8,saved,output/channel-logos-moldovenesti-full-v2/logos/0870-vf-наша-победа.png,http://iptvx.one/picons/vf-pobeda.png,png,200,200,18726,6,
871,VF Мосфильм,Filme,4667,http://c137c781.rossteleccom.net/iptv/WLSHARFG8FUEKR/10084/index.m3u8,saved,output/channel-logos-moldovenesti-full-v2/logos/0871-vf-мосфильм.png,http://iptvx.one/picons/vf-mosfilm.png,png,200,200,22529,4,
872,VF Фильмы СССР,Filme,4670,http://c137c781.rossteleccom.net/iptv/WLSHARFG8FUEKR/10085/index.m3u8,saved,output/channel-logos-moldovenesti-full-v2/logos/0872-vf-фильмы-ссср.png,http://iptvx.one/picons/vf-filmy-sssr.png,png,200,200,17497,5,
873,VF Мультфильмы СССР,Filme,4668,http://c137c781.rossteleccom.net/iptv/WLSHARFG8FUEKR/10086/index.m3u8,saved,output/channel-logos-moldovenesti-full-v2/logos/0873-vf-мультфильмы-ссср.png,http://iptvx.one/picons/vf-multfilmy-sssr.png,png,200,200,21675,5,
874,VF Боевик,Filme,4664,http://c137c781.rossteleccom.net/iptv/WLSHARFG8FUEKR/10087/index.m3u8,saved,output/channel-logos-moldovenesti-full-v2/logos/0874-vf-боевик.png,http://iptvx.one/picons/vf-boevik.png,png,200,200,18905,4,
875,Премиальное HD 50,Filme,,http://c137c781.rossteleccom.net/iptv/WLSHARFG8FUEKR/10017/index.m3u8,saved,output/channel-logos-moldovenesti-full-v2/logos/0875-премиальное-hd-50.png,http://epg.one/img/2732.png,png,165,165,24149,1,
876,Мужское Кино HD,Filme,muzhskoe-kino-hd,http://c137c781.rossteleccom.net/iptv/WLSHARFG8FUEKR/10045/index.m3u8,saved,output/channel-logos-moldovenesti-full-v2/logos/0876-мужское-кино-hd.png,http://iptvx.one/picons/muzhskoe-kino.png,png,200,200,33412,8,
877,CineMan Мелодрама,Filme,,http://c137c781.rossteleccom.net/iptv/WLSHARFG8FUEKR/11008/index.m3u8,saved,output/channel-logos-moldovenesti-full-v2/logos/0877-cineman-мелодрама.png,http://epg.one/img/4686.png,png,165,165,29032,1,
878,CineMan Ужасы,Filme,4688,http://c137c781.rossteleccom.net/iptv/WLSHARFG8FUEKR/11010/index.m3u8,saved,output/channel-logos-moldovenesti-full-v2/logos/0878-cineman-ужасы.png,http://iptvx.one/picons/cineman-uzhasy.png,png,200,200,26775,4,
879,CineMan Комедия,Filme,4689,http://c137c781.rossteleccom.net/iptv/WLSHARFG8FUEKR/11011/index.m3u8,saved,output/channel-logos-moldovenesti-full-v2/logos/0879-cineman-комедия.png,http://iptvx.one/picons/cineman-comedy.png,png,200,200,26100,4,
880,CineMan РуКино,Filme,4691,http://c137c781.rossteleccom.net/iptv/WLSHARFG8FUEKR/11013/index.m3u8,saved,output/channel-logos-moldovenesti-full-v2/logos/0880-cineman-рукино.png,http://iptvx.one/picons/cineman-rukino.png,png,200,200,24638,4,
881,CineMan Сваты,Filme,4692,http://c137c781.rossteleccom.net/iptv/WLSHARFG8FUEKR/11014/index.m3u8,saved,output/channel-logos-moldovenesti-full-v2/logos/0881-cineman-сваты.png,http://iptvx.one/picons/cineman-svaty.png,png,200,200,24268,4,
882,CineMan Катастрофы,Filme,5585,http://c137c781.rossteleccom.net/iptv/WLSHARFG8FUEKR/15106/index.m3u8,saved,output/channel-logos-moldovenesti-full-v2/logos/0882-cineman-катастрофы.png,http://iptvx.one/picons/cineman-katastrofy.png,png,200,200,28641,4,
883,CineMan Ментовские войны,Filme,6051,http://c137c781.rossteleccom.net/iptv/WLSHARFG8FUEKR/16063/index.m3u8,saved,output/channel-logos-moldovenesti-full-v2/logos/0883-cineman-ментовские-воины.png,http://iptvx.one/picons/cineman-musw.png,png,200,200,28070,6,
884,CineMan ПёС + Лихач,Filme,,http://c137c781.rossteleccom.net/iptv/WLSHARFG8FUEKR/16064/index.m3u8,saved,output/channel-logos-moldovenesti-full-v2/logos/0884-cineman-пес-лихач.png,http://iptvx.one/picons/cineman-pes.png,png,200,200,24772,2,
885,CineMan Лесник,Filme,6053,http://c137c781.rossteleccom.net/iptv/WLSHARFG8FUEKR/16065/index.m3u8,saved,output/channel-logos-moldovenesti-full-v2/logos/0885-cineman-лесник.png,http://iptvx.one/picons/cineman-lesnik.png,png,200,200,24329,4,
886,BCU СССР HD,Filme,4747,http://c137c781.rossteleccom.net/iptv/WLSHARFG8FUEKR/11026/index.m3u8,saved,output/channel-logos-moldovenesti-full-v2/logos/0886-bcu-ссср-hd.png,http://iptvx.one/picons/bcu-sssr-hd.png,png,200,200,44009,5,
887,BCU Сваты HD,Filme,4768,http://c137c781.rossteleccom.net/iptv/WLSHARFG8FUEKR/11047/index.m3u8,saved,output/channel-logos-moldovenesti-full-v2/logos/0887-bcu-сваты-hd.png,http://iptvx.one/picons/bcu-svaty.png,png,200,200,43431,5,
888,StrahTV Интерны ТВ,Filme,,http://c137c781.rossteleccom.net/iptv/WLSHARFG8FUEKR/11060/index.m3u8,saved,output/channel-logos-moldovenesti-full-v2/logos/0888-strahtv-интерны-тв.png,http://epg.one/img/4694.png,png,165,165,29853,8,
889,StrahTV СССР,Filme,,http://c137c781.rossteleccom.net/iptv/WLSHARFG8FUEKR/11061/index.m3u8,saved,output/channel-logos-moldovenesti-full-v2/logos/0889-strahtv-ссср.png,http://epg.one/img/4695.png,png,165,165,26363,8,
890,StrahTV Сваты,Filme,,http://c137c781.rossteleccom.net/iptv/WLSHARFG8FUEKR/11062/index.m3u8,saved,output/channel-logos-moldovenesti-full-v2/logos/0890-strahtv-сваты.png,http://epg.one/img/4696.png,png,165,165,26272,8,
891,StrahTV Универ ТВ,Filme,,http://c137c781.rossteleccom.net/iptv/WLSHARFG8FUEKR/11063/index.m3u8,saved,output/channel-logos-moldovenesti-full-v2/logos/0891-strahtv-универ-тв.png,http://epg.one/img/4697.png,png,165,165,28488,8,
892,StrahTV Хит HD,Filme,,http://c137c781.rossteleccom.net/iptv/WLSHARFG8FUEKR/11064/index.m3u8,saved,output/channel-logos-moldovenesti-full-v2/logos/0892-strahtv-хит-hd.png,http://epg.one/img/4787.png,png,165,165,25170,8,
893,StrahTV Космо HD,Filme,,http://c137c781.rossteleccom.net/iptv/WLSHARFG8FUEKR/11065/index.m3u8,saved,output/channel-logos-moldovenesti-full-v2/logos/0893-strahtv-космо-hd.png,http://epg.one/img/4778.png,png,165,165,29409,8,
894,StrahTV Страх HD,Filme,,http://c137c781.rossteleccom.net/iptv/WLSHARFG8FUEKR/11069/index.m3u8,saved,output/channel-logos-moldovenesti-full-v2/logos/0894-strahtv-страх-hd.png,http://epg.one/img/4787.png,png,165,165,25170,8,
895,StrahTV Фантастика HD,Filme,,http://c137c781.rossteleccom.net/iptv/WLSHARFG8FUEKR/11070/index.m3u8,saved,output/channel-logos-moldovenesti-full-v2/logos/0895-strahtv-фантастика-hd.png,http://epg.one/img/4787.png,png,165,165,25170,8,
896,StrahTV Юнит HD,Filme,,http://c137c781.rossteleccom.net/iptv/WLSHARFG8FUEKR/11071/index.m3u8,saved,output/channel-logos-moldovenesti-full-v2/logos/0896-strahtv-юнит-hd.png,http://epg.one/img/4787.png,png,165,165,25170,8,
897,PG РуКино HD,Filme,,http://c137c781.rossteleccom.net/iptv/WLSHARFG8FUEKR/11096/index.m3u8,saved,output/channel-logos-moldovenesti-full-v2/logos/0897-pg-рукино-hd.png,http://epg.one/img/4721.png,png,165,165,25019,1,
898,VF Кино 4K,Filme,4804,http://c137c781.rossteleccom.net/iptv/WLSHARFG8FUEKR/11114/index.m3u8,saved,output/channel-logos-moldovenesti-full-v2/logos/0898-vf-кино-4k.png,http://iptvx.one/picons/vf-kino4k.png,png,200,200,23268,4,
899,VF Сериал 4K,Filme,4805,http://c137c781.rossteleccom.net/iptv/WLSHARFG8FUEKR/11115/index.m3u8,saved,output/channel-logos-moldovenesti-full-v2/logos/0899-vf-сериал-4k.png,http://iptvx.one/picons/vf-serial4k.png,png,200,200,23502,6,
900,VF Оскар,Filme,4794,http://c137c781.rossteleccom.net/iptv/WLSHARFG8FUEKR/11122/index.m3u8,saved,output/channel-logos-moldovenesti-full-v2/logos/0900-vf-оскар.png,http://iptvx.one/picons/vf-oskar.png,png,200,200,25518,4,
901,TOP Великолепный Век HD,Filme,5113,http://c137c781.rossteleccom.net/iptv/WLSHARFG8FUEKR/13001/index.m3u8,saved,output/channel-logos-moldovenesti-full-v2/logos/0901-top-великолепныи-век-hd.png,http://epg.one/img/5113.png,png,165,165,9364,3,
902,MM USSR Комедия HD,Filme,483230,http://c137c781.rossteleccom.net/iptv/WLSHARFG8FUEKR/13019/index.m3u8,saved,output/channel-logos-moldovenesti-full-v2/logos/0902-mm-ussr-комедия-hd.png,http://iptvx.one/picons/minimax-mult.png,png,200,200,16646,8,
903,MM USSR Мультфильм HD,Filme,72830,http://c137c781.rossteleccom.net/iptv/WLSHARFG8FUEKR/13020/index.m3u8,saved,output/channel-logos-moldovenesti-full-v2/logos/0903-mm-ussr-мультфильм-hd.png,http://epg.pw/media/images/epg/2024/06/08/20240608023340576995_16.png,png,200,200,16646,8,
904,MM USSR Сказки HD,Filme,72908,http://c137c781.rossteleccom.net/iptv/WLSHARFG8FUEKR/13021/index.m3u8,saved,output/channel-logos-moldovenesti-full-v2/logos/0904-mm-ussr-сказки-hd.png,http://iptvx.one/picons/minimax-ussr-1941-1945.png,png,200,200,16409,8,
905,MM USSR Драма HD,Filme,8001,http://c137c781.rossteleccom.net/iptv/WLSHARFG8FUEKR/13022/index.m3u8,saved,output/channel-logos-moldovenesti-full-v2/logos/0905-mm-ussr-драма-hd.png,http://iptvx.one/picons/minimax-mult.png,png,200,200,16646,8,
906,MM Агата Кристи HD,Filme,483200,http://c137c781.rossteleccom.net/iptv/WLSHARFG8FUEKR/13024/index.m3u8,saved,output/channel-logos-moldovenesti-full-v2/logos/0906-mm-агата-кристи-hd.png,http://epg.pw/media/images/epg/2025/12/02/20251202022754824581_76.png,png,200,200,17115,6,
907,MM Грайндхаус HD,Filme,483218,http://c137c781.rossteleccom.net/iptv/WLSHARFG8FUEKR/13025/index.m3u8,saved,output/channel-logos-moldovenesti-full-v2/logos/0907-mm-граиндхаус-hd.png,http://epg.pw/media/images/epg/2025/12/02/20251202024443007001_41.png,png,200,200,17031,5,
908,MM Боевик Classic HD,Filme,483212,http://c137c781.rossteleccom.net/iptv/WLSHARFG8FUEKR/13027/index.m3u8,saved,output/channel-logos-moldovenesti-full-v2/logos/0908-mm-боевик-classic-hd.png,http://epg.pw/media/images/epg/2025/12/02/20251202024102318317_45.png,png,200,200,15522,7,
909,MM Боевик HD,Filme,483208,http://c137c781.rossteleccom.net/iptv/WLSHARFG8FUEKR/13028/index.m3u8,saved,output/channel-logos-moldovenesti-full-v2/logos/0909-mm-боевик-hd.png,http://iptvx.one/picons/minimax-boevik_classic.png,png,200,200,15522,7,
910,MM Вестерн HD,Filme,483182,http://c137c781.rossteleccom.net/iptv/WLSHARFG8FUEKR/13029/index.m3u8,saved,output/channel-logos-moldovenesti-full-v2/logos/0910-mm-вестерн-hd.png,http://epg.pw/media/images/epg/2025/12/02/20251202021537629577_45.png,png,200,200,14787,5,
911,MM Воронины HD,Filme,72802,http://c137c781.rossteleccom.net/iptv/WLSHARFG8FUEKR/13031/index.m3u8,saved,output/channel-logos-moldovenesti-full-v2/logos/0911-mm-воронины-hd.png,http://epg.pw/media/images/epg/2024/06/08/20240608021337199051_26.png,png,200,200,15598,5,
912,MM Затмение HD,Filme,483216,http://c137c781.rossteleccom.net/iptv/WLSHARFG8FUEKR/13032/index.m3u8,saved,output/channel-logos-moldovenesti-full-v2/logos/0912-mm-затмение-hd.png,http://epg.pw/media/images/epg/2025/12/02/20251202024225907722_54.png,png,200,200,15885,5,
913,MM История HD,Filme,483221,http://c137c781.rossteleccom.net/iptv/WLSHARFG8FUEKR/13033/index.m3u8,saved,output/channel-logos-moldovenesti-full-v2/logos/0913-mm-история-hd.png,http://epg.pw/media/images/epg/2025/12/02/20251202024644544876_29.png,png,200,200,15100,5,
914,MM Катастрофа HD,Filme,72887,http://c137c781.rossteleccom.net/iptv/WLSHARFG8FUEKR/13034/index.m3u8,saved,output/channel-logos-moldovenesti-full-v2/logos/0914-mm-катастрофа-hd.png,http://epg.pw/media/images/epg/2024/06/08/20240608032437739717_78.png,png,200,200,17724,5,
915,MM Квартирник HD,Filme,72933,http://c137c781.rossteleccom.net/iptv/WLSHARFG8FUEKR/13035/index.m3u8,saved,output/channel-logos-moldovenesti-full-v2/logos/0915-mm-квартирник-hd.png,http://epg.pw/media/images/epg/2024/06/08/20240608025827968163_30.png,png,200,200,16666,5,
916,MM Киберпанк HD,Filme,482877,http://c137c781.rossteleccom.net/iptv/WLSHARFG8FUEKR/13036/index.m3u8,saved,output/channel-logos-moldovenesti-full-v2/logos/0916-mm-киберпанк-hd.png,http://epg.pw/media/images/epg/2025/11/30/20251130022951290324_77.png,png,200,200,16437,5,
917,MM Комедия Classic HD,Filme,483198,http://c137c781.rossteleccom.net/iptv/WLSHARFG8FUEKR/13037/index.m3u8,saved,output/channel-logos-moldovenesti-full-v2/logos/0917-mm-комедия-classic-hd.png,http://epg.pw/media/images/epg/2025/12/02/20251202022601745182_45.png,png,200,200,16516,7,
918,MM Комедия HD,Filme,483214,http://c137c781.rossteleccom.net/iptv/WLSHARFG8FUEKR/13038/index.m3u8,saved,output/channel-logos-moldovenesti-full-v2/logos/0918-mm-комедия-hd.png,http://iptvx.one/picons/minimax-comedy_classic.png,png,200,200,16516,7,
919,MM Криминал HD,Filme,483219,http://c137c781.rossteleccom.net/iptv/WLSHARFG8FUEKR/13039/index.m3u8,saved,output/channel-logos-moldovenesti-full-v2/logos/0919-mm-криминал-hd.png,http://epg.pw/media/images/epg/2025/12/02/20251202024601429095_25.png,png,200,200,15580,5,
920,MM Крутые 90-е HD,Filme,483203,http://c137c781.rossteleccom.net/iptv/WLSHARFG8FUEKR/13040/index.m3u8,saved,output/channel-logos-moldovenesti-full-v2/logos/0920-mm-крутые-90-е-hd.png,http://epg.pw/media/images/epg/2025/12/02/20251202023137853059_64.png,png,200,200,17412,5,
921,MM Кунг-Фу HD,Filme,471796,http://c137c781.rossteleccom.net/iptv/WLSHARFG8FUEKR/13041/index.m3u8,saved,output/channel-logos-moldovenesti-full-v2/logos/0921-mm-кунг-фу-hd.png,http://epg.pw/media/images/epg/2025/10/11/20251011021135036496_65.png,png,200,200,15382,6,
922,MM Мифология HD,Filme,483201,http://c137c781.rossteleccom.net/iptv/WLSHARFG8FUEKR/13044/index.m3u8,saved,output/channel-logos-moldovenesti-full-v2/logos/0922-mm-мифология-hd.png,http://epg.pw/media/images/epg/2025/12/02/20251202023036605970_83.png,png,200,200,16876,5,
923,MM Нуар HD,Filme,482674,http://c137c781.rossteleccom.net/iptv/WLSHARFG8FUEKR/13045/index.m3u8,saved,output/channel-logos-moldovenesti-full-v2/logos/0923-mm-нуар-hd.png,http://epg.pw/media/images/epg/2025/11/29/20251129022346209165_82.png,png,200,200,13701,5,
924,MM Ситком 2.0 HD,Filme,483210,http://c137c781.rossteleccom.net/iptv/WLSHARFG8FUEKR/13046/index.m3u8,saved,output/channel-logos-moldovenesti-full-v2/logos/0924-mm-ситком-2-0-hd.png,http://iptvx.one/picons/nauka-20.png,png,200,200,27642,8,
925,MM Погружение HD,Filme,72868,http://c137c781.rossteleccom.net/iptv/WLSHARFG8FUEKR/13047/index.m3u8,saved,output/channel-logos-moldovenesti-full-v2/logos/0925-mm-погружение-hd.png,http://epg.pw/media/images/epg/2024/06/08/20240608030831516734_84.png,png,200,200,16575,5,
926,MM Приключения HD,Filme,483193,http://c137c781.rossteleccom.net/iptv/WLSHARFG8FUEKR/13048/index.m3u8,saved,output/channel-logos-moldovenesti-full-v2/logos/0926-mm-приключения-hd.png,http://epg.pw/media/images/epg/2025/12/02/20251202022034938757_22.png,png,200,200,16229,5,
927,MM Полицейский с Рублёвки HD,Filme,72870,http://c137c781.rossteleccom.net/iptv/WLSHARFG8FUEKR/13049/index.m3u8,saved,output/channel-logos-moldovenesti-full-v2/logos/0927-mm-полицеискии-с-рублевки-hd.png,http://epg.pw/media/images/epg/2024/06/08/20240608030935120317_84.png,png,200,200,18486,5,
928,MM Роскино HD,Filme,483222,http://c137c781.rossteleccom.net/iptv/WLSHARFG8FUEKR/13050/index.m3u8,saved,output/channel-logos-moldovenesti-full-v2/logos/0928-mm-роскино-hd.png,http://epg.pw/media/images/epg/2025/12/02/20251202024702509970_23.png,png,200,200,15520,5,
929,MM Сваты HD,Filme,72846,http://c137c781.rossteleccom.net/iptv/WLSHARFG8FUEKR/13051/index.m3u8,saved,output/channel-logos-moldovenesti-full-v2/logos/0929-mm-сваты-hd.png,http://epg.pw/media/images/epg/2024/06/08/20240608024620347182_19.png,png,200,200,14628,5,
930,MM Ситком HD,Filme,482856,http://c137c781.rossteleccom.net/iptv/WLSHARFG8FUEKR/13052/index.m3u8,saved,output/channel-logos-moldovenesti-full-v2/logos/0930-mm-ситком-hd.png,http://iptvx.one/picons/minimax-sitkom20.png,png,200,200,16162,7,
931,MM Скорость HD,Filme,72845,http://c137c781.rossteleccom.net/iptv/WLSHARFG8FUEKR/13053/index.m3u8,saved,output/channel-logos-moldovenesti-full-v2/logos/0931-mm-скорость-hd.png,http://epg.pw/media/images/epg/2024/06/08/20240608024523357941_13.png,png,200,200,16580,5,
932,MM Спорт HD,Filme,481577,http://c137c781.rossteleccom.net/iptv/WLSHARFG8FUEKR/13054/index.m3u8,saved,output/channel-logos-moldovenesti-full-v2/logos/0932-mm-спорт-hd.png,http://epg.pw/media/images/epg/2025/11/25/20251125022352453549_25.png,png,200,200,13851,5,
933,MM Стивен Кинг HD,Filme,483181,http://c137c781.rossteleccom.net/iptv/WLSHARFG8FUEKR/13055/index.m3u8,saved,output/channel-logos-moldovenesti-full-v2/logos/0933-mm-стивен-кинг-hd.png,http://epg.pw/media/images/epg/2025/12/02/20251202021310650901_42.png,png,200,200,15939,5,
934,MM Супергерои HD,Filme,486167,http://c137c781.rossteleccom.net/iptv/WLSHARFG8FUEKR/13056/index.m3u8,saved,output/channel-logos-moldovenesti-full-v2/logos/0934-mm-супергерои-hd.png,http://epg.pw/media/images/epg/2025/12/16/20251216021433729617_17.png,png,200,200,16288,5,
935,MM Триллер HD,Filme,481746,http://c137c781.rossteleccom.net/iptv/WLSHARFG8FUEKR/13058/index.m3u8,saved,output/channel-logos-moldovenesti-full-v2/logos/0935-mm-триллер-hd.png,http://epg.pw/media/images/epg/2025/11/26/20251126022032491312_20.png,png,200,200,14314,5,
936,MM Ужастик HD,Filme,482476,http://c137c781.rossteleccom.net/iptv/WLSHARFG8FUEKR/13059/index.m3u8,saved,output/channel-logos-moldovenesti-full-v2/logos/0936-mm-ужастик-hd.png,http://epg.pw/media/images/epg/2025/11/28/20251128022122545422_35.png,png,200,200,16341,5,
937,MM USSR Приключения HD,Filme,72909,http://c137c781.rossteleccom.net/iptv/WLSHARFG8FUEKR/13060/index.m3u8,saved,output/channel-logos-moldovenesti-full-v2/logos/0937-mm-ussr-приключения-hd.png,http://epg.pw/media/images/epg/2024/06/08/20240608034015235820_84.png,png,200,200,16450,8,
938,MM Синематограф HD,Filme,483224,http://c137c781.rossteleccom.net/iptv/WLSHARFG8FUEKR/13061/index.m3u8,saved,output/channel-logos-moldovenesti-full-v2/logos/0938-mm-синематограф-hd.png,http://epg.pw/media/images/epg/2025/12/02/20251202024838276797_77.png,png,200,200,19368,5,
939,MM Фантастика HD,Filme,481409,http://c137c781.rossteleccom.net/iptv/WLSHARFG8FUEKR/13062/index.m3u8,saved,output/channel-logos-moldovenesti-full-v2/logos/0939-mm-фантастика-hd.png,http://epg.pw/media/images/epg/2025/11/24/20251124021145511333_84.png,png,200,200,17388,5,
940,MM Фобия HD,Filme,387756,http://c137c781.rossteleccom.net/iptv/WLSHARFG8FUEKR/13063/index.m3u8,saved,output/channel-logos-moldovenesti-full-v2/logos/0940-mm-фобия-hd.png,http://epg.pw/media/images/epg/2024/09/11/20240911021612508410_62.png,png,200,200,14808,5,
941,MM USSR Детектив HD,Filme,483220,http://c137c781.rossteleccom.net/iptv/WLSHARFG8FUEKR/13096/index.m3u8,saved,output/channel-logos-moldovenesti-full-v2/logos/0941-mm-ussr-детектив-hd.png,http://iptvx.one/picons/minimax-mult.png,png,200,200,16646,8,
942,MM Семейный 1 HD,Filme,483188,http://c137c781.rossteleccom.net/iptv/WLSHARFG8FUEKR/13097/index.m3u8,saved,output/channel-logos-moldovenesti-full-v2/logos/0942-mm-семеиныи-1-hd.png,http://iptvx.one/picons/minimax-family2.png,png,200,200,16654,7,
943,MM Семейный 2 HD,Filme,483189,http://c137c781.rossteleccom.net/iptv/WLSHARFG8FUEKR/13098/index.m3u8,saved,output/channel-logos-moldovenesti-full-v2/logos/0943-mm-семеиныи-2-hd.png,http://epg.pw/media/images/epg/2025/12/02/20251202021754409016_51.png,png,200,200,16654,7,
944,MM Ужасы HD,Filme,483199,http://c137c781.rossteleccom.net/iptv/WLSHARFG8FUEKR/13099/index.m3u8,saved,output/channel-logos-moldovenesti-full-v2/logos/0944-mm-ужасы-hd.png,http://iptvx.one/picons/minimax-ujasi-classic.png,png,200,200,15814,7,
945,MM Ужасы Classic HD,Filme,481403,http://c137c781.rossteleccom.net/iptv/WLSHARFG8FUEKR/14128/index.m3u8,saved,output/channel-logos-moldovenesti-full-v2/logos/0945-mm-ужасы-classic-hd.png,http://epg.pw/media/images/epg/2025/11/24/20251124020739212925_17.png,png,200,200,15814,7,
946,MM Драма HD,Filme,483213,http://c137c781.rossteleccom.net/iptv/WLSHARFG8FUEKR/16086/index.m3u8,saved,output/channel-logos-moldovenesti-full-v2/logos/0946-mm-драма-hd.png,http://epg.pw/media/images/epg/2025/12/02/20251202024110619761_93.png,png,200,200,14570,5,
947,VF Сваты,Filme,5193,http://c137c781.rossteleccom.net/iptv/WLSHARFG8FUEKR/13080/index.m3u8,saved,output/channel-logos-moldovenesti-full-v2/logos/0947-vf-сваты.png,http://iptvx.one/picons/vf-swty.png,png,200,200,20777,4,
948,VF Солдаты,Filme,5194,http://c137c781.rossteleccom.net/iptv/WLSHARFG8FUEKR/13081/index.m3u8,saved,output/channel-logos-moldovenesti-full-v2/logos/0948-vf-солдаты.png,http://iptvx.one/picons/vf-soldats.png,png,200,200,19883,4,
949,VF Тайны следствия,Filme,5195,http://c137c781.rossteleccom.net/iptv/WLSHARFG8FUEKR/13082/index.m3u8,saved,output/channel-logos-moldovenesti-full-v2/logos/0949-vf-таины-следствия.png,http://iptvx.one/picons/vf-taynsled.png,png,200,200,26823,4,
950,VF Воронины,Filme,5196,http://c137c781.rossteleccom.net/iptv/WLSHARFG8FUEKR/13083/index.m3u8,saved,output/channel-logos-moldovenesti-full-v2/logos/0950-vf-воронины.png,http://iptvx.one/picons/vf-voronins.png,png,200,200,22402,4,
951,VF Универ,Filme,5197,http://c137c781.rossteleccom.net/iptv/WLSHARFG8FUEKR/13084/index.m3u8,saved,output/channel-logos-moldovenesti-full-v2/logos/0951-vf-универ.png,http://iptvx.one/picons/vf-univer.png,png,200,200,27110,6,
952,VF След,Filme,5199,http://c137c781.rossteleccom.net/iptv/WLSHARFG8FUEKR/13086/index.m3u8,saved,output/channel-logos-moldovenesti-full-v2/logos/0952-vf-след.png,http://iptvx.one/picons/vf-sled.png,png,200,200,29874,4,
953,VF Мыльные оперы,Filme,5201,http://c137c781.rossteleccom.net/iptv/WLSHARFG8FUEKR/13088/index.m3u8,saved,output/channel-logos-moldovenesti-full-v2/logos/0953-vf-мыльные-оперы.png,http://iptvx.one/picons/vf-mylnoper.png,png,200,200,22102,4,
954,VF Индия,Filme,5203,http://c137c781.rossteleccom.net/iptv/WLSHARFG8FUEKR/13090/index.m3u8,saved,output/channel-logos-moldovenesti-full-v2/logos/0954-vf-индия.png,http://iptvx.one/picons/vf-indiya.png,png,200,200,28910,4,
955,VF История,Filme,5204,http://c137c781.rossteleccom.net/iptv/WLSHARFG8FUEKR/13091/index.m3u8,saved,output/channel-logos-moldovenesti-full-v2/logos/0955-vf-история.png,http://iptvx.one/picons/vf-istorya.png,png,200,200,28258,4,
956,VF Криминал,Filme,5206,http://c137c781.rossteleccom.net/iptv/WLSHARFG8FUEKR/13093/index.m3u8,saved,output/channel-logos-moldovenesti-full-v2/logos/0956-vf-криминал.png,http://iptvx.one/picons/vf-kriminal.png,png,200,200,22329,4,
957,VF Клиника,Filme,5207,http://c137c781.rossteleccom.net/iptv/WLSHARFG8FUEKR/13094/index.m3u8,saved,output/channel-logos-moldovenesti-full-v2/logos/0957-vf-клиника.png,http://epg.one/img/5207.png,png,165,165,27643,3,
958,VF Луи де Фюнес,Filme,6144,http://c137c781.rossteleccom.net/iptv/WLSHARFG8FUEKR/17000/index.m3u8,saved,output/channel-logos-moldovenesti-full-v2/logos/0958-vf-луи-де-фюнес.png,http://iptvx.one/picons/vf-luidefunes.png,png,200,200,15638,4,
959,VF Чернобыль,Filme,6145,http://c137c781.rossteleccom.net/iptv/WLSHARFG8FUEKR/17001/index.m3u8,saved,output/channel-logos-moldovenesti-full-v2/logos/0959-vf-чернобыль.png,http://iptvx.one/picons/vf-chernobyl.png,png,200,200,18849,4,
960,VF Сверхъестественное,Filme,6147,http://c137c781.rossteleccom.net/iptv/WLSHARFG8FUEKR/17003/index.m3u8,saved,output/channel-logos-moldovenesti-full-v2/logos/0960-vf-сверхъестественное.png,http://iptvx.one/picons/vf-supernatural.png,png,200,200,19103,4,
961,VF Леонид Гайдай,Filme,6148,http://c137c781.rossteleccom.net/iptv/WLSHARFG8FUEKR/17004/index.m3u8,saved,output/channel-logos-moldovenesti-full-v2/logos/0961-vf-леонид-гаидаи.png,http://iptvx.one/picons/vf-gaidai.png,png,200,200,16068,4,
962,VF Американская история ужасов,Filme,6149,http://c137c781.rossteleccom.net/iptv/WLSHARFG8FUEKR/17005/index.m3u8,saved,output/channel-logos-moldovenesti-full-v2/logos/0962-vf-американская-история-ужасов.png,http://iptvx.one/picons/vf-ahs.png,png,200,200,25251,4,
963,VF Друзья,Filme,6150,http://c137c781.rossteleccom.net/iptv/WLSHARFG8FUEKR/17006/index.m3u8,saved,output/channel-logos-moldovenesti-full-v2/logos/0963-vf-друзья.png,http://iptvx.one/picons/vf-friends.png,png,200,200,19202,4,
964,VF СашаТаня,Filme,6151,http://c137c781.rossteleccom.net/iptv/WLSHARFG8FUEKR/17008/index.m3u8,saved,output/channel-logos-moldovenesti-full-v2/logos/0964-vf-сашатаня.png,http://iptvx.one/picons/vf-sashatania.png,png,200,200,16616,4,
965,VF Джеки Чан,Filme,6152,http://c137c781.rossteleccom.net/iptv/WLSHARFG8FUEKR/17009/index.m3u8,saved,output/channel-logos-moldovenesti-full-v2/logos/0965-vf-джеки-чан.png,http://iptvx.one/picons/vf-dzhekichan.png,png,200,200,15652,4,
966,VF Наша Раша,Filme,6153,http://c137c781.rossteleccom.net/iptv/WLSHARFG8FUEKR/17010/index.m3u8,saved,output/channel-logos-moldovenesti-full-v2/logos/0966-vf-наша-раша.png,http://iptvx.one/picons/vf-pobeda.png,png,200,200,18726,6,
967,VF Привет из 90х,Filme,6154,http://c137c781.rossteleccom.net/iptv/WLSHARFG8FUEKR/17011/index.m3u8,saved,output/channel-logos-moldovenesti-full-v2/logos/0967-vf-привет-из-90х.png,http://iptvx.one/picons/vf-90e.png,png,200,200,15502,4,
968,VF Эльдар Рязанов,Filme,6155,http://c137c781.rossteleccom.net/iptv/WLSHARFG8FUEKR/17012/index.m3u8,saved,output/channel-logos-moldovenesti-full-v2/logos/0968-vf-эльдар-рязанов.png,http://iptvx.one/picons/vf-ryazanov.png,png,200,200,17755,4,
969,VF Универ новая общага,Filme,6156,http://c137c781.rossteleccom.net/iptv/WLSHARFG8FUEKR/17013/index.m3u8,saved,output/channel-logos-moldovenesti-full-v2/logos/0969-vf-универ-новая-общага.png,http://iptvx.one/picons/vf-univer.png,png,200,200,27110,6,
970,VF Ходячие мертвецы,Filme,6157,http://c137c781.rossteleccom.net/iptv/WLSHARFG8FUEKR/17014/index.m3u8,saved,output/channel-logos-moldovenesti-full-v2/logos/0970-vf-ходячие-мертвецы.png,http://iptvx.one/picons/vf-walkingdead.png,png,200,200,17155,4,
971,VF Реальные пацаны,Filme,6158,http://c137c781.rossteleccom.net/iptv/WLSHARFG8FUEKR/17015/index.m3u8,saved,output/channel-logos-moldovenesti-full-v2/logos/0971-vf-реальные-пацаны.png,http://iptvx.one/picons/vf-realnyepacany.png,png,200,200,19571,4,
972,VF Доктор Хаус,Filme,6159,http://c137c781.rossteleccom.net/iptv/WLSHARFG8FUEKR/17016/index.m3u8,saved,output/channel-logos-moldovenesti-full-v2/logos/0972-vf-доктор-хаус.png,http://iptvx.one/picons/vf-housemd.png,png,200,200,21230,4,
973,VF Без цензуры,Filme,6160,http://c137c781.rossteleccom.net/iptv/WLSHARFG8FUEKR/17017/index.m3u8,saved,output/channel-logos-moldovenesti-full-v2/logos/0973-vf-без-цензуры.png,http://iptvx.one/picons/vf-bezcenzury.png,png,200,200,16104,4,
974,VF Городок,Filme,6226,http://c137c781.rossteleccom.net/iptv/WLSHARFG8FUEKR/18097/index.m3u8,saved,output/channel-logos-moldovenesti-full-v2/logos/0974-vf-городок.png,http://iptvx.one/picons/vf-gorodok.png,png,200,200,12110,4,
975,VF Игра престолов,Filme,6323,http://c137c781.rossteleccom.net/iptv/WLSHARFG8FUEKR/18119/index.m3u8,saved,output/channel-logos-moldovenesti-full-v2/logos/0975-vf-игра-престолов.png,http://iptvx.one/picons/vf-igraprestolov.png,png,200,200,14573,5,
976,VF Одесская киностудия,Filme,6324,http://c137c781.rossteleccom.net/iptv/WLSHARFG8FUEKR/18120/index.m3u8,saved,output/channel-logos-moldovenesti-full-v2/logos/0976-vf-одесская-киностудия.png,http://iptvx.one/picons/vf-odesskayakinostudia.png,png,200,200,26017,4,
977,VF Ленфильм,Filme,6325,http://c137c781.rossteleccom.net/iptv/WLSHARFG8FUEKR/18121/index.m3u8,saved,output/channel-logos-moldovenesti-full-v2/logos/0977-vf-ленфильм.png,http://iptvx.one/picons/vf-lenfilm.png,png,200,200,18319,4,
978,VF Киностудия им. Горького,Filme,6326,http://c137c781.rossteleccom.net/iptv/WLSHARFG8FUEKR/18122/index.m3u8,saved,output/channel-logos-moldovenesti-full-v2/logos/0978-vf-киностудия-им-горького.png,http://iptvx.one/picons/vf-kinostudiagorkogo.png,png,200,200,26244,4,
979,VF Рижская киностудия,Filme,6327,http://c137c781.rossteleccom.net/iptv/WLSHARFG8FUEKR/18123/index.m3u8,saved,output/channel-logos-moldovenesti-full-v2/logos/0979-vf-рижская-киностудия.png,http://iptvx.one/picons/vf-rigakinostudia.png,png,200,200,26647,4,
980,VF Свердловская киностудия,Filme,6328,http://c137c781.rossteleccom.net/iptv/WLSHARFG8FUEKR/18124/index.m3u8,saved,output/channel-logos-moldovenesti-full-v2/logos/0980-vf-свердловская-киностудия.png,http://iptvx.one/picons/vf-sverdlovskkinostudia.png,png,200,200,28410,4,
981,VF Беларусьфильм,Filme,6329,http://c137c781.rossteleccom.net/iptv/WLSHARFG8FUEKR/18125/index.m3u8,saved,output/channel-logos-moldovenesti-full-v2/logos/0981-vf-беларусьфильм.png,http://iptvx.one/picons/vf-belarusfilm.png,png,200,200,18805,4,
982,Yosso TV Русские Фильмы,Filme,5999,http://c137c781.rossteleccom.net/iptv/WLSHARFG8FUEKR/14174/index.m3u8,saved,output/channel-logos-moldovenesti-full-v2/logos/0982-yosso-tv-русские-фильмы.png,http://iptvx.one/picons/c-cartoon.png,png,200,200,21333,8,
983,Yosso TV New Кино,Filme,5738,http://c137c781.rossteleccom.net/iptv/WLSHARFG8FUEKR/14177/index.m3u8,saved,output/channel-logos-moldovenesti-full-v2/logos/0983-yosso-tv-new-кино.png,http://epg.pw/media/images/epg/2024/06/08/20240608020423003848_68.png,png,200,200,22768,8,
984,Yosso TV Трагичное,Filme,111896,http://c137c781.rossteleccom.net/iptv/WLSHARFG8FUEKR/14219/index.m3u8,saved,output/channel-logos-moldovenesti-full-v2/logos/0984-yosso-tv-трагичное.png,http://epg.pw/media/images/epg/2024/06/08/20240608035956881378_62.png,png,200,200,23831,8,
985,Yosso TV Забавное,Filme,7717,http://c137c781.rossteleccom.net/iptv/WLSHARFG8FUEKR/14234/index.m3u8,saved,output/channel-logos-moldovenesti-full-v2/logos/0985-yosso-tv-забавное.png,http://epg.pw/media/images/epg/2024/06/08/20240608035542734659_90.png,png,200,200,23845,8,
986,Yosso TV Ковбойское,Filme,123021,http://c137c781.rossteleccom.net/iptv/WLSHARFG8FUEKR/14235/index.m3u8,saved,output/channel-logos-moldovenesti-full-v2/logos/0986-yosso-tv-ковбоиское.png,http://epg.pw/media/images/epg/2024/06/08/20240608021033555619_65.png,png,200,200,25394,8,
987,Yosso TV Мелодрама,Filme,34270,http://c137c781.rossteleccom.net/iptv/WLSHARFG8FUEKR/19434/index.m3u8,saved,output/channel-logos-moldovenesti-full-v2/logos/0987-yosso-tv-мелодрама.png,http://iptvx.one/picons/c-cartoon.png,png,200,200,21333,8,
988,Yosso TV Советские Фильмы 4K,Filme,6051,http://c137c781.rossteleccom.net/iptv/WLSHARFG8FUEKR/19435/index.m3u8,saved,output/channel-logos-moldovenesti-full-v2/logos/0988-yosso-tv-советские-фильмы-4k.png,http://iptvx.one/picons/yosso-sovfilm.png,png,200,200,19906,8,
989,Твое ТВ HD,Filme,5441,http://c137c781.rossteleccom.net/iptv/WLSHARFG8FUEKR/14229/index.m3u8,saved,output/channel-logos-moldovenesti-full-v2/logos/0989-твое-тв-hd.png,http://iptvx.one/picons/tvoyo-tv-hd.png,png,200,200,47295,6,
990,Liberty Ужасы 4K,Filme,,http://c137c781.rossteleccom.net/iptv/WLSHARFG8FUEKR/15088/index.m3u8,saved,output/channel-logos-moldovenesti-full-v2/logos/0990-liberty-ужасы-4k.png,http://iptvx.one/picons/liberty-uzhasy-4k-hdr.png,png,200,200,13383,3,
991,Liberty Триллеры 4K,Filme,445858,http://c137c781.rossteleccom.net/iptv/WLSHARFG8FUEKR/15089/index.m3u8,saved,output/channel-logos-moldovenesti-full-v2/logos/0991-liberty-триллеры-4k.png,http://epg.pw/media/images/epg/2025/07/19/20250719021058344363_32.png,png,200,200,12570,5,
992,Liberty Марвел FHD,Filme,,http://c137c781.rossteleccom.net/iptv/WLSHARFG8FUEKR/15090/index.m3u8,saved,output/channel-logos-moldovenesti-full-v2/logos/0992-liberty-марвел-fhd.png,http://epg.one/img/5519.png,png,165,165,10704,1,
993,Liberty Короткометражки FHD,Filme,,http://c137c781.rossteleccom.net/iptv/WLSHARFG8FUEKR/15091/index.m3u8,saved,output/channel-logos-moldovenesti-full-v2/logos/0993-liberty-короткометражки-fhd.png,http://epg.one/img/5520.png,png,165,165,10998,1,
994,Liberty Мелодрамы FHD,Filme,445890,http://c137c781.rossteleccom.net/iptv/WLSHARFG8FUEKR/15095/index.m3u8,saved,output/channel-logos-moldovenesti-full-v2/logos/0994-liberty-мелодрамы-fhd.png,http://epg.pw/media/images/epg/2025/07/19/20250719021906391914_52.png,png,200,200,13893,5,
995,Liberty Боевики FHD,Filme,,http://c137c781.rossteleccom.net/iptv/WLSHARFG8FUEKR/15096/index.m3u8,saved,output/channel-logos-moldovenesti-full-v2/logos/0995-liberty-боевики-fhd.png,http://iptvx.one/picons/liberty-boeviki-4k-hdr.png,png,200,200,13934,3,
996,Liberty Кино Микс 4K,Filme,445848,http://c137c781.rossteleccom.net/iptv/WLSHARFG8FUEKR/15110/index.m3u8,saved,output/channel-logos-moldovenesti-full-v2/logos/0996-liberty-кино-микс-4k.png,http://epg.pw/media/images/epg/2025/07/19/20250719020652583234_57.png,png,200,200,12750,8,
997,Liberty Симпсоны FHD,Filme,445925,http://c137c781.rossteleccom.net/iptv/WLSHARFG8FUEKR/15111/index.m3u8,saved,output/channel-logos-moldovenesti-full-v2/logos/0997-liberty-симпсоны-fhd.png,http://iptvx.one/picons/liberty-simpsons.png,png,200,200,17586,5,
998,Liberty Сваты FHD,Filme,445874,http://c137c781.rossteleccom.net/iptv/WLSHARFG8FUEKR/15164/index.m3u8,saved,output/channel-logos-moldovenesti-full-v2/logos/0998-liberty-сваты-fhd.png,http://epg.pw/media/images/epg/2025/07/19/20250719021442463244_80.png,png,200,200,10705,5,
999,Liberty Южный Парк FHD,Filme,,http://c137c781.rossteleccom.net/iptv/WLSHARFG8FUEKR/16053/index.m3u8,saved,output/channel-logos-moldovenesti-full-v2/logos/0999-liberty-южныи-парк-fhd.png,http://iptvx.one/picons/skycam-southpark.png,png,200,200,19573,2,
1000,Liberty Комедии FHD,Filme,,http://c137c781.rossteleccom.net/iptv/WLSHARFG8FUEKR/16054/index.m3u8,saved,output/channel-logos-moldovenesti-full-v2/logos/1000-liberty-комедии-fhd.png,http://iptvx.one/picons/liberty-komedii-4k-hdr.png,png,200,200,14037,3,
1001,Liberty Аниме FHD,Filme,445911,http://c137c781.rossteleccom.net/iptv/WLSHARFG8FUEKR/17029/index.m3u8,saved,output/channel-logos-moldovenesti-full-v2/logos/1001-liberty-аниме-fhd.png,http://epg.pw/media/images/epg/2025/07/19/20250719022615795711_13.png,png,200,200,11203,5,
1002,Liberty Кино ENG 4K,Filme,445841,http://c137c781.rossteleccom.net/iptv/WLSHARFG8FUEKR/17060/index.m3u8,saved,output/channel-logos-moldovenesti-full-v2/logos/1002-liberty-кино-eng-4k.png,http://iptvx.one/picons/liberty-kinomiks.png,png,200,200,12750,8,
1003,Liberty Мульт ENG 4K,Filme,445895,http://c137c781.rossteleccom.net/iptv/WLSHARFG8FUEKR/17061/index.m3u8,saved,output/channel-logos-moldovenesti-full-v2/logos/1003-liberty-мульт-eng-4k.png,http://epg.pw/media/images/epg/2025/07/19/20250719022111176851_52.png,png,200,200,12729,8,
1004,Liberty Кино UKR 4K,Filme,445896,http://c137c781.rossteleccom.net/iptv/WLSHARFG8FUEKR/18045/index.m3u8,saved,output/channel-logos-moldovenesti-full-v2/logos/1004-liberty-кино-ukr-4k.png,http://iptvx.one/picons/liberty-kinomiks.png,png,200,200,12750,8,
1005,Liberty РусФильм 4K,Filme,445914,http://c137c781.rossteleccom.net/iptv/WLSHARFG8FUEKR/18046/index.m3u8,saved,output/channel-logos-moldovenesti-full-v2/logos/1005-liberty-русфильм-4k.png,http://epg.pw/media/images/epg/2025/07/19/20250719022701110466_60.png,png,200,200,13294,5,
1006,Liberty Индия 4K,Filme,445857,http://c137c781.rossteleccom.net/iptv/WLSHARFG8FUEKR/18160/index.m3u8,saved,output/channel-logos-moldovenesti-full-v2/logos/1006-liberty-индия-4k.png,http://epg.pw/media/images/epg/2025/07/19/20250719020957389580_67.png,png,200,200,10531,5,
1007,Liberty Куб 4K,Filme,445871,http://c137c781.rossteleccom.net/iptv/WLSHARFG8FUEKR/18161/index.m3u8,saved,output/channel-logos-moldovenesti-full-v2/logos/1007-liberty-куб-4k.png,http://epg.pw/media/images/epg/2025/07/19/20250719021359232949_98.png,png,200,200,10159,5,
1008,Liberty Семейный 4K,Filme,445861,http://c137c781.rossteleccom.net/iptv/WLSHARFG8FUEKR/18178/index.m3u8,saved,output/channel-logos-moldovenesti-full-v2/logos/1008-liberty-семеиныи-4k.png,http://epg.pw/media/images/epg/2025/07/19/20250719021113980899_18.png,png,200,200,13421,5,
1009,Liberty Турк Фильм 4K,Filme,,http://c137c781.rossteleccom.net/iptv/WLSHARFG8FUEKR/19303/index.m3u8,saved,output/channel-logos-moldovenesti-full-v2/logos/1009-liberty-турк-фильм-4k.png,http://epg.one/img/6727.png,png,165,165,10672,1,
1010,Liberty Сказки FHD,Filme,445859,http://c137c781.rossteleccom.net/iptv/WLSHARFG8FUEKR/19304/index.m3u8,saved,output/channel-logos-moldovenesti-full-v2/logos/1010-liberty-сказки-fhd.png,http://epg.pw/media/images/epg/2025/07/19/20250719021107253202_63.png,png,200,200,11849,5,
1011,Liberty МиМ FHD,Filme,445897,http://c137c781.rossteleccom.net/iptv/WLSHARFG8FUEKR/19306/index.m3u8,saved,output/channel-logos-moldovenesti-full-v2/logos/1011-liberty-мим-fhd.png,http://epg.pw/media/images/epg/2025/07/19/20250719022118042466_32.png,png,200,200,10379,5,
1012,Liberty Союз 4K,Filme,445884,http://c137c781.rossteleccom.net/iptv/WLSHARFG8FUEKR/19307/index.m3u8,saved,output/channel-logos-moldovenesti-full-v2/logos/1012-liberty-союз-4k.png,http://epg.pw/media/images/epg/2025/07/19/20250719021734519800_77.png,png,200,200,10790,5,
1013,Liberty Легенда 4K,Filme,445842,http://c137c781.rossteleccom.net/iptv/WLSHARFG8FUEKR/19308/index.m3u8,saved,output/channel-logos-moldovenesti-full-v2/logos/1013-liberty-легенда-4k.png,http://epg.pw/media/images/epg/2025/07/19/20250719020608465723_26.png,png,200,200,12022,5,
1014,Liberty Нетфликс 4K,Filme,,http://c137c781.rossteleccom.net/iptv/WLSHARFG8FUEKR/19402/index.m3u8,saved,output/channel-logos-moldovenesti-full-v2/logos/1014-liberty-нетфликс-4k.png,http://epg.one/img/6855.png,png,165,165,10719,1,
1015,Liberty Фантастика FHD,Filme,,http://c137c781.rossteleccom.net/iptv/WLSHARFG8FUEKR/19403/index.m3u8,saved,output/channel-logos-moldovenesti-full-v2/logos/1015-liberty-фантастика-fhd.png,http://epg.one/img/6856.png,png,165,165,10733,1,
1016,CineMan Скорая Помощь,Filme,7327,http://c137c781.rossteleccom.net/iptv/WLSHARFG8FUEKR/15100/index.m3u8,saved,output/channel-logos-moldovenesti-full-v2/logos/1016-cineman-скорая-помощь.png,http://epg.pw/media/images/epg/2024/06/08/20240608033408851431_62.png,png,200,200,28818,5,
1017,CineMan Симпсоны,Filme,6328,http://c137c781.rossteleccom.net/iptv/WLSHARFG8FUEKR/15101/index.m3u8,saved,output/channel-logos-moldovenesti-full-v2/logos/1017-cineman-симпсоны.png,http://epg.pw/media/images/epg/2024/06/08/20240608023730607420_79.png,png,200,200,25878,6,
1018,VB Российские Сериалы,Filme,,http://c137c781.rossteleccom.net/iptv/WLSHARFG8FUEKR/18043/index.m3u8,saved,output/channel-logos-moldovenesti-full-v2/logos/1018-vb-россииские-сериалы.png,http://epg.one/img/6242.png,png,165,165,34489,1,
1019,Tviksel Кино 1 HD,Filme,,http://c137c781.rossteleccom.net/iptv/WLSHARFG8FUEKR/18069/index.m3u8,saved,output/channel-logos-moldovenesti-full-v2/logos/1019-tviksel-кино-1-hd.png,http://iptvx.one/picons/kino1int-tviksel.png,png,200,200,15621,7,
1020,Tviksel Кино 2 HD,Filme,,http://c137c781.rossteleccom.net/iptv/WLSHARFG8FUEKR/18070/index.m3u8,saved,output/channel-logos-moldovenesti-full-v2/logos/1020-tviksel-кино-2-hd.png,http://iptvx.one/picons/kino2-tviksel.png,png,200,200,6924,6,
1021,Tviksel Кино 1 International,Filme,,http://c137c781.rossteleccom.net/iptv/WLSHARFG8FUEKR/18071/index.m3u8,saved,output/channel-logos-moldovenesti-full-v2/logos/1021-tviksel-кино-1-international.png,http://iptvx.one/picons/kino1int-tviksel.png,png,200,200,15621,8,
1022,Tviksel Военное кино HD,Filme,,http://c137c781.rossteleccom.net/iptv/WLSHARFG8FUEKR/18072/index.m3u8,saved,output/channel-logos-moldovenesti-full-v2/logos/1022-tviksel-военное-кино-hd.png,http://iptvx.one/picons/voenkino-tviksel.png,png,200,200,11669,2,
1023,Tviksel Детское кино HD,Filme,,http://c137c781.rossteleccom.net/iptv/WLSHARFG8FUEKR/18073/index.m3u8,saved,output/channel-logos-moldovenesti-full-v2/logos/1023-tviksel-детское-кино-hd.png,http://iptvx.one/picons/tvplay-detskoekino.png,png,200,200,45065,6,
1024,Tviksel Детское кино International,Filme,,http://c137c781.rossteleccom.net/iptv/WLSHARFG8FUEKR/18074/index.m3u8,saved,output/channel-logos-moldovenesti-full-v2/logos/1024-tviksel-детское-кино-international.png,http://iptvx.one/picons/tvplay-detskoekino.png,png,200,200,45065,8,
1025,Триколор Шерлок Холмс и доктор Ватсон,Filme,,http://c137c781.rossteleccom.net/iptv/WLSHARFG8FUEKR/18126/index.m3u8,saved,output/channel-logos-moldovenesti-full-v2/logos/1025-триколор-шерлок-холмс-и-доктор-ватсон.png,http://iptvx.one/picons/zal-01-tricolor.png,png,200,200,22185,3,
1026,Триколор След,Filme,,http://c137c781.rossteleccom.net/iptv/WLSHARFG8FUEKR/18127/index.m3u8,saved,output/channel-logos-moldovenesti-full-v2/logos/1026-триколор-след.png,http://epg.one/img/6354.png,png,165,165,20410,1,
1027,Триколор Ментовские войны,Filme,,http://c137c781.rossteleccom.net/iptv/WLSHARFG8FUEKR/18128/index.m3u8,saved,output/channel-logos-moldovenesti-full-v2/logos/1027-триколор-ментовские-воины.png,http://iptvx.one/picons/cineman-musw.png,png,200,200,28070,4,
1028,Триколор Мелодрамы,Filme,,http://c137c781.rossteleccom.net/iptv/WLSHARFG8FUEKR/18129/index.m3u8,saved,output/channel-logos-moldovenesti-full-v2/logos/1028-триколор-мелодрамы.png,http://epg.one/img/6356.png,png,165,165,20845,1,
1029,Триколор Некрасивая подружка,Filme,,http://c137c781.rossteleccom.net/iptv/WLSHARFG8FUEKR/18131/index.m3u8,saved,output/channel-logos-moldovenesti-full-v2/logos/1029-триколор-некрасивая-подружка.png,http://iptvx.one/picons/zal-06-tricolor.png,png,200,200,22766,2,
1030,Триколор Три богатыря,Filme,,http://c137c781.rossteleccom.net/iptv/WLSHARFG8FUEKR/18132/index.m3u8,saved,output/channel-logos-moldovenesti-full-v2/logos/1030-триколор-три-богатыря.png,http://iptvx.one/picons/zal-07-tricolor.png,png,200,200,15585,2,
1031,Триколор Сибирские деревянные дома,Filme,,http://c137c781.rossteleccom.net/iptv/WLSHARFG8FUEKR/18133/index.m3u8,saved,output/channel-logos-moldovenesti-full-v2/logos/1031-триколор-сибирские-деревянные-дома.png,http://iptvx.one/picons/zal-08-tricolor.png,png,200,200,14917,2,
1032,Триколор Знание,Filme,,http://c137c781.rossteleccom.net/iptv/WLSHARFG8FUEKR/18134/index.m3u8,saved,output/channel-logos-moldovenesti-full-v2/logos/1032-триколор-знание.png,http://epg.one/img/6361.png,png,165,165,20544,1,
1033,Триколор Советские мультфильмы,Filme,,http://c137c781.rossteleccom.net/iptv/WLSHARFG8FUEKR/18135/index.m3u8,saved,output/channel-logos-moldovenesti-full-v2/logos/1033-триколор-советские-мультфильмы.png,http://iptvx.one/picons/sovmultf.png,png,200,200,32808,5,
1034,Триколор Смешарики,Filme,,http://c137c781.rossteleccom.net/iptv/WLSHARFG8FUEKR/18136/index.m3u8,saved,output/channel-logos-moldovenesti-full-v2/logos/1034-триколор-смешарики.png,http://epg.one/img/6363.png,png,165,165,20369,1,
1035,Триколор Комедии,Filme,,http://c137c781.rossteleccom.net/iptv/WLSHARFG8FUEKR/18137/index.m3u8,saved,output/channel-logos-moldovenesti-full-v2/logos/1035-триколор-комедии.png,http://epg.one/img/6364.png,png,165,165,21015,1,
1036,Киносерия HD,Filme,mnogo-tv-hd,http://c137c781.rossteleccom.net/iptv/WLSHARFG8FUEKR/19229/index.m3u8,saved,output/channel-logos-moldovenesti-full-v2/logos/1036-киносерия-hd.png,http://static.g-cdn.app/streams/mnogo-tv-hd.png,png,220,132,3897,4,
1037,Наше Новое Кино HD,Filme,nashe-novoe-kino-hd,http://c137c781.rossteleccom.net/iptv/WLSHARFG8FUEKR/19231/index.m3u8,saved,output/channel-logos-moldovenesti-full-v2/logos/1037-наше-новое-кино-hd.png,http://iptvx.one/picons/nashe-novoe-kino.png,png,200,200,32049,8,
1038,Liberty Планктон FHD,Filme,7486,http://c137c781.rossteleccom.net/iptv/WLSHARFG8FUEKR/20140/index.m3u8,saved,output/channel-logos-moldovenesti-full-v2/logos/1038-liberty-планктон-fhd.png,http://iptvx.one/picons/liberty-plankton.png,png,200,200,17035,4,
1039,Liberty XX Век 4K,Filme,7941,http://c137c781.rossteleccom.net/iptv/WLSHARFG8FUEKR/20173/index.m3u8,saved,output/channel-logos-moldovenesti-full-v2/logos/1039-liberty-xx-век-4k.png,http://iptvx.one/picons/liberty-xxvek.png,png,200,200,11161,4,
1040,VB Назад в СССР HD,Filme,7896,http://c137c781.rossteleccom.net/iptv/WLSHARFG8FUEKR/20175/index.m3u8,saved,output/channel-logos-moldovenesti-full-v2/logos/1040-vb-назад-в-ссср-hd.png,http://iptvx.one/picons/clarity4k-sdelanowsssr.png,png,200,200,11063,5,
1041,VB Спецназ-Диверсант HD,Filme,7897,http://c137c781.rossteleccom.net/iptv/WLSHARFG8FUEKR/20176/index.m3u8,saved,output/channel-logos-moldovenesti-full-v2/logos/1041-vb-спецназ-диверсант-hd.png,http://epg.one/img/7897.png,png,165,165,13361,3,
1042,Кион Хит HD,Filme,,http://c137c781.rossteleccom.net/iptv/WLSHARFG8FUEKR/20211/index.m3u8,saved,output/channel-logos-moldovenesti-full-v2/logos/1042-кион-хит-hd.png,http://epg.one/img/7903.png,png,165,165,9045,1,
1043,StrahTV Громовы,Filme,,http://c137c781.rossteleccom.net/iptv/WLSHARFG8FUEKR/31712/index.m3u8,saved,output/channel-logos-moldovenesti-full-v2/logos/1043-strahtv-громовы.png,http://epg.one/img/4787.png,png,165,165,25170,8,
1044,StrahTV Однажды в милиции,Filme,88023,http://c137c781.rossteleccom.net/iptv/WLSHARFG8FUEKR/31715/index.m3u8,saved,output/channel-logos-moldovenesti-full-v2/logos/1044-strahtv-однажды-в-милиции.png,http://iptvx.one/picons/vf-odnazhdyvr.png,png,200,200,19893,8,
1045,StrahTV Байки из склепа,Filme,,http://c137c781.rossteleccom.net/iptv/WLSHARFG8FUEKR/31711/index.m3u8,saved,output/channel-logos-moldovenesti-full-v2/logos/1045-strahtv-баики-из-склепа.png,http://epg.one/img/4787.png,png,165,165,25170,8,
1046,StrahTV Кинодром HD,Filme,,http://c137c781.rossteleccom.net/iptv/WLSHARFG8FUEKR/31714/index.m3u8,saved,output/channel-logos-moldovenesti-full-v2/logos/1046-strahtv-кинодром-hd.png,http://epg.one/img/4787.png,png,165,165,25170,8,
1047,StrahTV Ольга HD,Filme,,http://c137c781.rossteleccom.net/iptv/WLSHARFG8FUEKR/31718/index.m3u8,saved,output/channel-logos-moldovenesti-full-v2/logos/1047-strahtv-ольга-hd.png,http://epg.one/img/4787.png,png,165,165,25170,8,
1048,StrahTV Репка HD,Filme,,http://c137c781.rossteleccom.net/iptv/WLSHARFG8FUEKR/31719/index.m3u8,saved,output/channel-logos-moldovenesti-full-v2/logos/1048-strahtv-репка-hd.png,http://epg.one/img/4787.png,png,165,165,25170,8,
1049,StrahTV Страх 2.0 HD,Filme,,http://c137c781.rossteleccom.net/iptv/WLSHARFG8FUEKR/31720/index.m3u8,saved,output/channel-logos-moldovenesti-full-v2/logos/1049-strahtv-страх-2-0-hd.png,http://iptvx.one/picons/nauka-20.png,png,200,200,27642,8,
1050,StrahTV Фантастика 2.0 HD,Filme,,http://c137c781.rossteleccom.net/iptv/WLSHARFG8FUEKR/31722/index.m3u8,saved,output/channel-logos-moldovenesti-full-v2/logos/1050-strahtv-фантастика-2-0-hd.png,http://iptvx.one/picons/nauka-20.png,png,200,200,27642,8,
1051,StrahTV Коломбо,Filme,,http://c137c781.rossteleccom.net/iptv/WLSHARFG8FUEKR/31713/index.m3u8,saved,output/channel-logos-moldovenesti-full-v2/logos/1051-strahtv-коломбо.png,http://epg.one/img/4787.png,png,165,165,25170,8,
1052,КиноСезон HD,Filme,11341,http://c137c781.rossteleccom.net/iptv/WLSHARFG8FUEKR/31889/index.m3u8,saved,output/channel-logos-moldovenesti-full-v2/logos/1052-киносезон-hd.png,http://iptvx.one/picons/kinosezon.png,png,200,200,37400,4,
1053,КиноКульт HD,Filme,kinokult-hd,http://c137c781.rossteleccom.net/iptv/WLSHARFG8FUEKR/31914/index.m3u8,saved,output/channel-logos-moldovenesti-full-v2/logos/1053-кинокульт-hd.png,http://iptvx.one/picons/kinokult.png,png,200,200,23334,5,
1054,4K Русское кино HD,Filme,,http://c137c781.rossteleccom.net/iptv/WLSHARFG8FUEKR/31925/index.m3u8,saved,output/channel-logos-moldovenesti-full-v2/logos/1054-4k-русское-кино-hd.png,http://iptvx.one/picons/tv1000-russkoe-kino.png,png,200,200,10912,6,
1055,Госфильмофонд. Машина времени HD,Filme,11344,http://c137c781.rossteleccom.net/iptv/WLSHARFG8FUEKR/31929/index.m3u8,saved,output/channel-logos-moldovenesti-full-v2/logos/1055-госфильмофонд-машина-времени-hd.png,http://iptvx.one/picons/gosfilmofond-mv.png,png,200,200,14565,5,
1056,VHS-ка Сериал HD,Filme,11345,http://c137c781.rossteleccom.net/iptv/WLSHARFG8FUEKR/31931/index.m3u8,saved,output/channel-logos-moldovenesti-full-v2/logos/1056-vhs-ка-сериал-hd.png,http://iptvx.one/picons/vhska-serial.png,png,200,200,10677,8,
1057,Venera.TV Советская классика 4K,Filme,11600,http://c137c781.rossteleccom.net/iptv/WLSHARFG8FUEKR/30151/index.m3u8,saved,output/channel-logos-moldovenesti-full-v2/logos/1057-venera-tv-советская-классика-4k.png,http://epg.one/img/11600.png,png,165,165,10749,8,
1058,Fast Sports 1,Sport,11597,http://c137c781.rossteleccom.net/iptv/WLSHARFG8FUEKR/30200/index.m3u8,saved,output/channel-logos-moldovenesti-full-v2/logos/1058-fast-sports-1.png,http://iptvx.one/picons/bein-sports-1-hk.png,png,200,200,8522,8,
1059,Fast Sports 2,Sport,11598,http://c137c781.rossteleccom.net/iptv/WLSHARFG8FUEKR/30201/index.m3u8,saved,output/channel-logos-moldovenesti-full-v2/logos/1059-fast-sports-2.png,http://iptvx.one/picons/bein-sports-2-hk.png,png,200,200,8840,8,
1060,Олимпиада 2026 UHD 1,Sport,11604,http://c137c781.rossteleccom.net/iptv/WLSHARFG8FUEKR/19430/index.m3u8,saved,output/channel-logos-moldovenesti-full-v2/logos/1060-олимпиада-2026-uhd-1.png,http://epg.one/img/11605.png,png,165,165,8077,7,
1061,Олимпиада 2026 UHD 2,Sport,11605,http://c137c781.rossteleccom.net/iptv/WLSHARFG8FUEKR/19431/index.m3u8,saved,output/channel-logos-moldovenesti-full-v2/logos/1061-олимпиада-2026-uhd-2.png,http://epg.one/img/11605.png,png,165,165,8077,7,
1062,Олимпиада 2026 UHD 3,Sport,11602,http://c137c781.rossteleccom.net/iptv/WLSHARFG8FUEKR/19373/index.m3u8,saved,output/channel-logos-moldovenesti-full-v2/logos/1062-олимпиада-2026-uhd-3.png,http://epg.one/img/11605.png,png,165,165,8077,7,
1063,Олимпиада 2026 UHD 4,Sport,11603,http://c137c781.rossteleccom.net/iptv/WLSHARFG8FUEKR/19374/index.m3u8,saved,output/channel-logos-moldovenesti-full-v2/logos/1063-олимпиада-2026-uhd-4.png,http://epg.one/img/11605.png,png,165,165,8077,7,
1064,Олимпиада 2026 UHD 5,Sport,11606,http://c137c781.rossteleccom.net/iptv/WLSHARFG8FUEKR/19432/index.m3u8,saved,output/channel-logos-moldovenesti-full-v2/logos/1064-олимпиада-2026-uhd-5.png,http://epg.one/img/11605.png,png,165,165,8077,7,
1065,Megogo Спорт HD,Sport,megogo-sport-ua-hd,http://c137c781.rossteleccom.net/iptv/WLSHARFG8FUEKR/31612/index.m3u8,saved,output/channel-logos-moldovenesti-full-v2/logos/1065-megogo-спорт-hd.png,http://iptvx.one/picons/megogo-sport.png,png,200,200,7463,5,
1066,Megogo Футбол 4 HD,Sport,9868,http://c137c781.rossteleccom.net/iptv/WLSHARFG8FUEKR/31613/index.m3u8,saved,output/channel-logos-moldovenesti-full-v2/logos/1066-megogo-футбол-4-hd.png,http://iptvx.one/picons/megogo-football-3.png,png,200,200,7851,8,
1067,Megogo Футбол 5 HD,Sport,9869,http://c137c781.rossteleccom.net/iptv/WLSHARFG8FUEKR/31614/index.m3u8,saved,output/channel-logos-moldovenesti-full-v2/logos/1067-megogo-футбол-5-hd.png,http://iptvx.one/picons/megogo-football-3.png,png,200,200,7851,8,
1068,Megogo Гонг HD,Sport,6454,http://c137c781.rossteleccom.net/iptv/WLSHARFG8FUEKR/31503/index.m3u8,saved,output/channel-logos-moldovenesti-full-v2/logos/1068-megogo-гонг-hd.png,http://epg.pw/media/images/epg/2024/06/08/20240608024440582144_44.png,png,200,200,10228,6,
1069,Megogo Футбол 3 HD,Sport,9393,http://c137c781.rossteleccom.net/iptv/WLSHARFG8FUEKR/31504/index.m3u8,saved,output/channel-logos-moldovenesti-full-v2/logos/1069-megogo-футбол-3-hd.png,http://iptvx.one/picons/megogo-football-3.png,png,200,200,7851,8,
1070,Megogo Футбол 2 HD,Sport,9394,http://c137c781.rossteleccom.net/iptv/WLSHARFG8FUEKR/31505/index.m3u8,saved,output/channel-logos-moldovenesti-full-v2/logos/1070-megogo-футбол-2-hd.png,http://iptvx.one/picons/megogo-football-3.png,png,200,200,7851,8,
1071,Megogo Футбол 1 HD,Sport,9395,http://c137c781.rossteleccom.net/iptv/WLSHARFG8FUEKR/31483/index.m3u8,saved,output/channel-logos-moldovenesti-full-v2/logos/1071-megogo-футбол-1-hd.png,http://iptvx.one/picons/megogo-football-3.png,png,200,200,7851,8,
1072,Окко Event 7,Sport,9649,http://c137c781.rossteleccom.net/iptv/WLSHARFG8FUEKR/31450/index.m3u8,saved,output/channel-logos-moldovenesti-full-v2/logos/1072-окко-event-7.png,http://epg.one/img/9386.png,png,165,165,9748,8,
1073,Окко Event 8,Sport,9650,http://c137c781.rossteleccom.net/iptv/WLSHARFG8FUEKR/31451/index.m3u8,saved,output/channel-logos-moldovenesti-full-v2/logos/1073-окко-event-8.png,http://epg.one/img/9386.png,png,165,165,9748,8,
1074,Окко Event 9,Sport,9651,http://c137c781.rossteleccom.net/iptv/WLSHARFG8FUEKR/31452/index.m3u8,saved,output/channel-logos-moldovenesti-full-v2/logos/1074-окко-event-9.png,http://epg.one/img/9651.png,png,165,165,9782,8,
1075,Окко Event 10,Sport,9652,http://c137c781.rossteleccom.net/iptv/WLSHARFG8FUEKR/31453/index.m3u8,saved,output/channel-logos-moldovenesti-full-v2/logos/1075-окко-event-10.png,http://epg.one/img/9386.png,png,165,165,9748,8,
1076,Окко Event 11,Sport,9653,http://c137c781.rossteleccom.net/iptv/WLSHARFG8FUEKR/31454/index.m3u8,saved,output/channel-logos-moldovenesti-full-v2/logos/1076-окко-event-11.png,http://epg.one/img/9386.png,png,165,165,9748,8,
1077,Окко Event 12,Sport,9654,http://c137c781.rossteleccom.net/iptv/WLSHARFG8FUEKR/31457/index.m3u8,saved,output/channel-logos-moldovenesti-full-v2/logos/1077-окко-event-12.png,http://epg.one/img/9386.png,png,165,165,9748,8,
1078,Окко Event 13,Sport,9655,http://c137c781.rossteleccom.net/iptv/WLSHARFG8FUEKR/31458/index.m3u8,saved,output/channel-logos-moldovenesti-full-v2/logos/1078-окко-event-13.png,http://epg.one/img/9386.png,png,165,165,9748,8,
1079,Окко Event 14,Sport,9656,http://c137c781.rossteleccom.net/iptv/WLSHARFG8FUEKR/31459/index.m3u8,saved,output/channel-logos-moldovenesti-full-v2/logos/1079-окко-event-14.png,http://epg.one/img/9386.png,png,165,165,9748,8,
1080,Окко Event 15,Sport,9843,http://c137c781.rossteleccom.net/iptv/WLSHARFG8FUEKR/31463/index.m3u8,saved,output/channel-logos-moldovenesti-full-v2/logos/1080-окко-event-15.png,http://epg.one/img/9386.png,png,165,165,9748,8,
1081,Окко Event 16,Sport,9853,http://c137c781.rossteleccom.net/iptv/WLSHARFG8FUEKR/31522/index.m3u8,saved,output/channel-logos-moldovenesti-full-v2/logos/1081-окко-event-16.png,http://epg.one/img/9853.png,png,165,165,9842,8,
1082,Окко Event 17,Sport,9854,http://c137c781.rossteleccom.net/iptv/WLSHARFG8FUEKR/31523/index.m3u8,saved,output/channel-logos-moldovenesti-full-v2/logos/1082-окко-event-17.png,http://epg.one/img/9386.png,png,165,165,9748,8,
1083,Окко Event 18,Sport,9855,http://c137c781.rossteleccom.net/iptv/WLSHARFG8FUEKR/31524/index.m3u8,saved,output/channel-logos-moldovenesti-full-v2/logos/1083-окко-event-18.png,http://epg.one/img/9855.png,png,165,165,9810,8,
1084,Окко Event 19,Sport,9856,http://c137c781.rossteleccom.net/iptv/WLSHARFG8FUEKR/31525/index.m3u8,saved,output/channel-logos-moldovenesti-full-v2/logos/1084-окко-event-19.png,http://epg.one/img/9856.png,png,165,165,9764,8,
1085,Окко Event 20,Sport,9857,http://c137c781.rossteleccom.net/iptv/WLSHARFG8FUEKR/31526/index.m3u8,saved,output/channel-logos-moldovenesti-full-v2/logos/1085-окко-event-20.png,http://epg.one/img/9857.png,png,165,165,9799,8,
1086,Окко Event 21,Sport,9858,http://c137c781.rossteleccom.net/iptv/WLSHARFG8FUEKR/31527/index.m3u8,saved,output/channel-logos-moldovenesti-full-v2/logos/1086-окко-event-21.png,http://epg.one/img/9386.png,png,165,165,9748,8,
1087,Окко Event 22,Sport,9859,http://c137c781.rossteleccom.net/iptv/WLSHARFG8FUEKR/31528/index.m3u8,saved,output/channel-logos-moldovenesti-full-v2/logos/1087-окко-event-22.png,http://epg.one/img/9386.png,png,165,165,9748,8,
1088,Окко Event 23,Sport,9860,http://c137c781.rossteleccom.net/iptv/WLSHARFG8FUEKR/31529/index.m3u8,saved,output/channel-logos-moldovenesti-full-v2/logos/1088-окко-event-23.png,http://epg.one/img/9860.png,png,165,165,9863,8,
1089,Окко Event 24,Sport,9861,http://c137c781.rossteleccom.net/iptv/WLSHARFG8FUEKR/31530/index.m3u8,saved,output/channel-logos-moldovenesti-full-v2/logos/1089-окко-event-24.png,http://epg.one/img/9861.png,png,165,165,9885,8,
1090,Окко Event 25,Sport,9862,http://c137c781.rossteleccom.net/iptv/WLSHARFG8FUEKR/31531/index.m3u8,saved,output/channel-logos-moldovenesti-full-v2/logos/1090-окко-event-25.png,http://epg.one/img/9862.png,png,165,165,9817,8,
1091,Окко Event 26,Sport,9863,http://c137c781.rossteleccom.net/iptv/WLSHARFG8FUEKR/31532/index.m3u8,saved,output/channel-logos-moldovenesti-full-v2/logos/1091-окко-event-26.png,http://epg.one/img/9386.png,png,165,165,9748,8,
1092,Окко Event 27,Sport,9864,http://c137c781.rossteleccom.net/iptv/WLSHARFG8FUEKR/31533/index.m3u8,saved,output/channel-logos-moldovenesti-full-v2/logos/1092-окко-event-27.png,http://epg.one/img/9864.png,png,165,165,9817,8,
1093,Окко Event 28,Sport,9865,http://c137c781.rossteleccom.net/iptv/WLSHARFG8FUEKR/31534/index.m3u8,saved,output/channel-logos-moldovenesti-full-v2/logos/1093-окко-event-28.png,http://epg.one/img/9865.png,png,165,165,9845,8,
1094,Окко Event 29,Sport,9866,http://c137c781.rossteleccom.net/iptv/WLSHARFG8FUEKR/31535/index.m3u8,saved,output/channel-logos-moldovenesti-full-v2/logos/1094-окко-event-29.png,http://epg.one/img/9866.png,png,165,165,9877,8,
1095,Окко Спорт HD,Sport,okko-sport-hd,http://c137c781.rossteleccom.net/iptv/WLSHARFG8FUEKR/20138/index.m3u8,saved,output/channel-logos-moldovenesti-full-v2/logos/1095-окко-спорт-hd.png,http://iptvx.one/picons/okko-sport-2.png,png,200,200,17565,7,
1096,Окко Прайм Спорт HD,Sport,428603,http://c137c781.rossteleccom.net/iptv/WLSHARFG8FUEKR/20135/index.m3u8,saved,output/channel-logos-moldovenesti-full-v2/logos/1096-окко-праим-спорт-hd.png,http://iptvx.one/picons/okko-sport-2.png,png,200,200,17565,5,
1097,Старт Триумф HD,Sport,9112,http://c137c781.rossteleccom.net/iptv/WLSHARFG8FUEKR/16034/index.m3u8,saved,output/channel-logos-moldovenesti-full-v2/logos/1097-старт-триумф-hd.png,http://iptvx.one/picons/start-triumf.png,png,200,200,17237,4,
1098,Окко Event 1,Sport,9384,http://c137c781.rossteleccom.net/iptv/WLSHARFG8FUEKR/14186/index.m3u8,saved,output/channel-logos-moldovenesti-full-v2/logos/1098-окко-event-1.png,http://epg.one/img/9386.png,png,165,165,9748,8,
1099,Окко Event 2,Sport,9385,http://c137c781.rossteleccom.net/iptv/WLSHARFG8FUEKR/14187/index.m3u8,saved,output/channel-logos-moldovenesti-full-v2/logos/1099-окко-event-2.png,http://epg.one/img/9385.png,png,165,165,9755,8,
1100,Окко Event 3,Sport,9386,http://c137c781.rossteleccom.net/iptv/WLSHARFG8FUEKR/14188/index.m3u8,saved,output/channel-logos-moldovenesti-full-v2/logos/1100-окко-event-3.png,http://epg.one/img/9386.png,png,165,165,9748,8,
1101,Окко Event 4,Sport,9387,http://c137c781.rossteleccom.net/iptv/WLSHARFG8FUEKR/14189/index.m3u8,saved,output/channel-logos-moldovenesti-full-v2/logos/1101-окко-event-4.png,http://epg.one/img/9386.png,png,165,165,9748,8,
1102,Окко Event 5,Sport,9388,http://c137c781.rossteleccom.net/iptv/WLSHARFG8FUEKR/14190/index.m3u8,saved,output/channel-logos-moldovenesti-full-v2/logos/1102-окко-event-5.png,http://epg.one/img/9386.png,png,165,165,9748,8,
1103,Окко Event 6,Sport,9389,http://c137c781.rossteleccom.net/iptv/WLSHARFG8FUEKR/14191/index.m3u8,saved,output/channel-logos-moldovenesti-full-v2/logos/1103-окко-event-6.png,http://epg.one/img/9386.png,png,165,165,9748,8,
1104,Танцуй!,Sport,7594,http://c137c781.rossteleccom.net/iptv/WLSHARFG8FUEKR/14023/index.m3u8,saved,output/channel-logos-moldovenesti-full-v2/logos/1104-танцуи.png,http://epg.pw/media/images/epg/2024/06/08/20240608034921541967_21.png,png,200,200,24322,6,
1105,Матч ТВ FHD,Sport,,http://c137c781.rossteleccom.net/iptv/WLSHARFG8FUEKR/2413/index.m3u8,saved,output/channel-logos-moldovenesti-full-v2/logos/1105-матч-тв-fhd.png,http://iptvx.one/picons/match-tv.png,png,200,200,5329,8,
1106,Матч! Премьер FHD,Sport,6208,http://c137c781.rossteleccom.net/iptv/WLSHARFG8FUEKR/2414/index.m3u8,saved,output/channel-logos-moldovenesti-full-v2/logos/1106-матч-премьер-fhd.png,http://epg.pw/media/images/epg/2024/06/08/20240608023117676437_66.png,png,326,326,27382,8,
1107,Матч! Футбол 1 FHD,Sport,6152,http://c137c781.rossteleccom.net/iptv/WLSHARFG8FUEKR/2407/index.m3u8,saved,output/channel-logos-moldovenesti-full-v2/logos/1107-матч-футбол-1-fhd.png,http://iptvx.one/picons/match-football2.png,png,200,200,28730,8,
1108,Матч! Футбол 2 FHD,Sport,6150,http://c137c781.rossteleccom.net/iptv/WLSHARFG8FUEKR/2420/index.m3u8,saved,output/channel-logos-moldovenesti-full-v2/logos/1108-матч-футбол-2-fhd.png,http://epg.pw/media/images/epg/2024/06/08/20240608022808318634_81.png,png,200,200,28730,8,
1109,Матч! Футбол 3 FHD,Sport,6151,http://c137c781.rossteleccom.net/iptv/WLSHARFG8FUEKR/2408/index.m3u8,saved,output/channel-logos-moldovenesti-full-v2/logos/1109-матч-футбол-3-fhd.png,http://epg.pw/media/images/epg/2024/06/08/20240608022811032016_87.png,png,200,200,28511,8,
1110,Матч! Игра FHD,Sport,6779,http://c137c781.rossteleccom.net/iptv/WLSHARFG8FUEKR/2406/index.m3u8,saved,output/channel-logos-moldovenesti-full-v2/logos/1110-матч-игра-fhd.png,http://epg.pw/media/images/epg/2024/06/08/20240608030252502276_81.png,png,200,200,33289,8,
1111,Матч! Арена HD,Sport,match-arena-hd,http://c137c781.rossteleccom.net/iptv/WLSHARFG8FUEKR/207/index.m3u8,saved,output/channel-logos-moldovenesti-full-v2/logos/1111-матч-арена-hd.png,http://iptvx.one/picons/match-arena.png,png,200,200,32716,7,
1112,Матч! Планета,Sport,2043,http://c137c781.rossteleccom.net/iptv/WLSHARFG8FUEKR/123/index.m3u8,saved,output/channel-logos-moldovenesti-full-v2/logos/1112-матч-планета.png,http://iptvx.one/picons/match-planeta.png,png,200,200,27032,4,
1113,Триколор Спорт 1,Sport,,http://c137c781.rossteleccom.net/iptv/WLSHARFG8FUEKR/7360/index.m3u8,saved,output/channel-logos-moldovenesti-full-v2/logos/1113-триколор-спорт-1.png,http://epg.one/img/4580.png,png,165,165,10562,8,
1114,Триколор Спорт 2,Sport,,http://c137c781.rossteleccom.net/iptv/WLSHARFG8FUEKR/7361/index.m3u8,saved,output/channel-logos-moldovenesti-full-v2/logos/1114-триколор-спорт-2.png,http://epg.one/img/4581.png,png,165,165,10637,8,
1115,Триколор Спорт 3,Sport,,http://c137c781.rossteleccom.net/iptv/WLSHARFG8FUEKR/7362/index.m3u8,saved,output/channel-logos-moldovenesti-full-v2/logos/1115-триколор-спорт-3.png,http://epg.one/img/4582.png,png,165,165,10731,8,
1116,Триколор Спорт 4,Sport,,http://c137c781.rossteleccom.net/iptv/WLSHARFG8FUEKR/7363/index.m3u8,saved,output/channel-logos-moldovenesti-full-v2/logos/1116-триколор-спорт-4.png,http://epg.one/img/4580.png,png,165,165,10562,8,
1117,Триколор Спорт 5,Sport,,http://c137c781.rossteleccom.net/iptv/WLSHARFG8FUEKR/7364/index.m3u8,saved,output/channel-logos-moldovenesti-full-v2/logos/1117-триколор-спорт-5.png,http://epg.one/img/4580.png,png,165,165,10562,8,
1118,Удар FHD,Sport,7231,http://c137c781.rossteleccom.net/iptv/WLSHARFG8FUEKR/2000/index.m3u8,saved,output/channel-logos-moldovenesti-full-v2/logos/1118-удар-fhd.png,http://epg.pw/media/images/epg/2024/06/08/20240608032843032955_31.png,png,200,200,8366,4,
1119,Старт FHD,Sport,start-hd,http://c137c781.rossteleccom.net/iptv/WLSHARFG8FUEKR/2154/index.m3u8,saved,output/channel-logos-moldovenesti-full-v2/logos/1119-старт-fhd.png,http://iptvx.one/picons/start.png,png,200,200,10717,4,
1120,Окко Футбол HD,Sport,okko-futbol-hd,http://c137c781.rossteleccom.net/iptv/WLSHARFG8FUEKR/6554/index.m3u8,saved,output/channel-logos-moldovenesti-full-v2/logos/1120-окко-футбол-hd.png,http://iptvx.one/picons/okko-football.png,png,200,200,17070,4,
1121,Матч! Игра HD 50,Sport,,http://c137c781.rossteleccom.net/iptv/WLSHARFG8FUEKR/10014/index.m3u8,saved,output/channel-logos-moldovenesti-full-v2/logos/1121-матч-игра-hd-50.png,http://iptvx.one/picons/match-igra.png,png,200,200,33289,5,
1122,Матч! Футбол 1 HD 50,Sport,,http://c137c781.rossteleccom.net/iptv/WLSHARFG8FUEKR/10015/index.m3u8,saved,output/channel-logos-moldovenesti-full-v2/logos/1122-матч-футбол-1-hd-50.png,http://iptvx.one/picons/match-football2.png,png,200,200,28730,8,
1123,Матч! Футбол 3 HD 50,Sport,,http://c137c781.rossteleccom.net/iptv/WLSHARFG8FUEKR/10016/index.m3u8,saved,output/channel-logos-moldovenesti-full-v2/logos/1123-матч-футбол-3-hd-50.png,http://iptvx.one/picons/match-football2.png,png,200,200,28730,8,
1124,Матч ТВ HD 50,Sport,,http://c137c781.rossteleccom.net/iptv/WLSHARFG8FUEKR/10020/index.m3u8,saved,output/channel-logos-moldovenesti-full-v2/logos/1124-матч-тв-hd-50.png,http://iptvx.one/picons/match-tv.png,png,200,200,5329,8,
1125,Матч! Премьер HD 50,Sport,,http://c137c781.rossteleccom.net/iptv/WLSHARFG8FUEKR/10021/index.m3u8,saved,output/channel-logos-moldovenesti-full-v2/logos/1125-матч-премьер-hd-50.png,http://iptvx.one/picons/match-premiere.png,png,200,200,6220,5,
1126,Матч! Футбол 2 HD 50,Sport,,http://c137c781.rossteleccom.net/iptv/WLSHARFG8FUEKR/10027/index.m3u8,saved,output/channel-logos-moldovenesti-full-v2/logos/1126-матч-футбол-2-hd-50.png,http://iptvx.one/picons/match-football2.png,png,200,200,28730,8,
1127,Хоккей ТВ HD,Sport,hokkejnyj-hd,http://c137c781.rossteleccom.net/iptv/WLSHARFG8FUEKR/10039/index.m3u8,saved,output/channel-logos-moldovenesti-full-v2/logos/1127-хоккеи-тв-hd.png,http://iptvx.one/picons/xokkejny.png,png,200,200,6493,5,
1128,ТВ Спорт HD,Sport,406137,http://c137c781.rossteleccom.net/iptv/WLSHARFG8FUEKR/10057/index.m3u8,saved,output/channel-logos-moldovenesti-full-v2/logos/1128-тв-спорт-hd.png,http://epg.pw/media/images/epg/2024/12/10/20241210021508532409_92.png,png,200,200,7934,5,
1129,Мяч HD,Sport,futbolnyj-hd,http://c137c781.rossteleccom.net/iptv/WLSHARFG8FUEKR/10058/index.m3u8,saved,output/channel-logos-moldovenesti-full-v2/logos/1129-мяч-hd.png,http://static.g-cdn.app/streams/futbolnyj-hd.png,png,220,132,5181,3,
1130,Живи Активно HD,Sport,5881,http://c137c781.rossteleccom.net/iptv/WLSHARFG8FUEKR/15143/index.m3u8,saved,output/channel-logos-moldovenesti-full-v2/logos/1130-живи-активно-hd.png,http://iptvx.one/picons/zhivi-aktivno.png,png,200,200,15544,4,
1131,Триколор Спорт 10,Sport,,http://c137c781.rossteleccom.net/iptv/WLSHARFG8FUEKR/15149/index.m3u8,saved,output/channel-logos-moldovenesti-full-v2/logos/1131-триколор-спорт-10.png,http://epg.one/img/4580.png,png,165,165,10562,8,
1132,Триколор Спорт 11,Sport,,http://c137c781.rossteleccom.net/iptv/WLSHARFG8FUEKR/15150/index.m3u8,saved,output/channel-logos-moldovenesti-full-v2/logos/1132-триколор-спорт-11.png,http://epg.one/img/4580.png,png,165,165,10562,8,
1133,Триколор Спорт 12,Sport,,http://c137c781.rossteleccom.net/iptv/WLSHARFG8FUEKR/15151/index.m3u8,saved,output/channel-logos-moldovenesti-full-v2/logos/1133-триколор-спорт-12.png,http://epg.one/img/4580.png,png,165,165,10562,8,
1134,Триколор Спорт 13,Sport,,http://c137c781.rossteleccom.net/iptv/WLSHARFG8FUEKR/15152/index.m3u8,saved,output/channel-logos-moldovenesti-full-v2/logos/1134-триколор-спорт-13.png,http://epg.one/img/4580.png,png,165,165,10562,8,
1135,Триколор Спорт 14,Sport,,http://c137c781.rossteleccom.net/iptv/WLSHARFG8FUEKR/15153/index.m3u8,saved,output/channel-logos-moldovenesti-full-v2/logos/1135-триколор-спорт-14.png,http://epg.one/img/4580.png,png,165,165,10562,8,
1136,Триколор Спорт 15,Sport,,http://c137c781.rossteleccom.net/iptv/WLSHARFG8FUEKR/15154/index.m3u8,saved,output/channel-logos-moldovenesti-full-v2/logos/1136-триколор-спорт-15.png,http://epg.one/img/4580.png,png,165,165,10562,8,
1137,Триколор Спорт 16,Sport,,http://c137c781.rossteleccom.net/iptv/WLSHARFG8FUEKR/15155/index.m3u8,saved,output/channel-logos-moldovenesti-full-v2/logos/1137-триколор-спорт-16.png,http://epg.one/img/4580.png,png,165,165,10562,8,
1138,Триколор Спорт 17,Sport,,http://c137c781.rossteleccom.net/iptv/WLSHARFG8FUEKR/15156/index.m3u8,saved,output/channel-logos-moldovenesti-full-v2/logos/1138-триколор-спорт-17.png,http://epg.one/img/4580.png,png,165,165,10562,8,
1139,Триколор Спорт 18,Sport,,http://c137c781.rossteleccom.net/iptv/WLSHARFG8FUEKR/15157/index.m3u8,saved,output/channel-logos-moldovenesti-full-v2/logos/1139-триколор-спорт-18.png,http://epg.one/img/4580.png,png,165,165,10562,8,
1140,Триколор Спорт 19,Sport,,http://c137c781.rossteleccom.net/iptv/WLSHARFG8FUEKR/15158/index.m3u8,saved,output/channel-logos-moldovenesti-full-v2/logos/1140-триколор-спорт-19.png,http://epg.one/img/4580.png,png,165,165,10562,8,
1141,Триколор Спорт 20,Sport,,http://c137c781.rossteleccom.net/iptv/WLSHARFG8FUEKR/15159/index.m3u8,saved,output/channel-logos-moldovenesti-full-v2/logos/1141-триколор-спорт-20.png,http://epg.one/img/5911.png,png,165,165,10583,8,
1142,Триколор Спорт 21,Sport,,http://c137c781.rossteleccom.net/iptv/WLSHARFG8FUEKR/15160/index.m3u8,saved,output/channel-logos-moldovenesti-full-v2/logos/1142-триколор-спорт-21.png,http://epg.one/img/4580.png,png,165,165,10562,8,
1143,Триколор Спорт 22,Sport,,http://c137c781.rossteleccom.net/iptv/WLSHARFG8FUEKR/15161/index.m3u8,saved,output/channel-logos-moldovenesti-full-v2/logos/1143-триколор-спорт-22.png,http://epg.one/img/4580.png,png,165,165,10562,8,
1144,Триколор Спорт 23,Sport,,http://c137c781.rossteleccom.net/iptv/WLSHARFG8FUEKR/15162/index.m3u8,saved,output/channel-logos-moldovenesti-full-v2/logos/1144-триколор-спорт-23.png,http://epg.one/img/4580.png,png,165,165,10562,8,
1145,Триколор Спорт 24,Sport,,http://c137c781.rossteleccom.net/iptv/WLSHARFG8FUEKR/15163/index.m3u8,saved,output/channel-logos-moldovenesti-full-v2/logos/1145-триколор-спорт-24.png,http://epg.one/img/4580.png,png,165,165,10562,8,
1146,Матч! Страна HD,Sport,match-strana-hd,http://c137c781.rossteleccom.net/iptv/WLSHARFG8FUEKR/19219/index.m3u8,saved,output/channel-logos-moldovenesti-full-v2/logos/1146-матч-страна-hd.png,http://iptvx.one/picons/match-strana.png,png,200,200,23195,6,
1147,Матч! Боец HD,Sport,match-boec-hd,http://c137c781.rossteleccom.net/iptv/WLSHARFG8FUEKR/19221/index.m3u8,saved,output/channel-logos-moldovenesti-full-v2/logos/1147-матч-боец-hd.png,http://static.g-cdn.app/streams/match-boec-hd.png,png,220,132,10294,6,
1148,Футбол HD,Sport,futbol-hd,http://c137c781.rossteleccom.net/iptv/WLSHARFG8FUEKR/19244/index.m3u8,saved,output/channel-logos-moldovenesti-full-v2/logos/1148-футбол-hd.png,http://static.g-cdn.app/streams/futbol-hd.png,png,220,132,2187,4,
1149,Бокс ТВ HD,Sport,7749,http://c137c781.rossteleccom.net/iptv/WLSHARFG8FUEKR/19245/index.m3u8,saved,output/channel-logos-moldovenesti-full-v2/logos/1149-бокс-тв-hd.png,http://epg.pw/media/images/epg/2024/06/08/20240608024957194898_54.png,png,200,200,22506,6,
1150,Волейбол HD,Sport,11428,http://c137c781.rossteleccom.net/iptv/WLSHARFG8FUEKR/31920/index.m3u8,saved,output/channel-logos-moldovenesti-full-v2/logos/1150-волеибол-hd.png,http://iptvx.one/picons/voleybol.png,png,200,200,29272,4,
1151,NM Television HD,Muzica,7591,http://c137c781.rossteleccom.net/iptv/WLSHARFG8FUEKR/20161/index.m3u8,saved,output/channel-logos-moldovenesti-full-v2/logos/1151-nm-television-hd.png,http://epg.one/img/7591.png,png,165,165,11240,3,
1152,BOX RU.RAP HD,Muzica,516434,http://c137c781.rossteleccom.net/iptv/WLSHARFG8FUEKR/20171/index.m3u8,saved,output/channel-logos-moldovenesti-full-v2/logos/1152-box-ru-rap-hd.png,http://epg.pw/media/images/epg/2026/02/27/20260227021353188082_38.png,png,200,200,7534,5,
1153,Bridge Фрэш HD,Muzica,,http://c137c781.rossteleccom.net/iptv/WLSHARFG8FUEKR/9053/index.m3u8,saved,output/channel-logos-moldovenesti-full-v2/logos/1153-bridge-фрэш-hd.png,http://iptvx.one/picons/bridge-tv-fresh.png,png,200,200,11856,2,
1154,VF Король и Шут,Muzica,9228,http://c137c781.rossteleccom.net/iptv/WLSHARFG8FUEKR/31555/index.m3u8,saved,output/channel-logos-moldovenesti-full-v2/logos/1154-vf-король-и-шут.png,http://epg.one/img/9228.png,png,165,165,9651,3,
1155,VF Легенды Ретро ФМ,Muzica,7573,http://c137c781.rossteleccom.net/iptv/WLSHARFG8FUEKR/10067/index.m3u8,saved,output/channel-logos-moldovenesti-full-v2/logos/1155-vf-легенды-ретро-фм.png,http://epg.one/img/7573.png,png,165,165,10413,3,
1156,VF Музыкальный Новый год!,Muzica,6135,http://c137c781.rossteleccom.net/iptv/WLSHARFG8FUEKR/16140/index.m3u8,saved,output/channel-logos-moldovenesti-full-v2/logos/1156-vf-музыкальныи-новыи-год.png,http://epg.one/img/6135.png,png,165,165,21060,3,
1157,VF Музыка,Muzica,5985,http://c137c781.rossteleccom.net/iptv/WLSHARFG8FUEKR/15512/index.m3u8,saved,output/channel-logos-moldovenesti-full-v2/logos/1157-vf-музыка.png,http://iptvx.one/picons/vf-musyka.png,png,200,200,22835,4,
1158,VF Караоке,Muzica,5988,http://c137c781.rossteleccom.net/iptv/WLSHARFG8FUEKR/15518/index.m3u8,saved,output/channel-logos-moldovenesti-full-v2/logos/1158-vf-караоке.png,http://epg.one/img/5988.png,png,165,165,25221,3,
1159,VF Шансон,Muzica,5989,http://c137c781.rossteleccom.net/iptv/WLSHARFG8FUEKR/15519/index.m3u8,saved,output/channel-logos-moldovenesti-full-v2/logos/1159-vf-шансон.png,http://epg.one/img/5989.png,png,165,165,25485,3,
1160,VF Музсоюз,Muzica,5990,http://c137c781.rossteleccom.net/iptv/WLSHARFG8FUEKR/15521/index.m3u8,saved,output/channel-logos-moldovenesti-full-v2/logos/1160-vf-музсоюз.png,http://epg.one/img/5990.png,png,165,165,22369,3,
1161,VF Хит-парад,Muzica,6170,http://c137c781.rossteleccom.net/iptv/WLSHARFG8FUEKR/17036/index.m3u8,saved,output/channel-logos-moldovenesti-full-v2/logos/1161-vf-хит-парад.png,http://epg.one/img/6170.png,png,165,165,22765,3,
1162,VF Русский рок,Muzica,6171,http://c137c781.rossteleccom.net/iptv/WLSHARFG8FUEKR/17037/index.m3u8,saved,output/channel-logos-moldovenesti-full-v2/logos/1162-vf-русскии-рок.png,http://iptvx.one/picons/tvplay-russkiyrok.png,png,200,200,54795,4,
1163,SONGTV Россия HD,Muzica,,http://c137c781.rossteleccom.net/iptv/WLSHARFG8FUEKR/6394/index.m3u8,saved,output/channel-logos-moldovenesti-full-v2/logos/1163-songtv-россия-hd.png,http://iptvx.one/picons/song-tv-ru.png,png,200,200,32730,7,
1164,Жара HD,Muzica,zhara-hd,http://c137c781.rossteleccom.net/iptv/WLSHARFG8FUEKR/2129/index.m3u8,saved,output/channel-logos-moldovenesti-full-v2/logos/1164-жара-hd.png,http://static.g-cdn.app/streams/zhara.png,png,220,132,4812,3,
1165,МУЗ-ТВ,Muzica,muz-tv,http://c137c781.rossteleccom.net/iptv/WLSHARFG8FUEKR/116/index.m3u8,saved,output/channel-logos-moldovenesti-full-v2/logos/1165-муз-тв.png,http://iptvx.one/picons/muztv-pl2.png,png,200,200,21135,8,
1166,Музыка Первого,Muzica,muzyka-pervogo,http://c137c781.rossteleccom.net/iptv/WLSHARFG8FUEKR/155/index.m3u8,saved,output/channel-logos-moldovenesti-full-v2/logos/1166-музыка-первого.png,https://iptvx.one/picons/muzyka-pervogo.png,png,200,200,9448,5,
1167,о2тв HD,Muzica,5779,http://c137c781.rossteleccom.net/iptv/WLSHARFG8FUEKR/2141/index.m3u8,saved,output/channel-logos-moldovenesti-full-v2/logos/1167-о2тв-hd.png,http://epg.pw/media/images/epg/2024/06/08/20240608020622302462_19.png,png,200,200,33932,4,
1168,Шансон ТВ,Muzica,shanson-tv,http://c137c781.rossteleccom.net/iptv/WLSHARFG8FUEKR/859/index.m3u8,saved,output/channel-logos-moldovenesti-full-v2/logos/1168-шансон-тв.png,https://iptvx.one/picons/shanson-tv.png,png,200,200,31899,5,
1169,Музыка Live,Muzica,la-minor,http://c137c781.rossteleccom.net/iptv/WLSHARFG8FUEKR/2043/index.m3u8,saved,output/channel-logos-moldovenesti-full-v2/logos/1169-музыка-live.png,https://iptvx.one/picons/la-minor.png,png,200,200,9767,4,
1170,Курай ТВ HD,Muzica,,http://c137c781.rossteleccom.net/iptv/WLSHARFG8FUEKR/2144/index.m3u8,saved,output/channel-logos-moldovenesti-full-v2/logos/1170-кураи-тв-hd.png,http://epg.one/img/2410.png,png,165,165,23365,1,
1171,МузСоюз HD,Muzica,7313,http://c137c781.rossteleccom.net/iptv/WLSHARFG8FUEKR/2137/index.m3u8,saved,output/channel-logos-moldovenesti-full-v2/logos/1171-музсоюз-hd.png,http://epg.pw/media/images/epg/2024/06/08/20240608033319529998_90.png,png,200,200,39859,4,
1172,Жар Птица,Muzica,7650,http://c137c781.rossteleccom.net/iptv/WLSHARFG8FUEKR/2142/index.m3u8,saved,output/channel-logos-moldovenesti-full-v2/logos/1172-жар-птица.png,http://epg.pw/media/images/epg/2024/06/08/20240608035223485874_21.png,png,200,200,16187,5,
1173,Bridge Шлягер,Muzica,,http://c137c781.rossteleccom.net/iptv/WLSHARFG8FUEKR/10038/index.m3u8,saved,output/channel-logos-moldovenesti-full-v2/logos/1173-bridge-шлягер.png,http://iptvx.one/picons/bridge-tv-shlager.png,png,200,200,11584,3,
1174,Первый музыкальный HD,Muzica,5975,http://c137c781.rossteleccom.net/iptv/WLSHARFG8FUEKR/14142/index.m3u8,saved,output/channel-logos-moldovenesti-full-v2/logos/1174-первыи-музыкальныи-hd.png,http://epg.pw/media/images/epg/2024/06/08/20240608021758338605_96.png,png,200,200,15442,6,
1175,Первый музыкальный HD BY,Muzica,,http://c137c781.rossteleccom.net/iptv/WLSHARFG8FUEKR/14144/index.m3u8,saved,output/channel-logos-moldovenesti-full-v2/logos/1175-первыи-музыкальныи-hd-by.png,http://iptvx.one/picons/1muz.png,png,200,200,15442,3,
1176,Страна FM HD,Muzica,5369,http://c137c781.rossteleccom.net/iptv/WLSHARFG8FUEKR/14152/index.m3u8,saved,output/channel-logos-moldovenesti-full-v2/logos/1176-страна-fm-hd.png,http://iptvx.one/picons/radio-strana-fm-tv.png,png,200,200,23036,4,
1177,VB Русская Попса 80х-90х,Muzica,,http://c137c781.rossteleccom.net/iptv/WLSHARFG8FUEKR/14155/index.m3u8,saved,output/channel-logos-moldovenesti-full-v2/logos/1177-vb-русская-попса-80х-90х.png,http://epg.one/img/5372.png,png,165,165,32104,1,
1178,Радио LoveIsRadio.by HD,Muzica,,http://c137c781.rossteleccom.net/iptv/WLSHARFG8FUEKR/16015/index.m3u8,saved,output/channel-logos-moldovenesti-full-v2/logos/1178-радио-loveisradio-by-hd.png,http://epg.one/img/6010.png,png,165,165,26679,1,
1179,Радио Шансон HD,Muzica,6619,http://c137c781.rossteleccom.net/iptv/WLSHARFG8FUEKR/16036/index.m3u8,saved,output/channel-logos-moldovenesti-full-v2/logos/1179-радио-шансон-hd.png,http://epg.pw/media/images/epg/2024/06/08/20240608025350182017_58.png,png,200,200,22135,6,
1180,Радио Хит HD (Орск),Muzica,,http://c137c781.rossteleccom.net/iptv/WLSHARFG8FUEKR/17048/index.m3u8,saved,output/channel-logos-moldovenesti-full-v2/logos/1180-радио-хит-hd-орск.png,http://epg.one/img/6191.png,png,165,165,21652,1,
1181,Мелодии и ритмы зарубежной эстрады,Muzica,,http://c137c781.rossteleccom.net/iptv/WLSHARFG8FUEKR/17057/index.m3u8,saved,output/channel-logos-moldovenesti-full-v2/logos/1181-мелодии-и-ритмы-зарубежнои-эстрады.png,http://epg.one/img/6212.png,png,165,165,37460,1,
1182,Tviksel Музыка 1 HD,Muzica,,http://c137c781.rossteleccom.net/iptv/WLSHARFG8FUEKR/18077/index.m3u8,saved,output/channel-logos-moldovenesti-full-v2/logos/1182-tviksel-музыка-1-hd.png,http://epg.one/img/6268.png,png,165,165,21487,6,
1183,Tviksel Музыка 2 HD,Muzica,,http://c137c781.rossteleccom.net/iptv/WLSHARFG8FUEKR/18079/index.m3u8,saved,output/channel-logos-moldovenesti-full-v2/logos/1183-tviksel-музыка-2-hd.png,http://epg.one/img/6268.png,png,165,165,21487,6,
1184,Tviksel Музыка 1 International,Muzica,,http://c137c781.rossteleccom.net/iptv/WLSHARFG8FUEKR/18078/index.m3u8,saved,output/channel-logos-moldovenesti-full-v2/logos/1184-tviksel-музыка-1-international.png,http://iptvx.one/picons/kino1int-tviksel.png,png,200,200,15621,8,
1185,Tviksel Музыка 2 International,Muzica,,http://c137c781.rossteleccom.net/iptv/WLSHARFG8FUEKR/18080/index.m3u8,saved,output/channel-logos-moldovenesti-full-v2/logos/1185-tviksel-музыка-2-international.png,http://epg.one/img/6268.png,png,165,165,21487,6,
1186,Tviksel Музыка Кино HD,Muzica,,http://c137c781.rossteleccom.net/iptv/WLSHARFG8FUEKR/18081/index.m3u8,saved,output/channel-logos-moldovenesti-full-v2/logos/1186-tviksel-музыка-кино-hd.png,http://epg.one/img/6268.png,png,165,165,21487,6,
1187,Tviksel Музыка Кино International,Muzica,,http://c137c781.rossteleccom.net/iptv/WLSHARFG8FUEKR/18082/index.m3u8,saved,output/channel-logos-moldovenesti-full-v2/logos/1187-tviksel-музыка-кино-international.png,http://iptvx.one/picons/detkinoint-tviksel.png,png,200,200,16993,8,
1188,Tviksel Балет Опера HD,Muzica,,http://c137c781.rossteleccom.net/iptv/WLSHARFG8FUEKR/18083/index.m3u8,saved,output/channel-logos-moldovenesti-full-v2/logos/1188-tviksel-балет-опера-hd.png,http://iptvx.one/picons/baletopera-tviksel.png,png,200,200,8431,2,
1189,Bridge Русский Хит HD,Muzica,,http://c137c781.rossteleccom.net/iptv/WLSHARFG8FUEKR/19226/index.m3u8,saved,output/channel-logos-moldovenesti-full-v2/logos/1189-bridge-русскии-хит-hd.png,http://iptvx.one/picons/bridge-tv-ruxit.png,png,200,200,14064,4,
1190,Индия HD,Muzica,,http://c137c781.rossteleccom.net/iptv/WLSHARFG8FUEKR/19250/index.m3u8,missing,,,,,,,0,no_candidate_logo_url
1191,#ё HD (Самара),Muzica,,http://c137c781.rossteleccom.net/iptv/WLSHARFG8FUEKR/20162/index.m3u8,saved,output/channel-logos-moldovenesti-full-v2/logos/1191-е-hd-самара.png,http://epg.one/img/5997.png,png,165,165,10819,1,
1192,VB MTV Old Россия HD,Muzica,7888,http://c137c781.rossteleccom.net/iptv/WLSHARFG8FUEKR/20174/index.m3u8,saved,output/channel-logos-moldovenesti-full-v2/logos/1192-vb-mtv-old-россия-hd.png,http://iptvx.one/picons/mtv-classic-us.png,png,200,200,21639,8,
1193,BCU Kids+ HD,Copii,,http://c137c781.rossteleccom.net/iptv/WLSHARFG8FUEKR/11036/index.m3u8,saved,output/channel-logos-moldovenesti-full-v2/logos/1193-bcu-kids-hd.png,http://iptvx.one/picons/bcu-kids-plus.png,png,200,200,26925,6,
1194,BCU Kids 4K,Copii,6185,http://c137c781.rossteleccom.net/iptv/WLSHARFG8FUEKR/17023/index.m3u8,saved,output/channel-logos-moldovenesti-full-v2/logos/1194-bcu-kids-4k.png,http://iptvx.one/picons/bcu-kids-plus.png,png,200,200,26925,8,
1195,VF VHS Cartoon,Copii,4790,http://c137c781.rossteleccom.net/iptv/WLSHARFG8FUEKR/11118/index.m3u8,saved,output/channel-logos-moldovenesti-full-v2/logos/1195-vf-vhs-cartoon.png,http://iptvx.one/picons/vf-vhs.png,png,200,200,25633,6,
1196,Yosso TV Kids,Copii,5761,http://c137c781.rossteleccom.net/iptv/WLSHARFG8FUEKR/14173/index.m3u8,saved,output/channel-logos-moldovenesti-full-v2/logos/1196-yosso-tv-kids.png,http://iptvx.one/picons/c-cartoon.png,png,200,200,21333,8,
1197,Magic Disney HD,Copii,6251,http://c137c781.rossteleccom.net/iptv/WLSHARFG8FUEKR/18064/index.m3u8,saved,output/channel-logos-moldovenesti-full-v2/logos/1197-magic-disney-hd.png,http://iptvx.one/picons/magic-disney.png,png,200,200,21890,4,
1198,MYTV Kids,Copii,108,http://c137c781.rossteleccom.net/iptv/WLSHARFG8FUEKR/19409/index.m3u8,saved,output/channel-logos-moldovenesti-full-v2/logos/1198-mytv-kids.png,http://iptvx.one/picons/kidstv.png,png,200,200,11649,8,
1199,BCU Little HD,Copii,6848,http://c137c781.rossteleccom.net/iptv/WLSHARFG8FUEKR/19425/index.m3u8,saved,output/channel-logos-moldovenesti-full-v2/logos/1199-bcu-little-hd.png,http://iptvx.one/picons/bcu-little.png,png,200,200,26348,4,
1200,Funny Kids HD,Copii,funny-kids-hd,http://c137c781.rossteleccom.net/iptv/WLSHARFG8FUEKR/31918/index.m3u8,saved,output/channel-logos-moldovenesti-full-v2/logos/1200-funny-kids-hd.png,http://iptvx.one/picons/animekids.png,png,200,200,14311,5,
1201,Venera.TV Peppa Pig,Copii,11561,http://c137c781.rossteleccom.net/iptv/WLSHARFG8FUEKR/30159/index.m3u8,saved,output/channel-logos-moldovenesti-full-v2/logos/1201-venera-tv-peppa-pig.png,http://epg.one/img/11564.png,png,165,165,10705,8,
1202,Тооку (Якутия),Copii,,http://c137c781.rossteleccom.net/iptv/WLSHARFG8FUEKR/9172/index.m3u8,saved,output/channel-logos-moldovenesti-full-v2/logos/1202-тооку-якутия.png,http://epg.one/img/9327.png,png,165,165,21975,1,
1203,КиноМульт,Copii,kinomult,http://c137c781.rossteleccom.net/iptv/WLSHARFG8FUEKR/20009/index.m3u8,saved,output/channel-logos-moldovenesti-full-v2/logos/1203-киномульт.png,https://iptvx.one/picons/kinomult.png,png,200,200,21916,4,
1204,StrahTV Том и Джерри,Copii,,http://c137c781.rossteleccom.net/iptv/WLSHARFG8FUEKR/31721/index.m3u8,saved,output/channel-logos-moldovenesti-full-v2/logos/1204-strahtv-том-и-джерри.png,http://iptvx.one/picons/kernel-tomjerry.png,png,200,200,47853,8,
1205,В гостях у сказки HD,Copii,gosti-skazka-hd,http://c137c781.rossteleccom.net/iptv/WLSHARFG8FUEKR/20005/index.m3u8,saved,output/channel-logos-moldovenesti-full-v2/logos/1205-в-гостях-у-сказки-hd.png,http://iptvx.one/picons/v-gostiax-u-skazki.png,png,200,200,32670,6,
1206,СуперГерои HD,Copii,super-geroi-hd,http://c137c781.rossteleccom.net/iptv/WLSHARFG8FUEKR/15099/index.m3u8,saved,output/channel-logos-moldovenesti-full-v2/logos/1206-супергерои-hd.png,http://static.g-cdn.app/streams/super-geroi-hd.png,png,220,132,21069,3,
1207,Лёва HD,Copii,ljova-hd,http://c137c781.rossteleccom.net/iptv/WLSHARFG8FUEKR/15098/index.m3u8,saved,output/channel-logos-moldovenesti-full-v2/logos/1207-лева-hd.png,http://iptvx.one/picons/liova.png,png,200,200,15996,5,
1208,Чижик HD,Copii,chizik-hd,http://c137c781.rossteleccom.net/iptv/WLSHARFG8FUEKR/14034/index.m3u8,saved,output/channel-logos-moldovenesti-full-v2/logos/1208-чижик-hd.png,http://iptvx.one/picons/chizhik.png,png,200,200,21249,5,
1209,VF Союзмультфильм,Copii,7594,http://c137c781.rossteleccom.net/iptv/WLSHARFG8FUEKR/14238/index.m3u8,saved,output/channel-logos-moldovenesti-full-v2/logos/1209-vf-союзмультфильм.png,http://iptvx.one/picons/vf-soyuzmultfilm.png,png,200,200,25045,4,
1210,VF Ералаш,Copii,7595,http://c137c781.rossteleccom.net/iptv/WLSHARFG8FUEKR/14163/index.m3u8,saved,output/channel-logos-moldovenesti-full-v2/logos/1210-vf-ералаш.png,http://iptvx.one/picons/vf-eralash.png,png,200,200,23608,4,
1211,ТипТоп HD,Copii,tip-top-hd,http://c137c781.rossteleccom.net/iptv/WLSHARFG8FUEKR/14007/index.m3u8,saved,output/channel-logos-moldovenesti-full-v2/logos/1211-типтоп-hd.png,http://static.g-cdn.app/streams/tip-top-hd.png,png,220,132,24193,4,
1212,О!,Copii,kanal-o,http://c137c781.rossteleccom.net/iptv/WLSHARFG8FUEKR/727/index.m3u8,saved,output/channel-logos-moldovenesti-full-v2/logos/1212-о.png,http://iptvx.one/picons/o_.png,png,200,200,25865,5,
1213,Мультимузыка,Copii,strana,http://c137c781.rossteleccom.net/iptv/WLSHARFG8FUEKR/749/index.m3u8,saved,output/channel-logos-moldovenesti-full-v2/logos/1213-мультимузыка.png,http://static.g-cdn.app/streams/strana.png,png,220,132,9678,3,
1214,Радость моя,Copii,6095,http://c137c781.rossteleccom.net/iptv/WLSHARFG8FUEKR/853/index.m3u8,saved,output/channel-logos-moldovenesti-full-v2/logos/1214-радость-моя.png,http://epg.pw/media/images/epg/2024/06/08/20240608024818573394_79.png,png,200,200,9611,5,
1215,Рыжий,Copii,ryzhij,http://c137c781.rossteleccom.net/iptv/WLSHARFG8FUEKR/2052/index.m3u8,saved,output/channel-logos-moldovenesti-full-v2/logos/1215-рыжии.png,http://iptvx.one/picons/ryzhy.png,png,200,200,10594,4,
1216,Капитан Фантастика HD,Copii,ginger-hd,http://c137c781.rossteleccom.net/iptv/WLSHARFG8FUEKR/2098/index.m3u8,saved,output/channel-logos-moldovenesti-full-v2/logos/1216-капитан-фантастика-hd.png,http://iptvx.one/picons/capfantast.png,png,200,200,24988,5,
1217,Тамыр (Уфа),Copii,,http://c137c781.rossteleccom.net/iptv/WLSHARFG8FUEKR/2109/index.m3u8,saved,output/channel-logos-moldovenesti-full-v2/logos/1217-тамыр-уфа.png,http://epg.one/img/2440.png,png,165,165,10641,1,
1218,Смайл ТВ HD,Copii,,http://c137c781.rossteleccom.net/iptv/WLSHARFG8FUEKR/2157/index.m3u8,saved,output/channel-logos-moldovenesti-full-v2/logos/1218-смаил-тв-hd.png,http://epg.one/img/2442.png,png,165,165,11142,1,
1219,Мульт HD,Copii,mult-hd,http://c137c781.rossteleccom.net/iptv/WLSHARFG8FUEKR/921/index.m3u8,saved,output/channel-logos-moldovenesti-full-v2/logos/1219-мульт-hd.png,http://static.g-cdn.app/streams/tlum-hd.png,png,220,132,3555,4,
1220,Уникум HD,Copii,detskij-hd,http://c137c781.rossteleccom.net/iptv/WLSHARFG8FUEKR/9191/index.m3u8,saved,output/channel-logos-moldovenesti-full-v2/logos/1220-уникум-hd.png,http://static.g-cdn.app/streams/detskij-hd.png,png,220,132,13435,4,
1221,StrahTV Ералаш HD,Copii,,http://c137c781.rossteleccom.net/iptv/WLSHARFG8FUEKR/11058/index.m3u8,saved,output/channel-logos-moldovenesti-full-v2/logos/1221-strahtv-ералаш-hd.png,http://epg.one/img/4775.png,png,165,165,36803,8,
1222,StrahTV Кроха ТВ,Copii,,http://c137c781.rossteleccom.net/iptv/WLSHARFG8FUEKR/11066/index.m3u8,saved,output/channel-logos-moldovenesti-full-v2/logos/1222-strahtv-кроха-тв.png,http://epg.one/img/4787.png,png,165,165,25170,8,
1223,VF Малыш,Copii,4795,http://c137c781.rossteleccom.net/iptv/WLSHARFG8FUEKR/11123/index.m3u8,saved,output/channel-logos-moldovenesti-full-v2/logos/1223-vf-малыш.png,http://iptvx.one/picons/vf-malysh.png,png,200,200,24832,4,
1224,Сказки Зайки HD,Copii,82033,http://c137c781.rossteleccom.net/iptv/WLSHARFG8FUEKR/14150/index.m3u8,saved,output/channel-logos-moldovenesti-full-v2/logos/1224-сказки-заики-hd.png,http://iptvx.one/picons/skazki-zayki.png,png,200,200,34496,5,
1225,Yosso TV Союзмульт,Copii,460966,http://c137c781.rossteleccom.net/iptv/WLSHARFG8FUEKR/14178/index.m3u8,saved,output/channel-logos-moldovenesti-full-v2/logos/1225-yosso-tv-союзмульт.png,http://epg.pw/media/images/epg/2025/09/30/20250930023107793168_42.png,png,200,200,24096,8,
1226,Yosso TV Наше Детское,Copii,6021,http://c137c781.rossteleccom.net/iptv/WLSHARFG8FUEKR/19433/index.m3u8,saved,output/channel-logos-moldovenesti-full-v2/logos/1226-yosso-tv-наше-детское.png,http://iptvx.one/picons/c-cartoon.png,png,200,200,21333,8,
1227,Liberty Пиксар FHD,Copii,,http://c137c781.rossteleccom.net/iptv/WLSHARFG8FUEKR/15092/index.m3u8,saved,output/channel-logos-moldovenesti-full-v2/logos/1227-liberty-пиксар-fhd.png,http://epg.one/img/5548.png,png,165,165,10406,1,
1228,Liberty Дисней FHD,Copii,,http://c137c781.rossteleccom.net/iptv/WLSHARFG8FUEKR/15093/index.m3u8,saved,output/channel-logos-moldovenesti-full-v2/logos/1228-liberty-диснеи-fhd.png,http://epg.one/img/5549.png,png,165,165,18144,1,
1229,Liberty Бебимульт FHD,Copii,445872,http://c137c781.rossteleccom.net/iptv/WLSHARFG8FUEKR/17027/index.m3u8,saved,output/channel-logos-moldovenesti-full-v2/logos/1229-liberty-бебимульт-fhd.png,http://epg.pw/media/images/epg/2025/07/19/20250719021419181087_89.png,png,200,200,12520,5,
1230,Liberty Мульт UKR 4K,Copii,445863,http://c137c781.rossteleccom.net/iptv/WLSHARFG8FUEKR/18044/index.m3u8,saved,output/channel-logos-moldovenesti-full-v2/logos/1230-liberty-мульт-ukr-4k.png,http://iptvx.one/picons/liberty-multeng.png,png,200,200,12729,8,
1231,Liberty Мульт 4K,Copii,445854,http://c137c781.rossteleccom.net/iptv/WLSHARFG8FUEKR/18051/index.m3u8,saved,output/channel-logos-moldovenesti-full-v2/logos/1231-liberty-мульт-4k.png,http://iptvx.one/picons/liberty-multeng.png,png,200,200,12729,8,
1232,VF Мультуб,Copii,5995,http://c137c781.rossteleccom.net/iptv/WLSHARFG8FUEKR/15520/index.m3u8,saved,output/channel-logos-moldovenesti-full-v2/logos/1232-vf-мультуб.png,http://epg.one/img/5995.png,png,165,165,23008,3,
1233,VF Новогодние мультфильмы,Copii,5996,http://c137c781.rossteleccom.net/iptv/WLSHARFG8FUEKR/15523/index.m3u8,saved,output/channel-logos-moldovenesti-full-v2/logos/1233-vf-новогодние-мультфильмы.png,http://iptvx.one/picons/vf-nowogodmult.png,png,200,200,33642,4,
1234,VF Скуби-Ду,Copii,6162,http://c137c781.rossteleccom.net/iptv/WLSHARFG8FUEKR/17007/index.m3u8,saved,output/channel-logos-moldovenesti-full-v2/logos/1234-vf-скуби-ду.png,http://iptvx.one/picons/vf-skubidu.png,png,200,200,16692,4,
1235,VB Контент Моего Детства,Copii,,http://c137c781.rossteleccom.net/iptv/WLSHARFG8FUEKR/20001/index.m3u8,saved,output/channel-logos-moldovenesti-full-v2/logos/1235-vb-контент-моего-детства.png,http://epg.one/img/7221.png,png,165,165,32274,1,
1236,Мультиландия HD,Copii,multimania-hd,http://c137c781.rossteleccom.net/iptv/WLSHARFG8FUEKR/31910/index.m3u8,saved,output/channel-logos-moldovenesti-full-v2/logos/1236-мультиландия-hd.png,http://static.g-cdn.app/streams/multimania-hd.png,png,220,132,23971,4,
1237,Venera.TV Воскресное утро 90х,Copii,11554,http://c137c781.rossteleccom.net/iptv/WLSHARFG8FUEKR/30152/index.m3u8,saved,output/channel-logos-moldovenesti-full-v2/logos/1237-venera-tv-воскресное-утро-90х.png,http://epg.one/img/11564.png,png,165,165,10705,8,
1238,Venera.TV Фиксики,Copii,11555,http://c137c781.rossteleccom.net/iptv/WLSHARFG8FUEKR/30153/index.m3u8,saved,output/channel-logos-moldovenesti-full-v2/logos/1238-venera-tv-фиксики.png,http://epg.one/img/11564.png,png,165,165,10705,8,
1239,Venera.TV Вуди Вудпекер,Copii,11556,http://c137c781.rossteleccom.net/iptv/WLSHARFG8FUEKR/30154/index.m3u8,saved,output/channel-logos-moldovenesti-full-v2/logos/1239-venera-tv-вуди-вудпекер.png,http://epg.one/img/11564.png,png,165,165,10705,8,
1240,Venera.TV Вспыш и чудо,Copii,11557,http://c137c781.rossteleccom.net/iptv/WLSHARFG8FUEKR/30155/index.m3u8,saved,output/channel-logos-moldovenesti-full-v2/logos/1240-venera-tv-вспыш-и-чудо.png,http://epg.one/img/11557.png,png,165,165,10772,8,
1241,Venera.TV Утиные истории,Copii,11558,http://c137c781.rossteleccom.net/iptv/WLSHARFG8FUEKR/30156/index.m3u8,saved,output/channel-logos-moldovenesti-full-v2/logos/1241-venera-tv-утиные-истории.png,http://epg.one/img/11558.png,png,165,165,10964,8,
1242,Venera.TV Три кота,Copii,11559,http://c137c781.rossteleccom.net/iptv/WLSHARFG8FUEKR/30157/index.m3u8,saved,output/channel-logos-moldovenesti-full-v2/logos/1242-venera-tv-три-кота.png,http://epg.one/img/11564.png,png,165,165,10705,8,
1243,Venera.TV Свинка Пеппа,Copii,11560,http://c137c781.rossteleccom.net/iptv/WLSHARFG8FUEKR/30158/index.m3u8,saved,output/channel-logos-moldovenesti-full-v2/logos/1243-venera-tv-свинка-пеппа.png,http://epg.one/img/11560.png,png,165,165,10711,8,
1244,Venera.TV Простоквашино,Copii,11562,http://c137c781.rossteleccom.net/iptv/WLSHARFG8FUEKR/30160/index.m3u8,saved,output/channel-logos-moldovenesti-full-v2/logos/1244-venera-tv-простоквашино.png,http://epg.one/img/11564.png,png,165,165,10705,8,
1245,Venera.TV Ну погоди,Copii,11563,http://c137c781.rossteleccom.net/iptv/WLSHARFG8FUEKR/30161/index.m3u8,saved,output/channel-logos-moldovenesti-full-v2/logos/1245-venera-tv-ну-погоди.png,http://epg.one/img/11564.png,png,165,165,10705,8,
1246,Venera.TV Том и Джерри 4K,Copii,11601,http://c137c781.rossteleccom.net/iptv/WLSHARFG8FUEKR/30162/index.m3u8,saved,output/channel-logos-moldovenesti-full-v2/logos/1246-venera-tv-том-и-джерри-4k.png,http://epg.one/img/11564.png,png,165,165,10705,8,
1247,Venera.TV Тимон и Пумба,Copii,11564,http://c137c781.rossteleccom.net/iptv/WLSHARFG8FUEKR/30164/index.m3u8,saved,output/channel-logos-moldovenesti-full-v2/logos/1247-venera-tv-тимон-и-пумба.png,http://epg.one/img/11564.png,png,165,165,10705,8,
1248,Venera.TV Суперкрошки,Copii,11565,http://c137c781.rossteleccom.net/iptv/WLSHARFG8FUEKR/30165/index.m3u8,saved,output/channel-logos-moldovenesti-full-v2/logos/1248-venera-tv-суперкрошки.png,http://epg.one/img/11564.png,png,165,165,10705,8,
1249,Venera.TV Смурфики,Copii,11566,http://c137c781.rossteleccom.net/iptv/WLSHARFG8FUEKR/30166/index.m3u8,saved,output/channel-logos-moldovenesti-full-v2/logos/1249-venera-tv-смурфики.png,http://epg.one/img/11564.png,png,165,165,10705,8,
1250,Venera.TV Щенячий патруль,Copii,11567,http://c137c781.rossteleccom.net/iptv/WLSHARFG8FUEKR/30167/index.m3u8,saved,output/channel-logos-moldovenesti-full-v2/logos/1250-venera-tv-щенячии-патруль.png,http://epg.one/img/11564.png,png,165,165,10705,8,
1251,Venera.TV Смешарики,Copii,11568,http://c137c781.rossteleccom.net/iptv/WLSHARFG8FUEKR/30168/index.m3u8,saved,output/channel-logos-moldovenesti-full-v2/logos/1251-venera-tv-смешарики.png,http://epg.one/img/11564.png,png,165,165,10705,8,
1252,Venera.TV Симпсоны,Copii,11569,http://c137c781.rossteleccom.net/iptv/WLSHARFG8FUEKR/30169/index.m3u8,saved,output/channel-logos-moldovenesti-full-v2/logos/1252-venera-tv-симпсоны.png,http://epg.one/img/11564.png,png,165,165,10705,8,
1253,Venera.Tv Розовая пантера,Copii,11570,http://c137c781.rossteleccom.net/iptv/WLSHARFG8FUEKR/30170/index.m3u8,saved,output/channel-logos-moldovenesti-full-v2/logos/1253-venera-tv-розовая-пантера.png,http://epg.one/img/11564.png,png,165,165,10705,8,
1254,Venera.TV Рик и Морти,Copii,11571,http://c137c781.rossteleccom.net/iptv/WLSHARFG8FUEKR/30171/index.m3u8,saved,output/channel-logos-moldovenesti-full-v2/logos/1254-venera-tv-рик-и-морти.png,http://epg.one/img/11564.png,png,165,165,10705,8,
1255,Venera.TV Рапунцель,Copii,11572,http://c137c781.rossteleccom.net/iptv/WLSHARFG8FUEKR/30172/index.m3u8,saved,output/channel-logos-moldovenesti-full-v2/logos/1255-venera-tv-рапунцель.png,http://epg.one/img/11564.png,png,165,165,10705,8,
1256,Venera.TV Пчелка Майя,Copii,11573,http://c137c781.rossteleccom.net/iptv/WLSHARFG8FUEKR/30173/index.m3u8,saved,output/channel-logos-moldovenesti-full-v2/logos/1256-venera-tv-пчелка-маия.png,http://epg.one/img/11564.png,png,165,165,10705,8,
1257,Venera.Tv Панда и антилопа,Copii,11574,http://c137c781.rossteleccom.net/iptv/WLSHARFG8FUEKR/30174/index.m3u8,saved,output/channel-logos-moldovenesti-full-v2/logos/1257-venera-tv-панда-и-антилопа.png,http://epg.one/img/11564.png,png,165,165,10705,8,
1258,Venera.TV Охотники за привидениями,Copii,11575,http://c137c781.rossteleccom.net/iptv/WLSHARFG8FUEKR/30175/index.m3u8,saved,output/channel-logos-moldovenesti-full-v2/logos/1258-venera-tv-охотники-за-привидениями.png,http://epg.one/img/11575.png,png,165,165,10974,8,
1259,Venera.TV Очень странные делишки,Copii,11576,http://c137c781.rossteleccom.net/iptv/WLSHARFG8FUEKR/30176/index.m3u8,saved,output/channel-logos-moldovenesti-full-v2/logos/1259-venera-tv-очень-странные-делишки.png,http://epg.one/img/11564.png,png,165,165,10705,8,
1260,Venera.TV Мишки Гамми,Copii,11577,http://c137c781.rossteleccom.net/iptv/WLSHARFG8FUEKR/30177/index.m3u8,saved,output/channel-logos-moldovenesti-full-v2/logos/1260-venera-tv-мишки-гамми.png,http://epg.one/img/11564.png,png,165,165,10705,8,
1261,Venera.TV Мини,Copii,11578,http://c137c781.rossteleccom.net/iptv/WLSHARFG8FUEKR/30178/index.m3u8,saved,output/channel-logos-moldovenesti-full-v2/logos/1261-venera-tv-мини.png,http://epg.one/img/11564.png,png,165,165,10705,8,
1262,Venera.TV Маша и медведь,Copii,11580,http://c137c781.rossteleccom.net/iptv/WLSHARFG8FUEKR/30180/index.m3u8,saved,output/channel-logos-moldovenesti-full-v2/logos/1262-venera-tv-маша-и-медведь.png,http://epg.one/img/11564.png,png,165,165,10705,8,
1263,Venera.TV Даша путешественница,Copii,11581,http://c137c781.rossteleccom.net/iptv/WLSHARFG8FUEKR/30181/index.m3u8,saved,output/channel-logos-moldovenesti-full-v2/logos/1263-venera-tv-даша-путешественница.png,http://epg.one/img/11581.png,png,165,165,10734,8,
1264,Venera.TV Леди Баг,Copii,11582,http://c137c781.rossteleccom.net/iptv/WLSHARFG8FUEKR/30182/index.m3u8,saved,output/channel-logos-moldovenesti-full-v2/logos/1264-venera-tv-леди-баг.png,http://epg.one/img/11564.png,png,165,165,10705,8,
1265,Venera.TV Крепыш и команда,Copii,11583,http://c137c781.rossteleccom.net/iptv/WLSHARFG8FUEKR/30183/index.m3u8,saved,output/channel-logos-moldovenesti-full-v2/logos/1265-venera-tv-крепыш-и-команда.png,http://epg.one/img/11564.png,png,165,165,10705,8,
1266,Venera.TV Корги по имени Моко,Copii,11584,http://c137c781.rossteleccom.net/iptv/WLSHARFG8FUEKR/30184/index.m3u8,saved,output/channel-logos-moldovenesti-full-v2/logos/1266-venera-tv-корги-по-имени-моко.png,http://epg.one/img/11564.png,png,165,165,10705,8,
1267,Venera.TV Клуб Микки Мауса,Copii,,http://c137c781.rossteleccom.net/iptv/WLSHARFG8FUEKR/30185/index.m3u8,saved,output/channel-logos-moldovenesti-full-v2/logos/1267-venera-tv-клуб-микки-мауса.png,http://epg.one/img/11564.png,png,165,165,10705,8,
1268,Venera.TV Губка Боб,Copii,11585,http://c137c781.rossteleccom.net/iptv/WLSHARFG8FUEKR/30186/index.m3u8,saved,output/channel-logos-moldovenesti-full-v2/logos/1268-venera-tv-губка-боб.png,http://epg.one/img/11564.png,png,165,165,10705,8,
1269,Venera.TV Гриффины,Copii,11586,http://c137c781.rossteleccom.net/iptv/WLSHARFG8FUEKR/30187/index.m3u8,saved,output/channel-logos-moldovenesti-full-v2/logos/1269-venera-tv-гриффины.png,http://epg.one/img/11564.png,png,165,165,10705,8,
1270,Venera.TV Еноты,Copii,11587,http://c137c781.rossteleccom.net/iptv/WLSHARFG8FUEKR/30188/index.m3u8,saved,output/channel-logos-moldovenesti-full-v2/logos/1270-venera-tv-еноты.png,http://epg.one/img/11564.png,png,165,165,10705,8,
1271,Venera.TV Енотки. Первые слова,Copii,11588,http://c137c781.rossteleccom.net/iptv/WLSHARFG8FUEKR/30189/index.m3u8,saved,output/channel-logos-moldovenesti-full-v2/logos/1271-venera-tv-енотки-первые-слова.png,http://epg.one/img/11564.png,png,165,165,10705,8,
1272,Venera.TV Экстрасенсы,Copii,11589,http://c137c781.rossteleccom.net/iptv/WLSHARFG8FUEKR/30190/index.m3u8,saved,output/channel-logos-moldovenesti-full-v2/logos/1272-venera-tv-экстрасенсы.png,http://epg.one/img/11564.png,png,165,165,10705,8,
1273,Venera.TV Чип и Деил,Copii,11590,http://c137c781.rossteleccom.net/iptv/WLSHARFG8FUEKR/30191/index.m3u8,saved,output/channel-logos-moldovenesti-full-v2/logos/1273-venera-tv-чип-и-деил.png,http://epg.one/img/11564.png,png,165,165,10705,8,
1274,Venera.TV Чудеса на виражах,Copii,11591,http://c137c781.rossteleccom.net/iptv/WLSHARFG8FUEKR/30192/index.m3u8,saved,output/channel-logos-moldovenesti-full-v2/logos/1274-venera-tv-чудеса-на-виражах.png,http://epg.one/img/11564.png,png,165,165,10705,8,
1275,Venera.TV Бивис и Батт,Copii,11592,http://c137c781.rossteleccom.net/iptv/WLSHARFG8FUEKR/30193/index.m3u8,saved,output/channel-logos-moldovenesti-full-v2/logos/1275-venera-tv-бивис-и-батт.png,http://epg.one/img/11564.png,png,165,165,10705,8,
1276,Venera.TV Аладдин,Copii,11593,http://c137c781.rossteleccom.net/iptv/WLSHARFG8FUEKR/30194/index.m3u8,saved,output/channel-logos-moldovenesti-full-v2/logos/1276-venera-tv-аладдин.png,http://epg.one/img/11564.png,png,165,165,10705,8,
1277,Venera.TV Барбоскины,Copii,11594,http://c137c781.rossteleccom.net/iptv/WLSHARFG8FUEKR/30195/index.m3u8,saved,output/channel-logos-moldovenesti-full-v2/logos/1277-venera-tv-барбоскины.png,http://epg.one/img/11594.png,png,165,165,10711,8,
1278,Venera.TV Подводная одиссея,Copii,11595,http://c137c781.rossteleccom.net/iptv/WLSHARFG8FUEKR/30196/index.m3u8,saved,output/channel-logos-moldovenesti-full-v2/logos/1278-venera-tv-подводная-одиссея.png,http://epg.one/img/11564.png,png,165,165,10705,8,
1279,Venera.TV 101 долматинец,Copii,11596,http://c137c781.rossteleccom.net/iptv/WLSHARFG8FUEKR/30198/index.m3u8,saved,output/channel-logos-moldovenesti-full-v2/logos/1279-venera-tv-101-долматинец.png,http://epg.one/img/11564.png,png,165,165,10705,8,
1280,Viju Nature HD,Documentare,viasat-nature-hd,http://c137c781.rossteleccom.net/iptv/WLSHARFG8FUEKR/15225/index.m3u8,saved,output/channel-logos-moldovenesti-full-v2/logos/1280-viju-nature-hd.png,http://iptvx.one/picons/viasat-nature.png,png,200,200,7399,6,
1281,Z!Travel HD,Documentare,,http://c137c781.rossteleccom.net/iptv/WLSHARFG8FUEKR/17063/index.m3u8,saved,output/channel-logos-moldovenesti-full-v2/logos/1281-z-travel-hd.png,http://iptvx.one/picons/z-travel.png,png,200,200,25921,2,
1282,MM Translation HD,Documentare,72932,http://c137c781.rossteleccom.net/iptv/WLSHARFG8FUEKR/18196/index.m3u8,saved,output/channel-logos-moldovenesti-full-v2/logos/1282-mm-translation-hd.png,http://epg.pw/media/images/epg/2024/06/08/20240608040028806601_16.png,png,200,200,18580,5,
1283,MM Experiment HD,Documentare,6845,http://c137c781.rossteleccom.net/iptv/WLSHARFG8FUEKR/19412/index.m3u8,saved,output/channel-logos-moldovenesti-full-v2/logos/1283-mm-experiment-hd.png,http://iptvx.one/picons/minimax-experiment.png,png,200,200,15783,4,
1284,BOX Docu HD,Documentare,7662,http://c137c781.rossteleccom.net/iptv/WLSHARFG8FUEKR/20153/index.m3u8,saved,output/channel-logos-moldovenesti-full-v2/logos/1284-box-docu-hd.png,http://iptvx.one/picons/box-docu.png,png,200,200,12561,4,
1285,Настоящее время HD,Documentare,nastoyaschee-vremya-hd,http://c137c781.rossteleccom.net/iptv/WLSHARFG8FUEKR/9179/index.m3u8,saved,output/channel-logos-moldovenesti-full-v2/logos/1285-настоящее-время-hd.png,http://iptvx.one/picons/nastoiaschee-vremia.png,png,200,200,28169,5,
1286,РЖД ТВ,Documentare,6048,http://c137c781.rossteleccom.net/iptv/WLSHARFG8FUEKR/9118/index.m3u8,saved,output/channel-logos-moldovenesti-full-v2/logos/1286-ржд-тв.png,http://epg.pw/media/images/epg/2024/06/08/20240608022154229879_31.png,png,200,200,21140,5,
1287,Конгресс ТВ HD,Documentare,9078,http://c137c781.rossteleccom.net/iptv/WLSHARFG8FUEKR/2176/index.m3u8,saved,output/channel-logos-moldovenesti-full-v2/logos/1287-конгресс-тв-hd.png,http://iptvx.one/picons/kongresstv.png,png,200,200,15954,4,
1288,Арт,Documentare,9080,http://c137c781.rossteleccom.net/iptv/WLSHARFG8FUEKR/16141/index.m3u8,saved,output/channel-logos-moldovenesti-full-v2/logos/1288-арт.png,http://iptvx.one/picons/art-tv.png,png,200,200,10758,4,
1289,Неизвестная Россия HD,Documentare,neizvestnaya-rossia-hd,http://c137c781.rossteleccom.net/iptv/WLSHARFG8FUEKR/16087/index.m3u8,saved,output/channel-logos-moldovenesti-full-v2/logos/1289-неизвестная-россия-hd.png,http://iptvx.one/picons/neizvestnaya-rosia.png,png,200,200,9197,5,
1290,Доктор HD,Documentare,zdorovoe-tv-hd,http://c137c781.rossteleccom.net/iptv/WLSHARFG8FUEKR/20013/index.m3u8,saved,output/channel-logos-moldovenesti-full-v2/logos/1290-доктор-hd.png,http://iptvx.one/picons/doktor.png,png,200,200,21085,5,
1291,Авто 24 HD,Documentare,avto-24-hd,http://c137c781.rossteleccom.net/iptv/WLSHARFG8FUEKR/20033/index.m3u8,saved,output/channel-logos-moldovenesti-full-v2/logos/1291-авто-24-hd.png,http://iptvx.one/picons/avto24.png,png,200,200,28615,5,
1292,Точка Отрыва HD,Documentare,tochka-otryva,http://c137c781.rossteleccom.net/iptv/WLSHARFG8FUEKR/20034/index.m3u8,saved,output/channel-logos-moldovenesti-full-v2/logos/1292-точка-отрыва-hd.png,https://iptvx.one/picons/tochka-otryva.png,png,200,200,10775,4,
1293,Мужской HD,Documentare,muzhskoj,http://c137c781.rossteleccom.net/iptv/WLSHARFG8FUEKR/20035/index.m3u8,saved,output/channel-logos-moldovenesti-full-v2/logos/1293-мужскои-hd.png,https://iptvx.one/picons/muzhskoj.png,png,200,200,21083,4,
1294,Еда,Documentare,eda,http://c137c781.rossteleccom.net/iptv/WLSHARFG8FUEKR/6009/index.m3u8,saved,output/channel-logos-moldovenesti-full-v2/logos/1294-еда.png,https://iptvx.one/picons/eda.png,png,200,200,24862,4,
1295,Поехали! HD,Documentare,7666,http://c137c781.rossteleccom.net/iptv/WLSHARFG8FUEKR/14020/index.m3u8,saved,output/channel-logos-moldovenesti-full-v2/logos/1295-поехали-hd.png,http://epg.pw/media/images/epg/2024/06/08/20240608035313126378_47.png,png,200,200,6831,4,
1296,Криминальное HD,Documentare,kriminalnoe-hd,http://c137c781.rossteleccom.net/iptv/WLSHARFG8FUEKR/14033/index.m3u8,saved,output/channel-logos-moldovenesti-full-v2/logos/1296-криминальное-hd.png,https://iptvx.one/picons/kriminalnoe-hd.png,png,200,200,27563,4,
1297,Наша Сибирь 4K,Documentare,nasha-sibir-4k,http://c137c781.rossteleccom.net/iptv/WLSHARFG8FUEKR/9330/index.m3u8,saved,output/channel-logos-moldovenesti-full-v2/logos/1297-наша-сибирь-4k.png,https://iptvx.one/picons/nasha-sibir-4k.png,png,200,200,36025,6,
1298,Триколор Душевные песни,Documentare,,http://c137c781.rossteleccom.net/iptv/WLSHARFG8FUEKR/6001/index.m3u8,saved,output/channel-logos-moldovenesti-full-v2/logos/1298-триколор-душевные-песни.png,http://iptvx.one/picons/zal-26-tricolor.png,png,200,200,18371,2,
1299,Инсайт ТВ UHD,Documentare,,http://c137c781.rossteleccom.net/iptv/WLSHARFG8FUEKR/5000/index.m3u8,saved,output/channel-logos-moldovenesti-full-v2/logos/1299-инсаит-тв-uhd.png,http://epg.one/img/2800.png,png,165,165,11652,1,
1300,Охотник и Рыболов HD,Documentare,ohotnik-rybolov-hd,http://c137c781.rossteleccom.net/iptv/WLSHARFG8FUEKR/917/index.m3u8,saved,output/channel-logos-moldovenesti-full-v2/logos/1300-охотник-и-рыболов-hd.png,http://iptvx.one/picons/oxotnik-i-rybolov.png,png,200,200,22813,7,
1301,Живая природа HD,Documentare,zhivaja-priroda-hd,http://c137c781.rossteleccom.net/iptv/WLSHARFG8FUEKR/2074/index.m3u8,saved,output/channel-logos-moldovenesti-full-v2/logos/1301-живая-природа-hd.png,http://iptvx.one/picons/zhivaya-priroda.png,png,200,200,22214,5,
1302,В мире животных HD,Documentare,animal-family-hd,http://c137c781.rossteleccom.net/iptv/WLSHARFG8FUEKR/2089/index.m3u8,saved,output/channel-logos-moldovenesti-full-v2/logos/1302-в-мире-животных-hd.png,http://iptvx.one/picons/v-mire-zhivotnyx.png,png,200,200,37348,5,
1303,Моя Планета HD,Documentare,moya-planeta-hd,http://c137c781.rossteleccom.net/iptv/WLSHARFG8FUEKR/2090/index.m3u8,saved,output/channel-logos-moldovenesti-full-v2/logos/1303-моя-планета-hd.png,http://iptvx.one/picons/moya-planeta.png,png,200,200,18542,6,
1304,Приключения HD,Documentare,teletravel-hd,http://c137c781.rossteleccom.net/iptv/WLSHARFG8FUEKR/920/index.m3u8,saved,output/channel-logos-moldovenesti-full-v2/logos/1304-приключения-hd.png,http://static.g-cdn.app/streams/teletravel-hd.png,png,220,132,12388,3,
1305,Большая Азия HD,Documentare,big-asia-hd,http://c137c781.rossteleccom.net/iptv/WLSHARFG8FUEKR/2009/index.m3u8,saved,output/channel-logos-moldovenesti-full-v2/logos/1305-большая-азия-hd.png,http://iptvx.one/picons/bolshaya-azia.png,png,200,200,39903,5,
1306,Дикая охота HD,Documentare,dikaya-ohota-hd,http://c137c781.rossteleccom.net/iptv/WLSHARFG8FUEKR/2004/index.m3u8,saved,output/channel-logos-moldovenesti-full-v2/logos/1306-дикая-охота-hd.png,http://iptvx.one/picons/dikaya-oxota-hd.png,png,200,200,33782,5,
1307,Дикая рыбалка HD,Documentare,dikaya-rybalka-hd,http://c137c781.rossteleccom.net/iptv/WLSHARFG8FUEKR/2005/index.m3u8,saved,output/channel-logos-moldovenesti-full-v2/logos/1307-дикая-рыбалка-hd.png,https://iptvx.one/picons/dikaya-rybalka-hd.png,png,200,200,36027,4,
1308,Диалоги о рыбалке HD,Documentare,dialogi-rybalka-hd,http://c137c781.rossteleccom.net/iptv/WLSHARFG8FUEKR/2394/index.m3u8,saved,output/channel-logos-moldovenesti-full-v2/logos/1308-диалоги-о-рыбалке-hd.png,http://iptvx.one/picons/dialogi-o-rybalke.png,png,200,200,14922,6,
1309,Загородный int HD,Documentare,zagorodnyy-int-hd,http://c137c781.rossteleccom.net/iptv/WLSHARFG8FUEKR/2124/index.m3u8,saved,output/channel-logos-moldovenesti-full-v2/logos/1309-загородныи-int-hd.png,http://iptvx.one/picons/zagorodny-int.png,png,200,200,25125,5,
1310,Нано ТВ HD,Documentare,,http://c137c781.rossteleccom.net/iptv/WLSHARFG8FUEKR/2135/index.m3u8,saved,output/channel-logos-moldovenesti-full-v2/logos/1310-нано-тв-hd.png,http://epg.one/img/2521.png,png,165,165,37761,2,
1311,Время,Documentare,vremya,http://c137c781.rossteleccom.net/iptv/WLSHARFG8FUEKR/552/index.m3u8,saved,output/channel-logos-moldovenesti-full-v2/logos/1311-время.png,http://iptvx.one/picons/vremia.png,png,200,200,21045,5,
1312,Домашние Животные,Documentare,domashnije-zhivotnye,http://c137c781.rossteleccom.net/iptv/WLSHARFG8FUEKR/158/index.m3u8,saved,output/channel-logos-moldovenesti-full-v2/logos/1312-домашние-животные.png,http://iptvx.one/picons/domashnie-zhivotnye.png,png,200,200,13471,5,
1313,Надежда HD,Documentare,412065,http://c137c781.rossteleccom.net/iptv/WLSHARFG8FUEKR/2153/index.m3u8,saved,output/channel-logos-moldovenesti-full-v2/logos/1313-надежда-hd.png,http://epg.pw/media/images/epg/2025/02/12/20250212023050560715_34.png,png,200,200,23945,4,
1314,Наука HD,Documentare,nauka-hd,http://c137c781.rossteleccom.net/iptv/WLSHARFG8FUEKR/2155/index.m3u8,saved,output/channel-logos-moldovenesti-full-v2/logos/1314-наука-hd.png,http://iptvx.one/picons/nauka.png,png,200,200,43634,5,
1315,Океан HD,Documentare,,http://c137c781.rossteleccom.net/iptv/WLSHARFG8FUEKR/703/index.m3u8,missing,,,,,,,0,no_candidate_logo_url
1316,Бобёр,Documentare,bober,http://c137c781.rossteleccom.net/iptv/WLSHARFG8FUEKR/725/index.m3u8,saved,output/channel-logos-moldovenesti-full-v2/logos/1316-бобер.png,https://iptvx.one/picons/bober.png,png,200,200,24871,6,
1317,Телекафе,Documentare,telekafe,http://c137c781.rossteleccom.net/iptv/WLSHARFG8FUEKR/865/index.m3u8,saved,output/channel-logos-moldovenesti-full-v2/logos/1317-телекафе.png,https://iptvx.one/picons/telekafe.png,png,200,200,74063,4,
1318,Дикий,Documentare,6421,http://c137c781.rossteleccom.net/iptv/WLSHARFG8FUEKR/847/index.m3u8,saved,output/channel-logos-moldovenesti-full-v2/logos/1318-дикии.png,http://epg.pw/media/images/epg/2024/06/08/20240608024233066166_79.png,png,200,200,17224,4,
1319,Охота и рыбалка,Documentare,oxota-rybalka,http://c137c781.rossteleccom.net/iptv/WLSHARFG8FUEKR/2019/index.m3u8,saved,output/channel-logos-moldovenesti-full-v2/logos/1319-охота-и-рыбалка.png,http://iptvx.one/picons/oxota-i-rybalka.png,png,200,200,20598,5,
1320,ЕГЭ ТВ,Documentare,,http://c137c781.rossteleccom.net/iptv/WLSHARFG8FUEKR/2020/index.m3u8,saved,output/channel-logos-moldovenesti-full-v2/logos/1320-егэ-тв.png,http://epg.one/img/2420.png,png,165,165,25337,1,
1321,365 дней ТВ,Documentare,7211,http://c137c781.rossteleccom.net/iptv/WLSHARFG8FUEKR/2040/index.m3u8,saved,output/channel-logos-moldovenesti-full-v2/logos/1321-365-днеи-тв.png,http://epg.pw/media/images/epg/2024/06/08/20240608032726116483_39.png,png,200,200,29502,6,
1322,Телепутешествия,Documentare,teleputeshestvija,http://c137c781.rossteleccom.net/iptv/WLSHARFG8FUEKR/2051/index.m3u8,saved,output/channel-logos-moldovenesti-full-v2/logos/1322-телепутешествия.png,http://iptvx.one/picons/teleputeshestvia.png,png,200,200,28424,4,
1323,Тайна,Documentare,7688,http://c137c781.rossteleccom.net/iptv/WLSHARFG8FUEKR/2059/index.m3u8,saved,output/channel-logos-moldovenesti-full-v2/logos/1323-таина.png,http://epg.pw/media/images/epg/2024/06/08/20240608035415985140_58.png,png,200,200,36470,4,
1324,Оружие,Documentare,oruzhie,http://c137c781.rossteleccom.net/iptv/WLSHARFG8FUEKR/2087/index.m3u8,saved,output/channel-logos-moldovenesti-full-v2/logos/1324-оружие.png,https://iptvx.one/picons/oruzhie.png,png,200,200,17733,3,
1325,Зоо ТВ,Documentare,,http://c137c781.rossteleccom.net/iptv/WLSHARFG8FUEKR/2100/index.m3u8,saved,output/channel-logos-moldovenesti-full-v2/logos/1325-зоо-тв.png,http://iptvx.one/picons/zootv.png,png,200,200,32555,2,
1326,Живая Планета,Documentare,zhivaya-planeta,http://c137c781.rossteleccom.net/iptv/WLSHARFG8FUEKR/2101/index.m3u8,saved,output/channel-logos-moldovenesti-full-v2/logos/1326-живая-планета.png,https://iptvx.one/picons/zhivaya-planeta.png,png,200,200,54542,4,
1327,Наша Тема,Documentare,nasha-tema,http://c137c781.rossteleccom.net/iptv/WLSHARFG8FUEKR/2118/index.m3u8,saved,output/channel-logos-moldovenesti-full-v2/logos/1327-наша-тема.png,https://iptvx.one/picons/nasha-tema.png,png,200,200,49309,5,
1328,Пёс и Ко,Documentare,2434,http://c137c781.rossteleccom.net/iptv/WLSHARFG8FUEKR/2123/index.m3u8,saved,output/channel-logos-moldovenesti-full-v2/logos/1328-пес-и-ко.png,http://iptvx.one/picons/pes-i-ko.png,png,200,200,26396,4,
1329,Мама,Documentare,6999,http://c137c781.rossteleccom.net/iptv/WLSHARFG8FUEKR/704/index.m3u8,saved,output/channel-logos-moldovenesti-full-v2/logos/1329-мама.png,http://epg.pw/media/images/epg/2024/06/08/20240608033116596289_64.png,png,200,200,23812,4,
1330,Первый Вегетарианский,Documentare,7278,http://c137c781.rossteleccom.net/iptv/WLSHARFG8FUEKR/833/index.m3u8,saved,output/channel-logos-moldovenesti-full-v2/logos/1330-первыи-вегетарианскии.png,http://epg.pw/media/images/epg/2024/06/08/20240608033122134542_84.png,png,200,200,16184,6,
1331,Кто Куда,Documentare,,http://c137c781.rossteleccom.net/iptv/WLSHARFG8FUEKR/2112/index.m3u8,saved,output/channel-logos-moldovenesti-full-v2/logos/1331-кто-куда.png,http://iptvx.one/picons/mir-uvlecheniy.png,png,200,200,8268,2,
1332,Т24,Documentare,,http://c137c781.rossteleccom.net/iptv/WLSHARFG8FUEKR/5047/index.m3u8,missing,,,,,,,0,no_candidate_logo_url
1333,Калейдоскоп ТВ,Documentare,2761,http://c137c781.rossteleccom.net/iptv/WLSHARFG8FUEKR/5037/index.m3u8,saved,output/channel-logos-moldovenesti-full-v2/logos/1333-калеидоскоп-тв.png,http://iptvx.one/picons/kaleydoskop.png,png,200,200,18296,4,
1334,История,Documentare,istorija,http://c137c781.rossteleccom.net/iptv/WLSHARFG8FUEKR/111/index.m3u8,saved,output/channel-logos-moldovenesti-full-v2/logos/1334-история.png,http://iptvx.one/picons/istoria.png,png,200,200,16949,4,
1335,Вопросы и ответы,Documentare,voprosy-otvety,http://c137c781.rossteleccom.net/iptv/WLSHARFG8FUEKR/2026/index.m3u8,saved,output/channel-logos-moldovenesti-full-v2/logos/1335-вопросы-и-ответы.png,http://iptvx.one/picons/voprosy-i-otvety.png,png,200,200,15792,5,
1336,Авто Плюс HD,Documentare,auto-plus-hd,http://c137c781.rossteleccom.net/iptv/WLSHARFG8FUEKR/6369/index.m3u8,saved,output/channel-logos-moldovenesti-full-v2/logos/1336-авто-плюс-hd.png,http://iptvx.one/picons/avto-plus.png,png,200,200,9461,5,
1337,Трофей UA,Documentare,,http://c137c781.rossteleccom.net/iptv/WLSHARFG8FUEKR/9076/index.m3u8,saved,output/channel-logos-moldovenesti-full-v2/logos/1337-трофеи-ua.png,http://iptvx.one/picons/trofey.png,png,200,200,5698,2,
1338,Моя Стихия HD,Documentare,morskoj-hd,http://c137c781.rossteleccom.net/iptv/WLSHARFG8FUEKR/7349/index.m3u8,saved,output/channel-logos-moldovenesti-full-v2/logos/1338-моя-стихия-hd.png,http://iptvx.one/picons/morskoy.png,png,200,200,29364,5,
1339,Liberty Планета360 FHD,Documentare,445888,http://c137c781.rossteleccom.net/iptv/WLSHARFG8FUEKR/17026/index.m3u8,saved,output/channel-logos-moldovenesti-full-v2/logos/1339-liberty-планета360-fhd.png,http://epg.pw/media/images/epg/2025/07/19/20250719021836292318_27.png,png,200,200,14204,5,
1340,Liberty Наука FHD,Documentare,445862,http://c137c781.rossteleccom.net/iptv/WLSHARFG8FUEKR/19305/index.m3u8,saved,output/channel-logos-moldovenesti-full-v2/logos/1340-liberty-наука-fhd.png,http://epg.pw/media/images/epg/2025/07/19/20250719021120605212_13.png,png,200,200,11332,5,
1341,Глазами Туриста 4K,Documentare,glazami-turista-4k,http://c137c781.rossteleccom.net/iptv/WLSHARFG8FUEKR/15191/index.m3u8,saved,output/channel-logos-moldovenesti-full-v2/logos/1341-глазами-туриста-4k.png,http://iptvx.one/picons/glazami-turista.png,png,200,200,30497,7,
1342,Первый космический HD,Documentare,eureka-hd,http://c137c781.rossteleccom.net/iptv/WLSHARFG8FUEKR/908/index.m3u8,saved,output/channel-logos-moldovenesti-full-v2/logos/1342-первыи-космическии-hd.png,http://iptvx.one/picons/kosmichesky.png,png,200,200,10905,5,
1343,VF Авто,Documentare,5991,http://c137c781.rossteleccom.net/iptv/WLSHARFG8FUEKR/15511/index.m3u8,saved,output/channel-logos-moldovenesti-full-v2/logos/1343-vf-авто.png,http://epg.one/img/5991.png,png,165,165,27393,3,
1344,VF Охота,Documentare,5992,http://c137c781.rossteleccom.net/iptv/WLSHARFG8FUEKR/15513/index.m3u8,saved,output/channel-logos-moldovenesti-full-v2/logos/1344-vf-охота.png,http://iptvx.one/picons/vf-oxota.png,png,200,200,22128,4,
1345,VF Путешествия,Documentare,5994,http://c137c781.rossteleccom.net/iptv/WLSHARFG8FUEKR/15515/index.m3u8,saved,output/channel-logos-moldovenesti-full-v2/logos/1345-vf-путешествия.png,http://epg.one/img/5994.png,png,165,165,23910,3,
1346,VF Рыбалка,Documentare,6124,http://c137c781.rossteleccom.net/iptv/WLSHARFG8FUEKR/16138/index.m3u8,saved,output/channel-logos-moldovenesti-full-v2/logos/1346-vf-рыбалка.png,http://epg.one/img/6124.png,png,165,165,24151,3,
1347,VF Стройка,Documentare,6125,http://c137c781.rossteleccom.net/iptv/WLSHARFG8FUEKR/16139/index.m3u8,saved,output/channel-logos-moldovenesti-full-v2/logos/1347-vf-строика.png,http://iptvx.one/picons/vf-strojka.png,png,200,200,12963,4,
1348,MM Микромир HD,Documentare,72888,http://c137c781.rossteleccom.net/iptv/WLSHARFG8FUEKR/18193/index.m3u8,saved,output/channel-logos-moldovenesti-full-v2/logos/1348-mm-микромир-hd.png,http://epg.pw/media/images/epg/2024/06/08/20240608032506479237_98.png,png,200,200,16003,5,
1349,MM Макромир HD,Documentare,482882,http://c137c781.rossteleccom.net/iptv/WLSHARFG8FUEKR/18194/index.m3u8,saved,output/channel-logos-moldovenesti-full-v2/logos/1349-mm-макромир-hd.png,http://epg.pw/media/images/epg/2025/11/30/20251130023313583317_28.png,png,200,200,16345,5,
1350,MM Мегамир HD,Documentare,481943,http://c137c781.rossteleccom.net/iptv/WLSHARFG8FUEKR/18195/index.m3u8,saved,output/channel-logos-moldovenesti-full-v2/logos/1350-mm-мегамир-hd.png,http://epg.pw/media/images/epg/2025/11/27/20251127023821768799_11.png,png,200,200,15207,5,
1351,Рыболов HD,Documentare,ohotnik-rybolov,http://c137c781.rossteleccom.net/iptv/WLSHARFG8FUEKR/19254/index.m3u8,saved,output/channel-logos-moldovenesti-full-v2/logos/1351-рыболов-hd.png,http://static.g-cdn.app/streams/ohotnik-rybolov.png,png,220,132,6768,4,
1352,ЖИВИ! HD,Documentare,zhivi-hd,http://c137c781.rossteleccom.net/iptv/WLSHARFG8FUEKR/19252/index.m3u8,saved,output/channel-logos-moldovenesti-full-v2/logos/1352-живи-hd.png,http://iptvx.one/picons/zhivi.png,png,200,200,29775,5,
1353,MM Открытия HD,Documentare,6846,http://c137c781.rossteleccom.net/iptv/WLSHARFG8FUEKR/19415/index.m3u8,saved,output/channel-logos-moldovenesti-full-v2/logos/1353-mm-открытия-hd.png,http://iptvx.one/picons/minimax-otkritiya.png,png,200,200,15356,4,
1354,Вкус HD,Documentare,11349,http://c137c781.rossteleccom.net/iptv/WLSHARFG8FUEKR/31921/index.m3u8,saved,output/channel-logos-moldovenesti-full-v2/logos/1354-вкус-hd.png,http://iptvx.one/picons/vkus.png,png,200,200,20328,4,
1355,Bridge Этно HD,Documentare,11350,http://c137c781.rossteleccom.net/iptv/WLSHARFG8FUEKR/31922/index.m3u8,saved,output/channel-logos-moldovenesti-full-v2/logos/1355-bridge-этно-hd.png,http://iptvx.one/picons/bridge-tv-etno.png,png,200,200,7745,4,
1356,Первый Российский Национальный Канал HD,Documentare,,http://c137c781.rossteleccom.net/iptv/WLSHARFG8FUEKR/31923/index.m3u8,saved,output/channel-logos-moldovenesti-full-v2/logos/1356-первыи-россиискии-национальныи-канал-hd.png,http://iptvx.one/picons/prnk-tv.png,png,200,200,22045,2,
1357,Научпоп HD,Documentare,nautchpop-hd-orig,http://c137c781.rossteleccom.net/iptv/WLSHARFG8FUEKR/31924/index.m3u8,saved,output/channel-logos-moldovenesti-full-v2/logos/1357-научпоп-hd.png,http://iptvx.one/picons/nauchpop.png,png,200,200,33971,4,
1358,Наше Наследие HD,Documentare,nashe-nasledie-hd,http://c137c781.rossteleccom.net/iptv/WLSHARFG8FUEKR/31934/index.m3u8,saved,output/channel-logos-moldovenesti-full-v2/logos/1358-наше-наследие-hd.png,http://iptvx.one/picons/nashe-nasledie.png,png,200,200,10653,5,
1359,Venera.TV Космос,Documentare,11553,http://c137c781.rossteleccom.net/iptv/WLSHARFG8FUEKR/30197/index.m3u8,saved,output/channel-logos-moldovenesti-full-v2/logos/1359-venera-tv-космос.png,http://epg.one/img/11564.png,png,165,165,10705,8,
1360,2x2 HD,Divertisment,2x2,http://c137c781.rossteleccom.net/iptv/WLSHARFG8FUEKR/31913/index.m3u8,saved,output/channel-logos-moldovenesti-full-v2/logos/1360-2x2-hd.png,https://iptvx.one/picons/2x2.png,png,200,200,4760,4,
1361,Viva Vintage HD IL,Divertisment,11373,http://c137c781.rossteleccom.net/iptv/WLSHARFG8FUEKR/31937/index.m3u8,saved,output/channel-logos-moldovenesti-full-v2/logos/1361-viva-vintage-hd-il.png,http://static.g-cdn.app/streams/viva-vintage-il.png,png,220,132,12886,4,
1362,HOT Bidur FHD IL,Divertisment,,http://c137c781.rossteleccom.net/iptv/WLSHARFG8FUEKR/31938/index.m3u8,saved,output/channel-logos-moldovenesti-full-v2/logos/1362-hot-bidur-fhd-il.png,http://epg.one/img/11501.png,png,165,165,36231,1,
1363,Luli SD IL,Divertisment,,http://c137c781.rossteleccom.net/iptv/WLSHARFG8FUEKR/31939/index.m3u8,saved,output/channel-logos-moldovenesti-full-v2/logos/1363-luli-sd-il.png,http://static.g-cdn.app/streams/luli-il.png,png,220,132,20997,2,
1364,HOT Senior HD IL,Divertisment,11375,http://c137c781.rossteleccom.net/iptv/WLSHARFG8FUEKR/31940/index.m3u8,saved,output/channel-logos-moldovenesti-full-v2/logos/1364-hot-senior-hd-il.png,http://static.g-cdn.app/streams/hot-senior-il-hd.png,png,220,132,29750,4,
1365,Драйв HD,Divertisment,drive-hd,http://c137c781.rossteleccom.net/iptv/WLSHARFG8FUEKR/9068/index.m3u8,saved,output/channel-logos-moldovenesti-full-v2/logos/1365-драив-hd.png,http://iptvx.one/picons/drive.png,png,200,200,5390,4,
1366,VF Орел и решка,Divertisment,9328,http://c137c781.rossteleccom.net/iptv/WLSHARFG8FUEKR/31476/index.m3u8,saved,output/channel-logos-moldovenesti-full-v2/logos/1366-vf-орел-и-решка.png,http://iptvx.one/picons/beetv-oir.png,png,200,200,22112,5,
1367,VF Маски Шоу,Divertisment,9232,http://c137c781.rossteleccom.net/iptv/WLSHARFG8FUEKR/31556/index.m3u8,saved,output/channel-logos-moldovenesti-full-v2/logos/1367-vf-маски-шоу.png,http://iptvx.one/picons/vf-maski.png,png,200,200,15818,4,
1368,Zоопарк HD,Divertisment,,http://c137c781.rossteleccom.net/iptv/WLSHARFG8FUEKR/9097/index.m3u8,missing,,,,,,,0,no_candidate_logo_url
1369,Аппетитный HD,Divertisment,9331,http://c137c781.rossteleccom.net/iptv/WLSHARFG8FUEKR/9067/index.m3u8,saved,output/channel-logos-moldovenesti-full-v2/logos/1369-аппетитныи-hd.png,http://iptvx.one/picons/appetitny.png,png,200,200,8427,4,
1370,CineMan Фитнес,Divertisment,8753,http://c137c781.rossteleccom.net/iptv/WLSHARFG8FUEKR/31629/index.m3u8,saved,output/channel-logos-moldovenesti-full-v2/logos/1370-cineman-фитнес.png,http://iptvx.one/picons/cineman-fitnes.png,png,200,200,20975,4,
1371,VF Каламбур,Divertisment,9233,http://c137c781.rossteleccom.net/iptv/WLSHARFG8FUEKR/31557/index.m3u8,saved,output/channel-logos-moldovenesti-full-v2/logos/1371-vf-каламбур.png,http://iptvx.one/picons/vf-kalambur.png,png,200,200,14415,4,
1372,Усадьба HD,Divertisment,usadba-hd,http://c137c781.rossteleccom.net/iptv/WLSHARFG8FUEKR/9071/index.m3u8,saved,output/channel-logos-moldovenesti-full-v2/logos/1372-усадьба-hd.png,http://iptvx.one/picons/usadba.png,png,200,200,17160,5,
1373,Лапки Live HD,Divertisment,lapki-live-hd,http://c137c781.rossteleccom.net/iptv/WLSHARFG8FUEKR/2028/index.m3u8,saved,output/channel-logos-moldovenesti-full-v2/logos/1373-лапки-live-hd.png,http://iptvx.one/picons/lapki-live.png,png,200,200,7738,5,
1374,Кухня HD,Divertisment,,http://c137c781.rossteleccom.net/iptv/WLSHARFG8FUEKR/15132/index.m3u8,missing,,,,,,,0,no_candidate_logo_url
1375,Ключ HD,Divertisment,9156,http://c137c781.rossteleccom.net/iptv/WLSHARFG8FUEKR/20041/index.m3u8,saved,output/channel-logos-moldovenesti-full-v2/logos/1375-ключ-hd.png,http://iptvx.one/picons/kluch.png,png,200,200,4539,4,
1376,VF Концерты,Divertisment,7663,http://c137c781.rossteleccom.net/iptv/WLSHARFG8FUEKR/14159/index.m3u8,saved,output/channel-logos-moldovenesti-full-v2/logos/1376-vf-концерты.png,http://iptvx.one/picons/vf-koncerty.png,png,200,200,14301,4,
1377,VF КВН,Divertisment,7664,http://c137c781.rossteleccom.net/iptv/WLSHARFG8FUEKR/14170/index.m3u8,saved,output/channel-logos-moldovenesti-full-v2/logos/1377-vf-квн.png,http://iptvx.one/picons/vf-kvn.png,png,200,200,21117,4,
1378,Большой Эфир HD,Divertisment,7667,http://c137c781.rossteleccom.net/iptv/WLSHARFG8FUEKR/14012/index.m3u8,saved,output/channel-logos-moldovenesti-full-v2/logos/1378-большои-эфир-hd.png,http://iptvx.one/picons/bolshoj-efir.png,png,200,200,11547,4,
1379,Солнце,Divertisment,solnce,http://c137c781.rossteleccom.net/iptv/WLSHARFG8FUEKR/872/index.m3u8,saved,output/channel-logos-moldovenesti-full-v2/logos/1379-солнце.png,https://iptvx.one/picons/solnce.png,png,200,200,17092,4,
1380,Точка.РФ FHD,Divertisment,hd-life,http://c137c781.rossteleccom.net/iptv/WLSHARFG8FUEKR/226/index.m3u8,saved,output/channel-logos-moldovenesti-full-v2/logos/1380-точка-рф-fhd.png,http://iptvx.one/picons/hdl.png,png,200,200,5635,5,
1381,Арсенал HD,Divertisment,arsenal-hd,http://c137c781.rossteleccom.net/iptv/WLSHARFG8FUEKR/5044/index.m3u8,saved,output/channel-logos-moldovenesti-full-v2/logos/1381-арсенал-hd.png,http://static.g-cdn.app/streams/arsenal-hd.png,png,220,132,32261,3,
1382,Анекдот ТВ,Divertisment,2760,http://c137c781.rossteleccom.net/iptv/WLSHARFG8FUEKR/5034/index.m3u8,saved,output/channel-logos-moldovenesti-full-v2/logos/1382-анекдот-тв.png,http://iptvx.one/picons/anekdottv.png,png,200,200,28969,4,
1383,Театр,Divertisment,6687,http://c137c781.rossteleccom.net/iptv/WLSHARFG8FUEKR/2431/index.m3u8,saved,output/channel-logos-moldovenesti-full-v2/logos/1383-театр.png,http://epg.pw/media/images/epg/2024/06/08/20240608025740900274_88.png,png,200,200,21106,5,
1384,Продвижение,Divertisment,6370,http://c137c781.rossteleccom.net/iptv/WLSHARFG8FUEKR/851/index.m3u8,saved,output/channel-logos-moldovenesti-full-v2/logos/1384-продвижение.png,http://epg.pw/media/images/epg/2024/06/08/20240608023954261022_10.png,png,200,200,8550,4,
1385,ТНТ4 HD,Divertisment,tnt4-hd,http://c137c781.rossteleccom.net/iptv/WLSHARFG8FUEKR/6370/index.m3u8,saved,output/channel-logos-moldovenesti-full-v2/logos/1385-тнт4-hd.png,http://static.g-cdn.app/streams/tnt4-hd.png,png,220,132,18758,4,
1386,Зал Суда HD,Divertisment,zal-suda-hd,http://c137c781.rossteleccom.net/iptv/WLSHARFG8FUEKR/7141/index.m3u8,saved,output/channel-logos-moldovenesti-full-v2/logos/1386-зал-суда-hd.png,http://iptvx.one/picons/zal-suda.png,png,200,200,66908,5,
1387,Загородная Жизнь HD,Divertisment,zagorodnaya-zhizn,http://c137c781.rossteleccom.net/iptv/WLSHARFG8FUEKR/7348/index.m3u8,saved,output/channel-logos-moldovenesti-full-v2/logos/1387-загородная-жизнь-hd.png,https://iptvx.one/picons/zagorodnaya-zhizn.png,png,200,200,12062,4,
1388,StrahTV Назад в 90-e,Divertisment,,http://c137c781.rossteleccom.net/iptv/WLSHARFG8FUEKR/11067/index.m3u8,saved,output/channel-logos-moldovenesti-full-v2/logos/1388-strahtv-назад-в-90-e.png,http://iptvx.one/picons/minimax-krutie-90-e.png,png,200,200,17412,8,
1389,Liberty Авто Гир FHD,Divertisment,,http://c137c781.rossteleccom.net/iptv/WLSHARFG8FUEKR/15109/index.m3u8,saved,output/channel-logos-moldovenesti-full-v2/logos/1389-liberty-авто-гир-fhd.png,http://epg.one/img/5599.png,png,165,165,18139,1,
1390,Liberty Занавес  HD,Divertisment,445887,http://c137c781.rossteleccom.net/iptv/WLSHARFG8FUEKR/17028/index.m3u8,saved,output/channel-logos-moldovenesti-full-v2/logos/1390-liberty-занавес-hd.png,http://epg.pw/media/images/epg/2025/07/19/20250719021825565119_39.png,png,200,200,12536,5,
1391,Liberty Шоу FHD,Divertisment,445869,http://c137c781.rossteleccom.net/iptv/WLSHARFG8FUEKR/17030/index.m3u8,saved,output/channel-logos-moldovenesti-full-v2/logos/1391-liberty-шоу-fhd.png,http://epg.pw/media/images/epg/2025/07/19/20250719021303148162_65.png,png,200,200,10110,5,
1392,Перец International,Divertisment,,http://c137c781.rossteleccom.net/iptv/WLSHARFG8FUEKR/15227/index.m3u8,saved,output/channel-logos-moldovenesti-full-v2/logos/1392-перец-international.png,http://iptvx.one/picons/perec-int.png,png,200,200,5529,2,
1393,VB ОСП-Студия,Divertisment,,http://c137c781.rossteleccom.net/iptv/WLSHARFG8FUEKR/16004/index.m3u8,saved,output/channel-logos-moldovenesti-full-v2/logos/1393-vb-осп-студия.png,http://epg.one/img/6020.png,png,165,165,31095,1,
1394,VB Осторожно Модерн,Divertisment,,http://c137c781.rossteleccom.net/iptv/WLSHARFG8FUEKR/16005/index.m3u8,saved,output/channel-logos-moldovenesti-full-v2/logos/1394-vb-осторожно-модерн.png,http://epg.one/img/6021.png,png,165,165,32511,1,
1395,VF Юмор 18+,Divertisment,6129,http://c137c781.rossteleccom.net/iptv/WLSHARFG8FUEKR/16137/index.m3u8,saved,output/channel-logos-moldovenesti-full-v2/logos/1395-vf-юмор-18.png,http://iptvx.one/picons/vf-yumor18.png,png,200,200,14445,4,
1396,VF Уральские пельмени,Divertisment,6417,http://c137c781.rossteleccom.net/iptv/WLSHARFG8FUEKR/18198/index.m3u8,saved,output/channel-logos-moldovenesti-full-v2/logos/1396-vf-уральские-пельмени.png,http://iptvx.one/picons/vf-uralskie-pelmeni.png,png,200,200,20472,4,
1397,VF Кухня,Divertisment,6418,http://c137c781.rossteleccom.net/iptv/WLSHARFG8FUEKR/18199/index.m3u8,saved,output/channel-logos-moldovenesti-full-v2/logos/1397-vf-кухня.png,http://iptvx.one/picons/vf-kuxnia.png,png,200,200,16521,4,
1398,VF Баня,Divertisment,6419,http://c137c781.rossteleccom.net/iptv/WLSHARFG8FUEKR/18200/index.m3u8,saved,output/channel-logos-moldovenesti-full-v2/logos/1398-vf-баня.png,http://iptvx.one/picons/vf-bania.png,png,200,200,13933,4,
1399,VF Однажды в России,Divertisment,6706,http://c137c781.rossteleccom.net/iptv/WLSHARFG8FUEKR/19286/index.m3u8,saved,output/channel-logos-moldovenesti-full-v2/logos/1399-vf-однажды-в-россии.png,http://iptvx.one/picons/vf-odnazhdyvr.png,png,200,200,19893,5,
1400,Плюс/Минус 16 HD,Divertisment,11371,http://c137c781.rossteleccom.net/iptv/WLSHARFG8FUEKR/31916/index.m3u8,saved,output/channel-logos-moldovenesti-full-v2/logos/1400-плюс-минус-16-hd.png,http://iptvx.one/picons/ruskorabl.png,png,200,200,13331,4,
1401,ТВЦ HD,Regionale,tvc-hd,http://c137c781.rossteleccom.net/iptv/WLSHARFG8FUEKR/19222/index.m3u8,saved,output/channel-logos-moldovenesti-full-v2/logos/1401-твц-hd.png,http://static.g-cdn.app/streams/tvc-hd.png,png,220,132,4921,4,
1402,Мир Белогорья HD,Regionale,146048,http://c137c781.rossteleccom.net/iptv/WLSHARFG8FUEKR/20126/index.m3u8,saved,output/channel-logos-moldovenesti-full-v2/logos/1402-мир-белогорья-hd.png,http://iptvx.one/picons/mir-belogoria.png,png,200,200,10401,5,
1403,Sochi Live HD,Regionale,6035,http://c137c781.rossteleccom.net/iptv/WLSHARFG8FUEKR/16038/index.m3u8,saved,output/channel-logos-moldovenesti-full-v2/logos/1403-sochi-live-hd.png,http://epg.one/img/6035.png,png,165,165,11107,3,
1404,Среда HD (Каспийск),Regionale,,http://c137c781.rossteleccom.net/iptv/WLSHARFG8FUEKR/16002/index.m3u8,saved,output/channel-logos-moldovenesti-full-v2/logos/1404-среда-hd-каспииск.png,http://epg.one/img/9083.png,png,165,165,11178,1,
1405,Якутия 24,Regionale,9185,http://c137c781.rossteleccom.net/iptv/WLSHARFG8FUEKR/20015/index.m3u8,saved,output/channel-logos-moldovenesti-full-v2/logos/1405-якутия-24.png,http://iptvx.one/picons/yakutia24.png,png,200,200,8403,4,
1406,Сургут 1 HD,Regionale,,http://c137c781.rossteleccom.net/iptv/WLSHARFG8FUEKR/19391/index.m3u8,saved,output/channel-logos-moldovenesti-full-v2/logos/1406-сургут-1-hd.png,http://epg.one/img/6792.png,png,165,165,8126,1,
1407,Сибирь 24 HD,Regionale,9079,http://c137c781.rossteleccom.net/iptv/WLSHARFG8FUEKR/16000/index.m3u8,saved,output/channel-logos-moldovenesti-full-v2/logos/1407-сибирь-24-hd.png,http://iptvx.one/picons/sibir24.png,png,200,200,9600,4,
1408,ТНР 24 HD (Нижневартовск),Regionale,496151,http://c137c781.rossteleccom.net/iptv/WLSHARFG8FUEKR/16028/index.m3u8,saved,output/channel-logos-moldovenesti-full-v2/logos/1408-тнр-24-hd-нижневартовск.png,http://epg.pw/media/images/epg/2026/01/24/20260124021607438614_74.png,png,200,200,24318,5,
1409,Мегаполис HD (Югра),Regionale,,http://c137c781.rossteleccom.net/iptv/WLSHARFG8FUEKR/16027/index.m3u8,saved,output/channel-logos-moldovenesti-full-v2/logos/1409-мегаполис-hd-югра.png,http://epg.one/img/9120.png,png,165,165,12825,1,
1410,Санкт-Петербург,Regionale,sankt-peterburg,http://c137c781.rossteleccom.net/iptv/WLSHARFG8FUEKR/715/index.m3u8,saved,output/channel-logos-moldovenesti-full-v2/logos/1410-санкт-петербург.png,https://iptvx.one/picons/sankt-peterburg.png,png,200,200,11463,7,
1411,ТНВ Планета (Татарстан),Regionale,,http://c137c781.rossteleccom.net/iptv/WLSHARFG8FUEKR/515/index.m3u8,saved,output/channel-logos-moldovenesti-full-v2/logos/1411-тнв-планета-татарстан.png,http://iptvx.one/picons/tnv.png,png,200,200,33723,2,
1412,Крым 24,Regionale,6911,http://c137c781.rossteleccom.net/iptv/WLSHARFG8FUEKR/2143/index.m3u8,saved,output/channel-logos-moldovenesti-full-v2/logos/1412-крым-24.png,http://epg.pw/media/images/epg/2024/06/08/20240608031030488451_11.png,png,200,200,28842,5,
1413,Первый Крымский,Regionale,2472,http://c137c781.rossteleccom.net/iptv/WLSHARFG8FUEKR/2139/index.m3u8,saved,output/channel-logos-moldovenesti-full-v2/logos/1413-первыи-крымскии.png,http://iptvx.one/picons/pervy-krymsky.png,png,200,200,8643,4,
1414,Архыз 24 HD (Черкесск),Regionale,,http://c137c781.rossteleccom.net/iptv/WLSHARFG8FUEKR/1049/index.m3u8,saved,output/channel-logos-moldovenesti-full-v2/logos/1414-архыз-24-hd-черкесск.png,http://iptvx.one/picons/arxyz24.png,png,200,200,20888,2,
1415,Астрахань 24 HD,Regionale,6714,http://c137c781.rossteleccom.net/iptv/WLSHARFG8FUEKR/16149/index.m3u8,saved,output/channel-logos-moldovenesti-full-v2/logos/1415-астрахань-24-hd.png,http://epg.pw/media/images/epg/2024/06/08/20240608025918675195_33.png,png,200,200,14390,6,
1416,Башкортостан 24 HD,Regionale,6939,http://c137c781.rossteleccom.net/iptv/WLSHARFG8FUEKR/832/index.m3u8,saved,output/channel-logos-moldovenesti-full-v2/logos/1416-башкортостан-24-hd.png,http://epg.pw/media/images/epg/2024/06/08/20240608021550206678_24.png,png,200,200,9458,5,
1417,Грозный,Regionale,2169,http://c137c781.rossteleccom.net/iptv/WLSHARFG8FUEKR/855/index.m3u8,saved,output/channel-logos-moldovenesti-full-v2/logos/1417-грозныи.png,http://iptvx.one/picons/grozny.png,png,200,200,20999,4,
1418,Москва доверие,Regionale,moskva-doverie,http://c137c781.rossteleccom.net/iptv/WLSHARFG8FUEKR/869/index.m3u8,saved,output/channel-logos-moldovenesti-full-v2/logos/1418-москва-доверие.png,http://iptvx.one/picons/doverie.png,png,200,200,20639,5,
1419,БСТ HD,Regionale,5980,http://c137c781.rossteleccom.net/iptv/WLSHARFG8FUEKR/2115/index.m3u8,saved,output/channel-logos-moldovenesti-full-v2/logos/1419-бст-hd.png,http://epg.pw/media/images/epg/2024/06/08/20240608021816557722_62.png,png,200,200,22958,3,
1420,НТК (Калмыкия),Regionale,,http://c137c781.rossteleccom.net/iptv/WLSHARFG8FUEKR/2066/index.m3u8,saved,output/channel-logos-moldovenesti-full-v2/logos/1420-нтк-калмыкия.png,http://epg.one/img/2459.png,png,165,165,11626,1,
1421,Толк HD (Барнаул),Regionale,,http://c137c781.rossteleccom.net/iptv/WLSHARFG8FUEKR/2140/index.m3u8,saved,output/channel-logos-moldovenesti-full-v2/logos/1421-толк-hd-барнаул.png,http://epg.one/img/2473.png,png,165,165,23838,1,
1422,Сочи 24 HD,Regionale,,http://c137c781.rossteleccom.net/iptv/WLSHARFG8FUEKR/9040/index.m3u8,saved,output/channel-logos-moldovenesti-full-v2/logos/1422-сочи-24-hd.png,http://iptvx.one/picons/sochi24.png,png,200,200,8819,2,
1423,Эхо ТВ,Regionale,,http://c137c781.rossteleccom.net/iptv/WLSHARFG8FUEKR/9339/index.m3u8,saved,output/channel-logos-moldovenesti-full-v2/logos/1423-эхо-тв.png,http://iptvx.one/picons/echotv24.png,png,200,200,22597,2,
1424,НСК 49 (Новосибирск),Regionale,,http://c137c781.rossteleccom.net/iptv/WLSHARFG8FUEKR/10034/index.m3u8,saved,output/channel-logos-moldovenesti-full-v2/logos/1424-нск-49-новосибирск.png,http://epg.one/img/4625.png,png,165,165,23707,1,
1425,Катунь 24 (Барнаул),Regionale,,http://c137c781.rossteleccom.net/iptv/WLSHARFG8FUEKR/15282/index.m3u8,saved,output/channel-logos-moldovenesti-full-v2/logos/1425-катунь-24-барнаул.png,http://iptvx.one/picons/katun-24.png,png,200,200,11614,2,
1426,Томское время,Regionale,5796,http://c137c781.rossteleccom.net/iptv/WLSHARFG8FUEKR/15299/index.m3u8,saved,output/channel-logos-moldovenesti-full-v2/logos/1426-томское-время.png,http://epg.pw/media/images/epg/2024/06/08/20240608020720745538_37.png,png,200,200,11168,5,
1427,Вся Уфа,Regionale,5722,http://c137c781.rossteleccom.net/iptv/WLSHARFG8FUEKR/15300/index.m3u8,saved,output/channel-logos-moldovenesti-full-v2/logos/1427-вся-уфа.png,http://iptvx.one/picons/vsia-ufa.png,png,200,200,21674,4,
1428,Матур ТВ HD (Башкортостан),Regionale,,http://c137c781.rossteleccom.net/iptv/WLSHARFG8FUEKR/15352/index.m3u8,saved,output/channel-logos-moldovenesti-full-v2/logos/1428-матур-тв-hd-башкортостан.png,http://iptvx.one/picons/matur-tv.png,png,200,200,9715,2,
1429,АТВ Ставрополь,Regionale,5767,http://c137c781.rossteleccom.net/iptv/WLSHARFG8FUEKR/15354/index.m3u8,saved,output/channel-logos-moldovenesti-full-v2/logos/1429-атв-ставрополь.png,http://epg.one/img/5767.png,png,165,165,10784,3,
1430,РТС (Абакан),Regionale,86935,http://c137c781.rossteleccom.net/iptv/WLSHARFG8FUEKR/15365/index.m3u8,saved,output/channel-logos-moldovenesti-full-v2/logos/1430-ртс-абакан.png,http://epg.pw/media/images/epg/2024/06/08/20240608034555673309_65.png,png,200,200,8963,5,
1431,Абакан 24,Regionale,481921,http://c137c781.rossteleccom.net/iptv/WLSHARFG8FUEKR/15366/index.m3u8,saved,output/channel-logos-moldovenesti-full-v2/logos/1431-абакан-24.png,http://epg.pw/media/images/epg/2025/11/27/20251127022152555378_61.png,png,200,200,9533,5,
1432,Осетия Ирыстон HD,Regionale,450823,http://c137c781.rossteleccom.net/iptv/WLSHARFG8FUEKR/15402/index.m3u8,saved,output/channel-logos-moldovenesti-full-v2/logos/1432-осетия-ирыстон-hd.png,http://epg.pw/media/images/epg/2025/08/14/20250814023059985137_16.png,png,200,200,13878,5,
1433,Липецкое время HD,Regionale,6797,http://c137c781.rossteleccom.net/iptv/WLSHARFG8FUEKR/15406/index.m3u8,saved,output/channel-logos-moldovenesti-full-v2/logos/1433-липецкое-время-hd.png,http://epg.pw/media/images/epg/2024/06/08/20240608030403231580_24.png,png,200,200,21053,5,
1434,Аист ТВ (Иркутск),Regionale,,http://c137c781.rossteleccom.net/iptv/WLSHARFG8FUEKR/15414/index.m3u8,saved,output/channel-logos-moldovenesti-full-v2/logos/1434-аист-тв-иркутск.png,http://epg.one/img/5816.png,png,165,165,12164,1,
1435,Енисей (Красноярск),Regionale,,http://c137c781.rossteleccom.net/iptv/WLSHARFG8FUEKR/15418/index.m3u8,saved,output/channel-logos-moldovenesti-full-v2/logos/1435-енисеи-красноярск.png,http://epg.one/img/5819.png,png,165,165,9220,1,
1436,7 канал (Красноярск),Regionale,6978,http://c137c781.rossteleccom.net/iptv/WLSHARFG8FUEKR/15422/index.m3u8,saved,output/channel-logos-moldovenesti-full-v2/logos/1436-7-канал-красноярск.png,http://epg.pw/media/images/epg/2024/06/08/20240608031420778111_85.png,png,200,200,15576,8,
1437,Афонтово (Красноярск),Regionale,6467,http://c137c781.rossteleccom.net/iptv/WLSHARFG8FUEKR/15423/index.m3u8,saved,output/channel-logos-moldovenesti-full-v2/logos/1437-афонтово-красноярск.png,http://epg.pw/media/images/epg/2024/06/08/20240608033119017725_26.png,png,200,200,8354,5,
1438,8 канал (Красноярский край),Regionale,7253,http://c137c781.rossteleccom.net/iptv/WLSHARFG8FUEKR/15424/index.m3u8,saved,output/channel-logos-moldovenesti-full-v2/logos/1438-8-канал-красноярскии-краи.png,http://iptvx.one/picons/8by.png,png,200,200,32436,8,
1439,Центр (Красноярск),Regionale,477698,http://c137c781.rossteleccom.net/iptv/WLSHARFG8FUEKR/15425/index.m3u8,saved,output/channel-logos-moldovenesti-full-v2/logos/1439-центр-красноярск.png,http://epg.pw/media/images/epg/2025/11/07/20251107024250621896_64.png,png,200,200,22392,5,
1440,Белгород 24,Regionale,5831,http://c137c781.rossteleccom.net/iptv/WLSHARFG8FUEKR/15430/index.m3u8,saved,output/channel-logos-moldovenesti-full-v2/logos/1440-белгород-24.png,http://iptvx.one/picons/belgorod24.png,png,200,200,10482,4,
1441,12 канал (Омск),Regionale,5969,http://c137c781.rossteleccom.net/iptv/WLSHARFG8FUEKR/15444/index.m3u8,saved,output/channel-logos-moldovenesti-full-v2/logos/1441-12-канал-омск.png,http://epg.pw/media/images/epg/2024/06/08/20240608021732252294_94.png,png,200,200,24092,7,
1442,Первый городской (Омск),Regionale,5855,http://c137c781.rossteleccom.net/iptv/WLSHARFG8FUEKR/15463/index.m3u8,saved,output/channel-logos-moldovenesti-full-v2/logos/1442-первыи-городскои-омск.png,http://iptvx.one/picons/pervy-gorodskoy-kirov.png,png,200,200,30870,8,
1443,Новый век (Тамбов),Regionale,489584,http://c137c781.rossteleccom.net/iptv/WLSHARFG8FUEKR/15474/index.m3u8,saved,output/channel-logos-moldovenesti-full-v2/logos/1443-новыи-век-тамбов.png,http://epg.pw/media/images/epg/2025/12/30/20251230022214373058_53.png,png,200,200,11994,5,
1444,Продвижение (Тамбов),Regionale,,http://c137c781.rossteleccom.net/iptv/WLSHARFG8FUEKR/15475/index.m3u8,saved,output/channel-logos-moldovenesti-full-v2/logos/1444-продвижение-тамбов.png,http://epg.one/img/2297.png,png,165,165,18685,1,
1445,Евразия HD (Орск),Regionale,,http://c137c781.rossteleccom.net/iptv/WLSHARFG8FUEKR/19236/index.m3u8,saved,output/channel-logos-moldovenesti-full-v2/logos/1445-евразия-hd-орск.png,http://iptvx.one/picons/evrasia.png,png,200,200,10994,2,
1446,ЯПервый HD (Ярославль),Regionale,88051,http://c137c781.rossteleccom.net/iptv/WLSHARFG8FUEKR/19220/index.m3u8,saved,output/channel-logos-moldovenesti-full-v2/logos/1446-япервыи-hd-ярославль.png,http://epg.one/img/88051.png,png,165,165,8713,3,
1447,Югра,Regionale,4640,http://c137c781.rossteleccom.net/iptv/WLSHARFG8FUEKR/19256/index.m3u8,saved,output/channel-logos-moldovenesti-full-v2/logos/1447-югра.png,http://iptvx.one/picons/yugra.png,png,200,200,9909,4,
1448,ОТВ (Екатеринбург),Regionale,7539,http://c137c781.rossteleccom.net/iptv/WLSHARFG8FUEKR/19261/index.m3u8,saved,output/channel-logos-moldovenesti-full-v2/logos/1448-отв-екатеринбург.png,http://epg.pw/media/images/epg/2024/06/08/20240608034634346928_91.png,png,200,200,8836,6,
1449,Миллет HD (Крым),Regionale,,http://c137c781.rossteleccom.net/iptv/WLSHARFG8FUEKR/19258/index.m3u8,saved,output/channel-logos-moldovenesti-full-v2/logos/1449-миллет-hd-крым.png,http://epg.one/img/6680.png,png,165,165,21152,1,
1450,Панорама ТВ HD (Тверь),Regionale,63693,http://c137c781.rossteleccom.net/iptv/WLSHARFG8FUEKR/19339/index.m3u8,saved,output/channel-logos-moldovenesti-full-v2/logos/1450-панорама-тв-hd-тверь.png,http://epg.pw/media/images/epg/2024/06/08/20240608033548830690_65.png,png,200,200,6686,5,
1451,Обком ТВ (Омск),Regionale,,http://c137c781.rossteleccom.net/iptv/WLSHARFG8FUEKR/19340/index.m3u8,saved,output/channel-logos-moldovenesti-full-v2/logos/1451-обком-тв-омск.png,http://epg.one/img/6743.png,png,165,165,9621,1,
1452,ННТВ HD (Нижний Новгород),Regionale,,http://c137c781.rossteleccom.net/iptv/WLSHARFG8FUEKR/19343/index.m3u8,saved,output/channel-logos-moldovenesti-full-v2/logos/1452-ннтв-hd-нижнии-новгород.png,http://iptvx.one/picons/tvs-9kanal.png,png,200,200,16603,6,
1453,450 (Самара),Regionale,88052,http://c137c781.rossteleccom.net/iptv/WLSHARFG8FUEKR/19347/index.m3u8,saved,output/channel-logos-moldovenesti-full-v2/logos/1453-450-самара.png,http://epg.one/img/88052.png,png,165,165,6663,3,
1454,Губерния (Хабаровск),Regionale,,http://c137c781.rossteleccom.net/iptv/WLSHARFG8FUEKR/19348/index.m3u8,saved,output/channel-logos-moldovenesti-full-v2/logos/1454-губерния-хабаровск.png,http://epg.one/img/6751.png,png,165,165,11452,1,
1455,Городской телеканал (Ярославль),Regionale,7816,http://c137c781.rossteleccom.net/iptv/WLSHARFG8FUEKR/19349/index.m3u8,saved,output/channel-logos-moldovenesti-full-v2/logos/1455-городскои-телеканал-ярославль.png,http://epg.pw/media/images/epg/2024/06/08/20240608040148592547_45.png,png,200,200,7487,5,
1456,Волга 24 HD (Нижний Новгород),Regionale,,http://c137c781.rossteleccom.net/iptv/WLSHARFG8FUEKR/19353/index.m3u8,saved,output/channel-logos-moldovenesti-full-v2/logos/1456-волга-24-hd-нижнии-новгород.png,http://iptvx.one/picons/telekon24-nt.png,png,200,200,18733,8,
1457,Волга HD (Нижний Новгород),Regionale,,http://c137c781.rossteleccom.net/iptv/WLSHARFG8FUEKR/19354/index.m3u8,saved,output/channel-logos-moldovenesti-full-v2/logos/1457-волга-hd-нижнии-новгород.png,http://iptvx.one/picons/tvs-9kanal.png,png,200,200,16603,6,
1458,Самара ГИС HD,Regionale,,http://c137c781.rossteleccom.net/iptv/WLSHARFG8FUEKR/19357/index.m3u8,saved,output/channel-logos-moldovenesti-full-v2/logos/1458-самара-гис-hd.png,http://epg.one/img/6760.png,png,165,165,10418,1,
1459,СГДФ 24 HD (Свердловск),Regionale,,http://c137c781.rossteleccom.net/iptv/WLSHARFG8FUEKR/19359/index.m3u8,saved,output/channel-logos-moldovenesti-full-v2/logos/1459-сгдф-24-hd-свердловск.png,http://epg.one/img/6762.png,png,165,165,8454,1,
1460,Раменское ТВ HD,Regionale,6763,http://c137c781.rossteleccom.net/iptv/WLSHARFG8FUEKR/19360/index.m3u8,saved,output/channel-logos-moldovenesti-full-v2/logos/1460-раменское-тв-hd.png,http://iptvx.one/picons/ramenskoe-tv.png,png,200,200,14999,4,
1461,Прима HD (Красноярск),Regionale,,http://c137c781.rossteleccom.net/iptv/WLSHARFG8FUEKR/19361/index.m3u8,saved,output/channel-logos-moldovenesti-full-v2/logos/1461-прима-hd-красноярск.png,http://epg.one/img/5818.png,png,165,165,13833,1,
1462,Первый Тульский HD,Regionale,7382,http://c137c781.rossteleccom.net/iptv/WLSHARFG8FUEKR/19362/index.m3u8,saved,output/channel-logos-moldovenesti-full-v2/logos/1462-первыи-тульскии-hd.png,http://epg.pw/media/images/epg/2024/06/08/20240608033718657364_30.png,png,200,200,21830,5,
1463,Эхо 24 (Новоуральск),Regionale,,http://c137c781.rossteleccom.net/iptv/WLSHARFG8FUEKR/19375/index.m3u8,saved,output/channel-logos-moldovenesti-full-v2/logos/1463-эхо-24-новоуральск.png,http://epg.one/img/6776.png,png,165,165,9556,1,
1464,Туапсе 24 HD,Regionale,6573,http://c137c781.rossteleccom.net/iptv/WLSHARFG8FUEKR/19380/index.m3u8,saved,output/channel-logos-moldovenesti-full-v2/logos/1464-туапсе-24-hd.png,http://epg.pw/media/images/epg/2024/06/08/20240608025108222000_91.png,png,200,200,11856,5,
1465,Тивиком HD (Улан-Удэ),Regionale,,http://c137c781.rossteleccom.net/iptv/WLSHARFG8FUEKR/19381/index.m3u8,saved,output/channel-logos-moldovenesti-full-v2/logos/1465-тивиком-hd-улан-удэ.png,http://epg.one/img/6782.png,png,165,165,9217,1,
1466,ТЕО ТВ HD (Москва),Regionale,,http://c137c781.rossteleccom.net/iptv/WLSHARFG8FUEKR/19382/index.m3u8,saved,output/channel-logos-moldovenesti-full-v2/logos/1466-тео-тв-hd-москва.png,http://iptvx.one/picons/teotv.png,png,200,200,19213,2,
1467,Теледом ТВ HD (Санкт-Петербург),Regionale,,http://c137c781.rossteleccom.net/iptv/WLSHARFG8FUEKR/19383/index.m3u8,saved,output/channel-logos-moldovenesti-full-v2/logos/1467-теледом-тв-hd-санкт-петербург.png,http://iptvx.one/picons/sankt-peterburg.png,png,200,200,11463,6,
1468,ТРК555 HD (Алушта),Regionale,,http://c137c781.rossteleccom.net/iptv/WLSHARFG8FUEKR/19386/index.m3u8,saved,output/channel-logos-moldovenesti-full-v2/logos/1468-трк555-hd-алушта.png,http://epg.one/img/6787.png,png,165,165,12468,1,
1469,ТВК HD (Красноярск),Regionale,,http://c137c781.rossteleccom.net/iptv/WLSHARFG8FUEKR/19388/index.m3u8,saved,output/channel-logos-moldovenesti-full-v2/logos/1469-твк-hd-красноярск.png,http://iptvx.one/picons/tvk-krasnoyarsk.png,png,200,200,7034,2,
1470,ТВ7 (Абакан),Regionale,,http://c137c781.rossteleccom.net/iptv/WLSHARFG8FUEKR/19389/index.m3u8,saved,output/channel-logos-moldovenesti-full-v2/logos/1470-тв7-абакан.png,http://epg.one/img/5775.png,png,165,165,13383,1,
1471,Сургут 86 HD,Regionale,,http://c137c781.rossteleccom.net/iptv/WLSHARFG8FUEKR/19390/index.m3u8,saved,output/channel-logos-moldovenesti-full-v2/logos/1471-сургут-86-hd.png,http://iptvx.one/picons/86-surgut.png,png,200,200,9789,2,
1472,Север HD (Нарьян-Мар),Regionale,,http://c137c781.rossteleccom.net/iptv/WLSHARFG8FUEKR/20116/index.m3u8,saved,output/channel-logos-moldovenesti-full-v2/logos/1472-север-hd-нарьян-мар.png,http://epg.one/img/7690.png,png,165,165,8459,1,
1473,11 канал. Экспресс (Пенза),Regionale,88053,http://c137c781.rossteleccom.net/iptv/WLSHARFG8FUEKR/20118/index.m3u8,saved,output/channel-logos-moldovenesti-full-v2/logos/1473-11-канал-экспресс-пенза.png,http://iptvx.one/picons/11kanal-usole.png,png,200,200,26942,6,
1474,Саратов 24 HD,Regionale,7693,http://c137c781.rossteleccom.net/iptv/WLSHARFG8FUEKR/20119/index.m3u8,saved,output/channel-logos-moldovenesti-full-v2/logos/1474-саратов-24-hd.png,http://iptvx.one/picons/saratov-24.png,png,200,200,9806,4,
1475,Самара 24 HD,Regionale,6633,http://c137c781.rossteleccom.net/iptv/WLSHARFG8FUEKR/20120/index.m3u8,saved,output/channel-logos-moldovenesti-full-v2/logos/1475-самара-24-hd.png,http://epg.pw/media/images/epg/2024/06/08/20240608025441964799_23.png,png,200,200,12327,5,
1476,НВК Саха HD (Якутия),Regionale,,http://c137c781.rossteleccom.net/iptv/WLSHARFG8FUEKR/20125/index.m3u8,saved,output/channel-logos-moldovenesti-full-v2/logos/1476-нвк-саха-hd-якутия.png,http://iptvx.one/picons/saxa.png,png,200,200,9872,2,
1477,Кузбасс Первый HD (Кемерево),Regionale,,http://c137c781.rossteleccom.net/iptv/WLSHARFG8FUEKR/20128/index.m3u8,saved,output/channel-logos-moldovenesti-full-v2/logos/1477-кузбасс-первыи-hd-кемерево.png,http://iptvx.one/picons/kuzbas1.png,png,200,200,13684,2,
1478,Восток 24 HD (Владивосток),Regionale,,http://c137c781.rossteleccom.net/iptv/WLSHARFG8FUEKR/20131/index.m3u8,saved,output/channel-logos-moldovenesti-full-v2/logos/1478-восток-24-hd-владивосток.png,http://iptvx.one/picons/vostok-24.png,png,200,200,6989,2,
1479,Брянская Губерния HD,Regionale,6954,http://c137c781.rossteleccom.net/iptv/WLSHARFG8FUEKR/20132/index.m3u8,saved,output/channel-logos-moldovenesti-full-v2/logos/1479-брянская-губерния-hd.png,http://epg.pw/media/images/epg/2024/06/08/20240608031247734483_82.png,png,200,200,12796,5,
1480,Арис 24 HD (Башкортостан),Regionale,,http://c137c781.rossteleccom.net/iptv/WLSHARFG8FUEKR/20134/index.m3u8,saved,output/channel-logos-moldovenesti-full-v2/logos/1480-арис-24-hd-башкортостан.png,http://iptvx.one/picons/aris24.png,png,200,200,10119,3,
1481,Ямал регион HD,Regionale,7250,http://c137c781.rossteleccom.net/iptv/WLSHARFG8FUEKR/31897/index.m3u8,saved,output/channel-logos-moldovenesti-full-v2/logos/1481-ямал-регион-hd.png,http://iptvx.one/picons/yamal-region.png,png,200,200,14457,5,
1482,360 (Иркутск),Regionale,11465,http://c137c781.rossteleccom.net/iptv/WLSHARFG8FUEKR/31909/index.m3u8,saved,output/channel-logos-moldovenesti-full-v2/logos/1482-360-иркутск.png,http://epg.one/img/11465.png,png,165,165,10070,3,
1483,25 Регион (Приморье),Regionale,11466,http://c137c781.rossteleccom.net/iptv/WLSHARFG8FUEKR/31919/index.m3u8,saved,output/channel-logos-moldovenesti-full-v2/logos/1483-25-регион-приморье.png,http://iptvx.one/picons/25-region-vladik.png,png,200,200,5544,4,
1484,ЛТВ HD (Люберцы),Regionale,11467,http://c137c781.rossteleccom.net/iptv/WLSHARFG8FUEKR/31927/index.m3u8,saved,output/channel-logos-moldovenesti-full-v2/logos/1484-лтв-hd-люберцы.png,http://iptvx.one/picons/ltv-lubercy.png,png,200,200,6338,4,
1485,Женский Журнал HD,Teleshopping,,http://c137c781.rossteleccom.net/iptv/WLSHARFG8FUEKR/20010/index.m3u8,saved,output/channel-logos-moldovenesti-full-v2/logos/1485-женскии-журнал-hd.png,http://iptvx.one/picons/womens-magazine.png,png,200,200,14235,2,
1486,Россия 1 FHD,Generale,,http://c137c781.rossteleccom.net/iptv/WLSHARFG8FUEKR/2409/index.m3u8,saved,output/channel-logos-moldovenesti-full-v2/logos/1486-россия-1-fhd.png,http://iptvx.one/picons/rossia1-pl6.png,png,200,200,9593,8,
1487,Россия 1 HD 50,Generale,,http://c137c781.rossteleccom.net/iptv/WLSHARFG8FUEKR/15133/index.m3u8,saved,output/channel-logos-moldovenesti-full-v2/logos/1487-россия-1-hd-50.png,http://iptvx.one/picons/rossia1-pl6.png,png,200,200,9593,8,
1488,НТВ HD,Generale,ntv-hd,http://c137c781.rossteleccom.net/iptv/WLSHARFG8FUEKR/213/index.m3u8,saved,output/channel-logos-moldovenesti-full-v2/logos/1488-нтв-hd.png,http://iptvx.one/picons/ntv.png,png,200,200,23472,5,
1489,НТВ Хит HD,Generale,ntv-hit-hd,http://c137c781.rossteleccom.net/iptv/WLSHARFG8FUEKR/16062/index.m3u8,saved,output/channel-logos-moldovenesti-full-v2/logos/1489-нтв-хит-hd.png,http://iptvx.one/picons/ntv-xit.png,png,200,200,11237,7,
1490,НТВ Мир,Generale,ntv-mir,http://c137c781.rossteleccom.net/iptv/WLSHARFG8FUEKR/14035/index.m3u8,saved,output/channel-logos-moldovenesti-full-v2/logos/1490-нтв-мир.png,https://iptvx.one/picons/ntv-mir.png,png,200,200,26568,4,
1491,Пятый канал,Generale,7236,http://c137c781.rossteleccom.net/iptv/WLSHARFG8FUEKR/112/index.m3u8,saved,output/channel-logos-moldovenesti-full-v2/logos/1491-пятыи-канал.png,http://iptvx.one/picons/5kanal-ru-pl4.png,png,200,200,5579,8,
1492,Первый канал FHD,Generale,pervyj,http://c137c781.rossteleccom.net/iptv/WLSHARFG8FUEKR/2402/index.m3u8,saved,output/channel-logos-moldovenesti-full-v2/logos/1492-первыи-канал-fhd.png,http://iptvx.one/picons/pervy.png,png,200,200,29750,8,
1493,РЕН ТВ HD,Generale,ren-tv-hd,http://c137c781.rossteleccom.net/iptv/WLSHARFG8FUEKR/2024/index.m3u8,saved,output/channel-logos-moldovenesti-full-v2/logos/1493-рен-тв-hd.png,http://iptvx.one/picons/rentv-istoki.png,png,200,200,15919,8,
1494,Домашний HD,Generale,domashnij-hd,http://c137c781.rossteleccom.net/iptv/WLSHARFG8FUEKR/15116/index.m3u8,saved,output/channel-logos-moldovenesti-full-v2/logos/1494-домашнии-hd.png,http://iptvx.one/picons/domashny.png,png,200,200,26245,5,
1495,СТС Love,Generale,sts-love,http://c137c781.rossteleccom.net/iptv/WLSHARFG8FUEKR/103/index.m3u8,saved,output/channel-logos-moldovenesti-full-v2/logos/1495-стс-love.png,http://iptvx.one/picons/sts-love.png,png,200,200,8705,8,
1496,ТВЦ International,Generale,5691,http://c137c781.rossteleccom.net/iptv/WLSHARFG8FUEKR/15229/index.m3u8,saved,output/channel-logos-moldovenesti-full-v2/logos/1496-твц-international.png,http://epg.one/img/5691.png,png,165,165,24326,3,
1497,ТНТ FHD,Generale,6280,http://c137c781.rossteleccom.net/iptv/WLSHARFG8FUEKR/2417/index.m3u8,saved,output/channel-logos-moldovenesti-full-v2/logos/1497-тнт-fhd.png,http://epg.pw/media/images/epg/2024/06/08/20240608023501953034_17.png,png,200,200,10206,7,
1498,ТНТ International HD,Generale,,http://c137c781.rossteleccom.net/iptv/WLSHARFG8FUEKR/15230/index.m3u8,saved,output/channel-logos-moldovenesti-full-v2/logos/1498-тнт-international-hd.png,http://iptvx.one/picons/tnt-int-by.png,png,200,200,12431,4,
1499,Звезда Плюс HD,Generale,zvezda-plus-hd,http://c137c781.rossteleccom.net/iptv/WLSHARFG8FUEKR/19230/index.m3u8,saved,output/channel-logos-moldovenesti-full-v2/logos/1499-звезда-плюс-hd.png,http://iptvx.one/picons/zvezda-plus.png,png,200,200,21233,7,
1500,Звезда HD,Generale,zvezda-hd,http://c137c781.rossteleccom.net/iptv/WLSHARFG8FUEKR/15115/index.m3u8,saved,output/channel-logos-moldovenesti-full-v2/logos/1500-звезда-hd.png,http://iptvx.one/picons/zvezda.png,png,200,200,11430,5,
1501,ТВ-3 HD,Generale,,http://c137c781.rossteleccom.net/iptv/WLSHARFG8FUEKR/5033/index.m3u8,saved,output/channel-logos-moldovenesti-full-v2/logos/1501-тв-3-hd.png,http://iptvx.one/picons/tv3-by.png,png,200,200,34992,8,
1502,Пятница! HD,Generale,piatnica-hd,http://c137c781.rossteleccom.net/iptv/WLSHARFG8FUEKR/5031/index.m3u8,saved,output/channel-logos-moldovenesti-full-v2/logos/1502-пятница-hd.png,http://iptvx.one/picons/piatnica.png,png,200,200,11003,5,
1503,Мир HD,Generale,mir-hd,http://c137c781.rossteleccom.net/iptv/WLSHARFG8FUEKR/15119/index.m3u8,saved,output/channel-logos-moldovenesti-full-v2/logos/1503-мир-hd.png,http://iptvx.one/picons/mir.png,png,200,200,27599,5,
1504,Открытый мир,Generale,6469,http://c137c781.rossteleccom.net/iptv/WLSHARFG8FUEKR/2078/index.m3u8,saved,output/channel-logos-moldovenesti-full-v2/logos/1504-открытыи-мир.png,http://epg.pw/media/images/epg/2024/06/08/20240608021602213882_71.png,png,200,200,32529,6,
1505,ОТР HD,Generale,otr-hd,http://c137c781.rossteleccom.net/iptv/WLSHARFG8FUEKR/20018/index.m3u8,saved,output/channel-logos-moldovenesti-full-v2/logos/1505-отр-hd.png,http://iptvx.one/picons/otr.png,png,200,200,5133,5,
1506,Че!,Generale,4e,http://c137c781.rossteleccom.net/iptv/WLSHARFG8FUEKR/513/index.m3u8,saved,output/channel-logos-moldovenesti-full-v2/logos/1506-че.png,http://iptvx.one/picons/che.png,png,200,200,25426,4,
1507,RTVi,Generale,rtvi,http://c137c781.rossteleccom.net/iptv/WLSHARFG8FUEKR/2086/index.m3u8,saved,output/channel-logos-moldovenesti-full-v2/logos/1507-rtvi.png,https://iptvx.one/picons/rtvi.png,png,200,200,10600,3,
1508,Ностальгия,Generale,nostalgia,http://c137c781.rossteleccom.net/iptv/WLSHARFG8FUEKR/102/index.m3u8,saved,output/channel-logos-moldovenesti-full-v2/logos/1508-ностальгия.png,https://iptvx.one/picons/nostalgia.png,png,200,200,9490,3,
1509,Ю ТВ,Generale,yu-tv,http://c137c781.rossteleccom.net/iptv/WLSHARFG8FUEKR/534/index.m3u8,saved,output/channel-logos-moldovenesti-full-v2/logos/1509-ю-тв.png,http://static.g-cdn.app/streams/yu-tv.png,png,220,132,9211,8,
1510,КВН ТВ,Generale,kvn-tv,http://c137c781.rossteleccom.net/iptv/WLSHARFG8FUEKR/546/index.m3u8,saved,output/channel-logos-moldovenesti-full-v2/logos/1510-квн-тв.png,https://iptvx.one/picons/kvn-tv.png,png,200,200,62818,4,
1511,Сарафан,Generale,sarafan,http://c137c781.rossteleccom.net/iptv/WLSHARFG8FUEKR/748/index.m3u8,saved,output/channel-logos-moldovenesti-full-v2/logos/1511-сарафан.png,https://iptvx.one/picons/sarafan.png,png,200,200,21530,3,
1512,Московское образование HD,Generale,,http://c137c781.rossteleccom.net/iptv/WLSHARFG8FUEKR/16043/index.m3u8,saved,output/channel-logos-moldovenesti-full-v2/logos/1512-московское-образование-hd.png,http://epg.one/img/6037.png,png,165,165,11082,1,
1513,Точка ТВ,Generale,,http://c137c781.rossteleccom.net/iptv/WLSHARFG8FUEKR/2053/index.m3u8,saved,output/channel-logos-moldovenesti-full-v2/logos/1513-точка-тв.png,http://iptvx.one/picons/tochka-tv.png,png,200,200,22353,2,
1514,360 HD,Generale,360.HD.tr,http://c137c781.rossteleccom.net/iptv/WLSHARFG8FUEKR/2065/index.m3u8,saved,output/channel-logos-moldovenesti-full-v2/logos/1514-360-hd.png,http://static.g-cdn.app/streams/360tv-lv.png,png,220,132,13130,5,
1515,СПАС,Generale,spas,http://c137c781.rossteleccom.net/iptv/WLSHARFG8FUEKR/983/index.m3u8,saved,output/channel-logos-moldovenesti-full-v2/logos/1515-спас.png,https://iptvx.one/picons/spas.png,png,200,200,30830,3,
1516,Союз,Generale,souz,http://c137c781.rossteleccom.net/iptv/WLSHARFG8FUEKR/2016/index.m3u8,saved,output/channel-logos-moldovenesti-full-v2/logos/1516-союз.png,http://iptvx.one/picons/soyuz.png,png,200,200,59434,4,
1517,Здоровое ТВ,Generale,7155,http://c137c781.rossteleccom.net/iptv/WLSHARFG8FUEKR/2022/index.m3u8,saved,output/channel-logos-moldovenesti-full-v2/logos/1517-здоровое-тв.png,http://epg.pw/media/images/epg/2024/06/08/20240608032400138845_34.png,png,200,200,30257,5,
1518,Психология,Generale,,http://c137c781.rossteleccom.net/iptv/WLSHARFG8FUEKR/2025/index.m3u8,missing,,,,,,,0,no_candidate_logo_url
1519,Успех,Generale,7012,http://c137c781.rossteleccom.net/iptv/WLSHARFG8FUEKR/2041/index.m3u8,saved,output/channel-logos-moldovenesti-full-v2/logos/1519-успех.png,http://epg.pw/media/images/epg/2024/06/08/20240608031622149169_68.png,png,200,200,29175,3,
1520,Кто есть кто,Generale,kto-est-kto,http://c137c781.rossteleccom.net/iptv/WLSHARFG8FUEKR/2042/index.m3u8,saved,output/channel-logos-moldovenesti-full-v2/logos/1520-кто-есть-кто.png,https://iptvx.one/picons/kto-est-kto.png,png,200,200,30453,4,
1521,Загородный,Generale,6524,http://c137c781.rossteleccom.net/iptv/WLSHARFG8FUEKR/2099/index.m3u8,saved,output/channel-logos-moldovenesti-full-v2/logos/1521-загородныи.png,http://epg.pw/media/images/epg/2024/06/08/20240608024842780922_14.png,png,200,200,25127,4,
1522,Красная линия,Generale,krasnaja-linija,http://c137c781.rossteleccom.net/iptv/WLSHARFG8FUEKR/2147/index.m3u8,saved,output/channel-logos-moldovenesti-full-v2/logos/1522-красная-линия.png,http://iptvx.one/picons/krasnaya-linia.png,png,200,200,15220,5,
1523,ЛДПР ТВ,Generale,7701,http://c137c781.rossteleccom.net/iptv/WLSHARFG8FUEKR/2110/index.m3u8,saved,output/channel-logos-moldovenesti-full-v2/logos/1523-лдпр-тв.png,http://epg.pw/media/images/epg/2024/06/08/20240608035456096335_34.png,png,200,200,7672,5,
1524,Хузур ТВ,Generale,354831,http://c137c781.rossteleccom.net/iptv/WLSHARFG8FUEKR/2150/index.m3u8,saved,output/channel-logos-moldovenesti-full-v2/logos/1524-хузур-тв.png,http://epg.pw/media/images/epg/2024/06/08/20240608022616396870_44.png,png,200,200,46373,5,
1525,GNC HD,Generale,,http://c137c781.rossteleccom.net/iptv/WLSHARFG8FUEKR/955/index.m3u8,missing,,,,,,,0,no_candidate_logo_url
1526,Вместе-РФ,Generale,5988,http://c137c781.rossteleccom.net/iptv/WLSHARFG8FUEKR/2073/index.m3u8,saved,output/channel-logos-moldovenesti-full-v2/logos/1526-вместе-рф.png,http://epg.pw/media/images/epg/2024/06/08/20240608021837947059_95.png,png,200,200,8274,6,
1527,Россия К,Generale,6227,http://c137c781.rossteleccom.net/iptv/WLSHARFG8FUEKR/505/index.m3u8,saved,output/channel-logos-moldovenesti-full-v2/logos/1527-россия-к.png,http://iptvx.one/picons/kultura-pl2.png,png,200,200,12681,8,
1528,Gametoon HD,Generale,Gametoon.HD.ro,http://c137c781.rossteleccom.net/iptv/WLSHARFG8FUEKR/5049/index.m3u8,saved,output/channel-logos-moldovenesti-full-v2/logos/1528-gametoon-hd.png,http://iptvx.one/picons/gametoon.png,png,200,200,33325,5,
1529,Ратник HD,Generale,7174,http://c137c781.rossteleccom.net/iptv/WLSHARFG8FUEKR/2119/index.m3u8,saved,output/channel-logos-moldovenesti-full-v2/logos/1529-ратник-hd.png,http://epg.pw/media/images/epg/2024/06/08/20240608032509766758_14.png,png,200,200,41222,5,
1530,Суббота! HD,Generale,super-hd,http://c137c781.rossteleccom.net/iptv/WLSHARFG8FUEKR/15118/index.m3u8,saved,output/channel-logos-moldovenesti-full-v2/logos/1530-суббота-hd.png,http://static.g-cdn.app/streams/super-hd.png,png,220,132,6126,4,
1531,RT Documentary HD,Generale,,http://c137c781.rossteleccom.net/iptv/WLSHARFG8FUEKR/14157/index.m3u8,saved,output/channel-logos-moldovenesti-full-v2/logos/1531-rt-documentary-hd.png,http://epg.one/img/2295.png,png,165,165,31428,1,
1532,MS Crime HD,Generale,483194,http://c137c781.rossteleccom.net/iptv/WLSHARFG8FUEKR/15136/index.m3u8,saved,output/channel-logos-moldovenesti-full-v2/logos/1532-ms-crime-hd.png,http://epg.pw/media/images/epg/2025/12/02/20251202022104455775_52.png,png,200,200,15519,5,
1533,БСТ 24 (Братск),Generale,9621,http://c137c781.rossteleccom.net/iptv/WLSHARFG8FUEKR/15359/index.m3u8,saved,output/channel-logos-moldovenesti-full-v2/logos/1533-бст-24-братск.png,http://epg.one/img/9621.png,png,165,165,9061,3,
1534,БТК HD (Белорецк),Generale,9157,http://c137c781.rossteleccom.net/iptv/WLSHARFG8FUEKR/15371/index.m3u8,saved,output/channel-logos-moldovenesti-full-v2/logos/1534-бтк-hd-белорецк.png,http://epg.one/img/9157.png,png,165,165,9999,3,
1535,ОТВ (Владивосток),Generale,,http://c137c781.rossteleccom.net/iptv/WLSHARFG8FUEKR/15476/index.m3u8,saved,output/channel-logos-moldovenesti-full-v2/logos/1535-отв-владивосток.png,http://epg.one/img/5867.png,png,165,165,17921,1,
1536,Дождь HD,Generale,dozhd-hd,http://c137c781.rossteleccom.net/iptv/WLSHARFG8FUEKR/20083/index.m3u8,saved,output/channel-logos-moldovenesti-full-v2/logos/1536-дождь-hd.png,http://iptvx.one/picons/dozhd.png,png,200,200,12140,5,
1537,Trece HD ES,Generale,11462,http://c137c781.rossteleccom.net/iptv/WLSHARFG8FUEKR/31885/index.m3u8,saved,output/channel-logos-moldovenesti-full-v2/logos/1537-trece-hd-es.png,http://epg.one/img/11462.png,png,165,165,10671,3,
1538,Патриот,Generale,patriot,http://c137c781.rossteleccom.net/iptv/WLSHARFG8FUEKR/31928/index.m3u8,saved,output/channel-logos-moldovenesti-full-v2/logos/1538-патриот.png,https://iptvx.one/picons/patriot.png,png,200,200,20105,4,
